{"two":{"fields":[{"name":"num","type":"varchar","explain":"\u5408\u540c\u7f16\u53f7","types":"varchar(30)","dev":null,"isnull":"YES","lens":"30"},{"name":"custname","type":"varchar","explain":"\u540d\u79f0","types":"varchar(50)","dev":null,"isnull":"YES","lens":"50"},{"name":"htmoney","type":"decimal","explain":"","types":"decimal(10,2)","dev":"0.00","isnull":"NO","lens":null},{"name":"daishou","type":"decimal","explain":"","types":"decimal(11,2)","dev":null,"isnull":"YES","lens":null},{"name":"yishou","type":"decimal","explain":"","types":"decimal(10,2)","dev":"0.00","isnull":"YES","lens":null},{"name":"dayt","type":"date","explain":"\u7533\u8bf7\u65e5\u671f","types":"date","dev":null,"isnull":"YES","lens":null}],"data":[{"num":"20200605001","custname":null,"htmoney":"8000.00","daishou":"0.00","yishou":"8000.00","dayt":"2020-06-05"},{"num":"20200611001","custname":null,"htmoney":"2980.00","daishou":"0.00","yishou":"2980.00","dayt":"2020-06-11"},{"num":"20200617001","custname":null,"htmoney":"20000.00","daishou":"0.00","yishou":"20000.00","dayt":"2020-06-17"},{"num":"20200619001","custname":null,"htmoney":"20000.00","daishou":"10000.00","yishou":"10000.00","dayt":"2020-06-19"},{"num":"20200624001","custname":null,"htmoney":"500000.00","daishou":"0.00","yishou":"500000.00","dayt":"2020-06-24"},{"num":"PAY20200624002","custname":null,"htmoney":"30000.00","daishou":"0.00","yishou":"30000.00","dayt":"2020-06-24"},{"num":"20200624003","custname":null,"htmoney":"10000.00","daishou":"0.00","yishou":"10000.00","dayt":"2020-06-24"},{"num":"20200628002","custname":null,"htmoney":"20000.00","daishou":"10000.00","yishou":"10000.00","dayt":"2020-06-28"},{"num":"20200628003","custname":null,"htmoney":"20000.00","daishou":"0.00","yishou":"20000.00","dayt":"2020-06-28"},{"num":"20200628004","custname":null,"htmoney":"1000.00","daishou":"0.00","yishou":"1000.00","dayt":"2020-06-28"},{"num":"PAY20200628002","custname":null,"htmoney":"1000.00","daishou":"0.00","yishou":"1000.00","dayt":"2020-06-28"},{"num":"20200624005","custname":null,"htmoney":"100000.00","daishou":"80000.00","yishou":"20000.00","dayt":"2020-06-24"},{"num":"20200624005","custname":null,"htmoney":"100000.00","daishou":"60000.00","yishou":"40000.00","dayt":"2020-06-24"},{"num":"20200628005","custname":null,"htmoney":"60000.00","daishou":"40000.00","yishou":"20000.00","dayt":"2020-06-28"},{"num":"20200630001","custname":null,"htmoney":"1000.00","daishou":"0.00","yishou":"1000.00","dayt":"2020-06-30"},{"num":"20200701001","custname":null,"htmoney":"50000.00","daishou":"40000.00","yishou":"10000.00","dayt":"2020-07-01"},{"num":"PAY20200701001","custname":null,"htmoney":"20000.00","daishou":"10000.00","yishou":"10000.00","dayt":"2020-07-01"},{"num":"20200701001","custname":null,"htmoney":"50000.00","daishou":"10000.00","yishou":"40000.00","dayt":"2020-07-01"},{"num":"20200701001","custname":null,"htmoney":"50000.00","daishou":"30000.00","yishou":"20000.00","dayt":"2020-07-01"},{"num":"20200701004","custname":null,"htmoney":"15000.00","daishou":"0.00","yishou":"15000.00","dayt":"2020-07-01"},{"num":"PAY20200701004","custname":null,"htmoney":"10000.00","daishou":"0.00","yishou":"10000.00","dayt":"2020-07-01"},{"num":"20200701005","custname":null,"htmoney":"10000.00","daishou":"0.00","yishou":"10000.00","dayt":"2020-07-01"},{"num":"20200701004","custname":null,"htmoney":"15000.00","daishou":"14902.00","yishou":"98.00","dayt":"2020-07-01"},{"num":"20200702001","custname":null,"htmoney":"120000.00","daishou":"20000.00","yishou":"100000.00","dayt":"2020-07-02"},{"num":"PAY20200628003","custname":null,"htmoney":"40000.00","daishou":"32000.00","yishou":"8000.00","dayt":"2020-06-28"},{"num":"20200702003","custname":null,"htmoney":"200000.00","daishou":"100000.00","yishou":"100000.00","dayt":"2020-07-02"},{"num":"PAY20200702001","custname":null,"htmoney":"30000.00","daishou":"15000.00","yishou":"15000.00","dayt":"2020-07-02"},{"num":"PAY20200702002","custname":null,"htmoney":"10000.00","daishou":"0.00","yishou":"10000.00","dayt":"2020-07-02"},{"num":"PAY20200702003","custname":null,"htmoney":"6000.00","daishou":"0.00","yishou":"6000.00","dayt":"2020-07-02"},{"num":"PAY20200702004","custname":null,"htmoney":"50000.00","daishou":"40000.00","yishou":"10000.00","dayt":"2020-07-02"},{"num":"20200702007","custname":null,"htmoney":"0.00","daishou":"-32800.00","yishou":"32800.00","dayt":"2020-07-02"},{"num":"20200701006","custname":null,"htmoney":"20000.00","daishou":"0.00","yishou":"20000.00","dayt":"2020-07-01"},{"num":"20200703001","custname":null,"htmoney":"40000.00","daishou":"20000.00","yishou":"20000.00","dayt":"2020-07-03"},{"num":"20200703002","custname":null,"htmoney":"20000.00","daishou":"0.00","yishou":"20000.00","dayt":"2020-07-03"},{"num":"20200710001","custname":null,"htmoney":"10000.00","daishou":"0.00","yishou":"10000.00","dayt":"2020-07-10"},{"num":"20200719001","custname":null,"htmoney":"100.00","daishou":"0.00","yishou":"100.00","dayt":"2020-07-19"},{"num":"PAY20200721006","custname":null,"htmoney":"500000.00","daishou":"300000.00","yishou":"200000.00","dayt":"2020-07-21"},{"num":"20200721008","custname":null,"htmoney":"50000.00","daishou":"0.00","yishou":"50000.00","dayt":"2020-07-21"},{"num":"PAY20200721008","custname":null,"htmoney":"15120.00","daishou":"0.00","yishou":"15120.00","dayt":"2020-07-21"},{"num":"PAY20200722002","custname":null,"htmoney":"30250.00","daishou":"0.00","yishou":"30250.00","dayt":"2020-07-22"},{"num":"20200722003","custname":null,"htmoney":"294488.00","daishou":"0.00","yishou":"294488.00","dayt":"2020-07-22"},{"num":"PAY20200722004","custname":null,"htmoney":"200000.00","daishou":"0.00","yishou":"200000.00","dayt":"2020-07-22"},{"num":"PAY20200722005","custname":null,"htmoney":"6400.00","daishou":"0.00","yishou":"6400.00","dayt":"2020-07-22"},{"num":"PAY20200722006","custname":null,"htmoney":"74836.00","daishou":"0.00","yishou":"74836.00","dayt":"2020-07-22"},{"num":"20200722001","custname":null,"htmoney":"50000.00","daishou":"0.00","yishou":"50000.00","dayt":"2020-07-22"},{"num":"20200722007","custname":null,"htmoney":"10000.00","daishou":"0.00","yishou":"10000.00","dayt":"2020-07-22"},{"num":"PAY20200722001","custname":null,"htmoney":"50000.00","daishou":"0.00","yishou":"50000.00","dayt":"2020-07-22"},{"num":"PAY20200722003","custname":null,"htmoney":"294488.00","daishou":"0.00","yishou":"294488.00","dayt":"2020-07-22"},{"num":"20200722009","custname":null,"htmoney":"500000.00","daishou":"0.00","yishou":"500000.00","dayt":"2020-07-22"},{"num":"PAY20200805001","custname":null,"htmoney":"20000.00","daishou":"0.00","yishou":"20000.00","dayt":"2020-08-05"}]}}