{"xinhu_knowledge":{"fields":[{"name":"id","type":"int","explain":"","types":"int(11)","dev":null,"isnull":"NO","lens":null},{"name":"title","type":"varchar","explain":"\u6807\u9898","types":"varchar(50)","dev":null,"isnull":"YES","lens":"50"},{"name":"typeid","type":"smallint","explain":"\u5bf9\u5e94\u5206\u7c7b","types":"smallint(6)","dev":"0","isnull":"YES","lens":null},{"name":"sort","type":"smallint","explain":"\u6392\u5e8f","types":"smallint(6)","dev":"0","isnull":"YES","lens":null},{"name":"content","type":"text","explain":"","types":"text","dev":null,"isnull":"YES","lens":"65535"},{"name":"optdt","type":"datetime","explain":"","types":"datetime","dev":null,"isnull":"YES","lens":null},{"name":"optname","type":"varchar","explain":"","types":"varchar(20)","dev":null,"isnull":"YES","lens":"20"},{"name":"adddt","type":"datetime","explain":"","types":"datetime","dev":null,"isnull":"YES","lens":null},{"name":"comid","type":"smallint","explain":"\u5bf9\u5e94\u5355\u4f4did","types":"smallint(6)","dev":"0","isnull":"YES","lens":null}],"data":[]}}