{"xinhu_hrdemint":{"fields":[{"name":"id","type":"int","explain":"","types":"int(11)","dev":null,"isnull":"NO","lens":null},{"name":"uid","type":"smallint","explain":"","types":"smallint(6)","dev":"0","isnull":"YES","lens":null},{"name":"optdt","type":"datetime","explain":"\u64cd\u4f5c\u65f6\u95f4","types":"datetime","dev":null,"isnull":"YES","lens":null},{"name":"optid","type":"smallint","explain":"","types":"smallint(6)","dev":"0","isnull":"YES","lens":null},{"name":"optname","type":"varchar","explain":"\u64cd\u4f5c\u4eba","types":"varchar(20)","dev":null,"isnull":"YES","lens":"20"},{"name":"type","type":"tinyint","explain":"0\u9700\u6c42,1\u9762\u8bd5","types":"tinyint(1)","dev":"0","isnull":"YES","lens":null},{"name":"applydt","type":"date","explain":"\u7533\u8bf7\u65e5\u671f","types":"date","dev":null,"isnull":"YES","lens":null},{"name":"explain","type":"varchar","explain":"\u8bf4\u660e","types":"varchar(500)","dev":null,"isnull":"YES","lens":"500"},{"name":"status","type":"tinyint","explain":"\u72b6\u6001","types":"tinyint(1)","dev":"1","isnull":"YES","lens":null},{"name":"isturn","type":"tinyint","explain":"\u662f\u5426\u63d0\u4ea4","types":"tinyint(1)","dev":"1","isnull":"YES","lens":null},{"name":"zhiwei","type":"varchar","explain":"\u9700\u6c42\u804c\u4f4d","types":"varchar(50)","dev":null,"isnull":"YES","lens":"50"},{"name":"xinzi","type":"varchar","explain":"\u85aa\u8d44","types":"varchar(50)","dev":null,"isnull":"YES","lens":"50"},{"name":"renshu","type":"smallint","explain":"\u9700\u6c42\u4eba\u6570","types":"smallint(6)","dev":"1","isnull":"YES","lens":null},{"name":"content","type":"varchar","explain":"\u804c\u4f4d\u8981\u6c42\/\u9762\u8bd5\u8005\u7b80\u5386","types":"varchar(2000)","dev":null,"isnull":"YES","lens":"2000"},{"name":"bumen","type":"varchar","explain":"\u9700\u6c42\u90e8\u95e8","types":"varchar(50)","dev":null,"isnull":"YES","lens":"50"},{"name":"name","type":"varchar","explain":"\u59d3\u540d","types":"varchar(20)","dev":null,"isnull":"YES","lens":"20"},{"name":"msuser","type":"varchar","explain":"\u9762\u8bd5\u4eba\u5458","types":"varchar(50)","dev":null,"isnull":"YES","lens":"50"},{"name":"msuserid","type":"varchar","explain":"\u9762\u8bd5\u4eba\u5458\u7684ID","types":"varchar(50)","dev":null,"isnull":"YES","lens":"50"},{"name":"mscont","type":"varchar","explain":"\u9762\u8bd5\u8bb0\u5f55","types":"varchar(2000)","dev":null,"isnull":"YES","lens":"2000"},{"name":"state","type":"tinyint","explain":"\u9762\u8bd5\u7ed3\u679c0\u5f85\u9762\u8bd5,1\u5f55\u7528,2\u4e0d\u9002\u5408","types":"tinyint(1)","dev":"0","isnull":"YES","lens":null},{"name":"msdt","type":"datetime","explain":"\u9762\u8bd5\u65f6\u95f4","types":"datetime","dev":null,"isnull":"YES","lens":null},{"name":"comid","type":"smallint","explain":"\u5bf9\u5e94\u5355\u4f4did","types":"smallint(6)","dev":"0","isnull":"YES","lens":null}],"data":[]}}