{"xinhu_goodn":{"fields":[{"name":"id","type":"int","explain":"","types":"int(11)","dev":null,"isnull":"NO","lens":null},{"name":"mid","type":"smallint","explain":"\u5bf9\u5e94\u4e3b\u8868","types":"smallint(6)","dev":"0","isnull":"YES","lens":null},{"name":"aid","type":"smallint","explain":"\u7269\u54c1Id","types":"smallint(6)","dev":"0","isnull":"YES","lens":null},{"name":"count","type":"smallint","explain":"\u6570\u91cf","types":"smallint(6)","dev":"0","isnull":"YES","lens":null},{"name":"couns","type":"smallint","explain":"\u5df2\u51fa\u5e93\u5165\u5e93\u6570\u8ddfcount\u76f8\u7b49\u65f6\u5c31\u5168\u90e8\u4e86","types":"smallint(6)","dev":"0","isnull":"YES","lens":null},{"name":"sort","type":"smallint","explain":"","types":"smallint(6)","dev":"0","isnull":"YES","lens":null},{"name":"unit","type":"varchar","explain":"\u5355\u4f4d","types":"varchar(5)","dev":null,"isnull":"YES","lens":"5"},{"name":"price","type":"decimal","explain":"\u5355\u4ef7","types":"decimal(10,2)","dev":"0.00","isnull":"YES","lens":null},{"name":"comid","type":"smallint","explain":"\u5bf9\u5e94\u5355\u4f4did","types":"smallint(6)","dev":"0","isnull":"YES","lens":null}],"data":[]}}