{"xinhu_hrkaohes":{"fields":[{"name":"id","type":"int","explain":"","types":"int(11)","dev":null,"isnull":"NO","lens":null},{"name":"mid","type":"smallint","explain":"\u5bf9\u5e94\u4e3b\u8868hrkaohem.id","types":"smallint(6)","dev":"0","isnull":"YES","lens":null},{"name":"sort","type":"smallint","explain":"\u6392\u5e8f\u53f7","types":"smallint(6)","dev":"0","isnull":"YES","lens":null},{"name":"itemname","type":"varchar","explain":"\u8003\u8bc4\u9879\u76ee","types":"varchar(200)","dev":null,"isnull":"YES","lens":"200"},{"name":"weight","type":"decimal","explain":"\u6743\u91cd(%)","types":"decimal(6,1)","dev":"0.0","isnull":"YES","lens":null},{"name":"comid","type":"smallint","explain":"\u5bf9\u5e94\u5355\u4f4did","types":"smallint(6)","dev":"0","isnull":"YES","lens":null}],"data":[]}}