{"xinhu_kqinfo":{"fields":[{"name":"id","type":"int","explain":"","types":"int(11)","dev":null,"isnull":"NO","lens":null},{"name":"uid","type":"smallint","explain":"","types":"smallint(6)","dev":"0","isnull":"YES","lens":null},{"name":"uname","type":"varchar","explain":"","types":"varchar(20)","dev":null,"isnull":"YES","lens":"20"},{"name":"stime","type":"datetime","explain":"","types":"datetime","dev":null,"isnull":"YES","lens":null},{"name":"etime","type":"datetime","explain":"","types":"datetime","dev":null,"isnull":"YES","lens":null},{"name":"kind","type":"varchar","explain":"\u7c7b\u578b","types":"varchar(10)","dev":null,"isnull":"YES","lens":"10"},{"name":"qjkind","type":"varchar","explain":"\u8bf7\u5047\u7c7b\u578b","types":"varchar(20)","dev":null,"isnull":"YES","lens":"20"},{"name":"explain","type":"varchar","explain":"","types":"varchar(200)","dev":null,"isnull":"YES","lens":"200"},{"name":"status","type":"tinyint","explain":"\u72b6\u6001","types":"tinyint(1)","dev":"0","isnull":"YES","lens":null},{"name":"totals","type":"decimal","explain":"\u65f6\u95f4","types":"decimal(6,1)","dev":"0.0","isnull":"YES","lens":null},{"name":"optdt","type":"datetime","explain":"","types":"datetime","dev":null,"isnull":"YES","lens":null},{"name":"isturn","type":"tinyint","explain":"\u662f\u5426\u63d0\u4ea4","types":"tinyint(1)","dev":"0","isnull":"YES","lens":null},{"name":"optname","type":"varchar","explain":"","types":"varchar(20)","dev":null,"isnull":"YES","lens":"20"},{"name":"optid","type":"smallint","explain":"","types":"smallint(6)","dev":"0","isnull":"YES","lens":null},{"name":"applydt","type":"date","explain":"\u7533\u8bf7\u65e5\u671f","types":"date","dev":null,"isnull":"YES","lens":null},{"name":"jiafee","type":"decimal","explain":"\u52a0\u73ed\u8d39","types":"decimal(6,2)","dev":"0.00","isnull":"YES","lens":null},{"name":"jiatype","type":"tinyint","explain":"\u52a0\u73ed\u65b9\u5f0f0\u6362\u8c03\u4f11,1\u7ed9\u52a0\u73ed\u8d39","types":"tinyint(1)","dev":"0","isnull":"YES","lens":null},{"name":"totday","type":"decimal","explain":"\u8bf7\u5047\u5929\u6570","types":"decimal(8,2)","dev":"0.00","isnull":"YES","lens":null},{"name":"enddt","type":"datetime","explain":"\u622a\u6b62\u4f7f\u7528\u65f6\u95f4","types":"datetime","dev":null,"isnull":"YES","lens":null},{"name":"comid","type":"smallint","explain":"\u5bf9\u5e94\u5355\u4f4did","types":"smallint(6)","dev":"0","isnull":"YES","lens":null}],"data":[]}}