{"xinhu_flow_cname":{"fields":[{"name":"id","type":"int","explain":"","types":"int(11)","dev":null,"isnull":"NO","lens":null},{"name":"num","type":"varchar","explain":"\u7f16\u53f7","types":"varchar(30)","dev":null,"isnull":"YES","lens":"30"},{"name":"name","type":"varchar","explain":"\u5ba1\u6838\u7ec4\u540d","types":"varchar(50)","dev":null,"isnull":"YES","lens":"50"},{"name":"checkid","type":"varchar","explain":"","types":"varchar(50)","dev":null,"isnull":"YES","lens":"50"},{"name":"checkname","type":"varchar","explain":"\u5ba1\u6838\u4eba","types":"varchar(50)","dev":null,"isnull":"YES","lens":"50"},{"name":"pid","type":"int","explain":"\u4e0a\u7ea7ID","types":"int(11)","dev":"0","isnull":"YES","lens":null},{"name":"receid","type":"varchar","explain":"","types":"varchar(300)","dev":null,"isnull":"YES","lens":"300"},{"name":"recename","type":"varchar","explain":"\u9002\u7528\u5bf9\u8c61","types":"varchar(500)","dev":null,"isnull":"YES","lens":"500"},{"name":"sort","type":"smallint","explain":"\u6392\u5e8f\u53f7","types":"smallint(6)","dev":"0","isnull":"YES","lens":null}],"data":[]}}