{"xinhu_custfina":{"fields":[{"name":"id","type":"int","explain":"","types":"int(11)","dev":null,"isnull":"NO","lens":null},{"name":"htid","type":"int","explain":"\u5408\u540cID","types":"int(11)","dev":"0","isnull":"YES","lens":null},{"name":"htnum","type":"varchar","explain":"","types":"varchar(20)","dev":null,"isnull":"YES","lens":"20"},{"name":"dt","type":"date","explain":"\u6240\u5c5e\u65e5\u671f","types":"date","dev":null,"isnull":"YES","lens":null},{"name":"uid","type":"smallint","explain":"","types":"smallint(6)","dev":"0","isnull":"YES","lens":null},{"name":"custid","type":"smallint","explain":"","types":"smallint(6)","dev":"0","isnull":"YES","lens":null},{"name":"custname","type":"varchar","explain":"\u5ba2\u6237\u540d\u79f0","types":"varchar(50)","dev":null,"isnull":"YES","lens":"50"},{"name":"optdt","type":"datetime","explain":"","types":"datetime","dev":null,"isnull":"YES","lens":null},{"name":"optname","type":"varchar","explain":"","types":"varchar(10)","dev":null,"isnull":"YES","lens":"10"},{"name":"money","type":"decimal","explain":"","types":"decimal(10,2)","dev":"0.00","isnull":"YES","lens":null},{"name":"type","type":"tinyint","explain":"0\u6536\u6b3e\u5355,1\u4ed8\u6b3e\u5355","types":"tinyint(1)","dev":"0","isnull":"YES","lens":null},{"name":"ispay","type":"tinyint","explain":"\u662f\u5426\u6536\u6b3e,\u4ed8\u6b3e","types":"tinyint(1)","dev":"0","isnull":"YES","lens":null},{"name":"paydt","type":"datetime","explain":"\u6536\u4ed8\u6b3e\u65f6\u95f4","types":"datetime","dev":null,"isnull":"YES","lens":null},{"name":"explain","type":"varchar","explain":"\u8bf4\u660e","types":"varchar(200)","dev":null,"isnull":"YES","lens":"200"},{"name":"createdt","type":"datetime","explain":"\u521b\u5efa\u65f6\u95f4","types":"datetime","dev":null,"isnull":"YES","lens":null},{"name":"createname","type":"varchar","explain":"","types":"varchar(10)","dev":null,"isnull":"YES","lens":"10"},{"name":"createid","type":"smallint","explain":"","types":"smallint(6)","dev":"0","isnull":"YES","lens":null},{"name":"ismove","type":"tinyint","explain":"\u662f\u5426\u8f6c\u79fb\u7684","types":"tinyint(1)","dev":"0","isnull":"YES","lens":null},{"name":"comid","type":"smallint","explain":"\u5bf9\u5e94\u5355\u4f4did","types":"smallint(6)","dev":"0","isnull":"YES","lens":null},{"name":"depart","type":"varchar","explain":"\u90e8\u95e8\u540d\u79f0  by andy.ma","types":"varchar(50)","dev":null,"isnull":"YES","lens":"50"},{"name":"accid","type":"int","explain":"\u5bf9\u5e94\u7684\u6536\u4ed8\u6b3e\u8d26\u6237 by andy.ma","types":"int(11)","dev":null,"isnull":"YES","lens":null},{"name":"paymtd","type":"int","explain":"\u4ed8\u6b3e\u65b9\u5f0f 1 \u73b0\u91d1 2 \u652f\u7968 3 \u8f6c\u8d26   by andy.ma","types":"int(11)","dev":null,"isnull":"YES","lens":null},{"name":"paytype","type":"int","explain":"0.\u5408\u540c \uff0c1.\u91c7\u8d2d\u4ed8\u6b3e\uff0c 2 \u5916\u534f\u4ed8\u6b3e  3.\u672a\u5b9a\u4e49\uff08\u5176\u4ed6\u6536\u5165\/\u652f\u51fa\uff09by andy.ma","types":"int(11)","dev":null,"isnull":"YES","lens":null},{"name":"departid","type":"int","explain":"\u90e8\u95e8\u7684ID  by andy.ma","types":"int(11)","dev":null,"isnull":"YES","lens":null},{"name":"qishu","type":"varchar","explain":"\u5bf9\u5e94\u7b2c\u51e0\u671f by andy.ma","types":"varchar(20)","dev":null,"isnull":"YES","lens":"20"},{"name":"optnameid","type":"smallint","explain":"\u6240\u5c5e\u4eba\u7684ID","types":"smallint(6)","dev":null,"isnull":"YES","lens":null},{"name":"optid","type":"int","explain":"","types":"int(11)","dev":"0","isnull":"YES","lens":null},{"name":"applydt","type":"date","explain":"\u7533\u8bf7\u65e5\u671f","types":"date","dev":null,"isnull":"YES","lens":null},{"name":"status","type":"tinyint","explain":"\u72b6\u6001","types":"tinyint(1)","dev":"1","isnull":"YES","lens":null},{"name":"isturn","type":"tinyint","explain":"\u662f\u5426\u63d0\u4ea4","types":"tinyint(1)","dev":"1","isnull":"YES","lens":null}],"data":[{"id":"12","htid":"13","htnum":"20200605001","dt":"2020-06-05","uid":"260","custid":"69","custname":"et","optdt":"2020-06-05 14:35:28","optname":"\u9f99\u9752\u4e91","money":"8000.00","type":"0","ispay":"1","paydt":"2020-06-05 14:34:35","explain":null,"createdt":"2020-06-05 14:35:28","createname":"\u9f99\u9752\u4e91","createid":"260","ismove":"0","comid":"169","depart":"\u6797\u8bd7\u742a","accid":"8","paymtd":"1","paytype":"0","departid":"253","qishu":null,"optnameid":"261","optid":"260","applydt":"2020-06-05","status":"1","isturn":"1"},{"id":"13","htid":"15","htnum":"20200611001","dt":"2020-06-11","uid":"260","custid":"69","custname":"et","optdt":"2020-06-11 17:31:17","optname":"\u9f99\u9752\u4e91","money":"2980.00","type":"0","ispay":"1","paydt":"2020-06-11 17:30:34","explain":null,"createdt":"2020-06-11 17:31:17","createname":"\u9f99\u9752\u4e91","createid":"260","ismove":"0","comid":"169","depart":"\u8d22\u52a1\u90e8","accid":"8","paymtd":"3","paytype":"0","departid":"255","qishu":null,"optnameid":"260","optid":"260","applydt":"2020-06-11","status":"1","isturn":"1"},{"id":"14","htid":"16","htnum":"20200617001","dt":"2020-06-17","uid":"280","custid":"71","custname":"\u4e00\u672c\u5e10","optdt":"2020-06-17 17:43:16","optname":"\u9752\u4e91","money":"20000.00","type":"0","ispay":"1","paydt":"2020-06-17 17:42:48","explain":null,"createdt":"2020-06-17 17:43:16","createname":"\u9752\u4e91","createid":"280","ismove":"0","comid":"180","depart":"\u9500\u552e1\u7ec4","accid":"10","paymtd":"3","paytype":"0","departid":"273","qishu":null,"optnameid":"280","optid":"280","applydt":"2020-06-17","status":"1","isturn":"1"},{"id":"15","htid":"17","htnum":"20200619001","dt":"2020-06-19","uid":"283","custid":"72","custname":"\u6d4b\u8bd5","optdt":"2020-06-19 15:55:31","optname":"\u51af\u4e9a\u519b","money":"10000.00","type":"0","ispay":"1","paydt":"2020-06-19 15:54:09","explain":null,"createdt":"2020-06-19 15:55:31","createname":"\u51af\u4e9a\u519b","createid":"283","ismove":"0","comid":"181","depart":"\u9500\u552e\u90e8","accid":"11","paymtd":"3","paytype":"0","departid":"276","qishu":"1","optnameid":"283","optid":"283","applydt":"2020-06-19","status":"1","isturn":"1"},{"id":"16","htid":"19","htnum":"20200624001","dt":"2020-06-24","uid":"287","custid":"74","custname":"\u7518\u5029","optdt":"2020-06-24 11:16:00","optname":"\u9648\u51ef","money":"500000.00","type":"0","ispay":"1","paydt":"2020-06-24 11:14:05","explain":null,"createdt":"2020-06-24 11:16:00","createname":"\u9648\u51ef","createid":"287","ismove":"0","comid":"184","depart":"\u9500\u552e\u90e8","accid":"13","paymtd":"3","paytype":"0","departid":"285","qishu":"1","optnameid":"287","optid":"287","applydt":"2020-06-24","status":"1","isturn":"1"},{"id":"17","htid":"22","htnum":"PAY20200624002","dt":"2020-06-24","uid":"287","custid":"76","custname":"\u98de\u98de","optdt":"2020-06-24 11:47:27","optname":"\u9648\u51ef","money":"30000.00","type":"1","ispay":"1","paydt":"2020-06-24 11:46:09","explain":null,"createdt":"2020-06-24 11:47:27","createname":"\u9648\u51ef","createid":"287","ismove":"0","comid":"184","depart":"\u9500\u552e\u90e8","accid":"13","paymtd":"3","paytype":"1","departid":"285","qishu":"1","optnameid":"287","optid":"287","applydt":"2020-06-24","status":"1","isturn":"1"},{"id":"18","htid":"24","htnum":"20200624003","dt":"2020-06-24","uid":"298","custid":"77","custname":"\u5f20\u4e09","optdt":"2020-06-24 15:10:05","optname":"\u4e00\u672c\u8d26\u79d1\u6280\u6d4b\u8bd5","money":"10000.00","type":"0","ispay":"1","paydt":"2020-06-24 15:09:20","explain":null,"createdt":"2020-06-24 15:10:05","createname":"\u4e00\u672c\u8d26\u79d1\u6280\u6d4b\u8bd5","createid":"298","ismove":"0","comid":"186","depart":"\u8d22\u52a1\u90e8","accid":"14","paymtd":"3","paytype":"0","departid":"295","qishu":null,"optnameid":"302","optid":"298","applydt":"2020-06-24","status":"1","isturn":"1"},{"id":"19","htid":"30","htnum":"20200628002","dt":"2020-06-28","uid":"329","custid":"84","custname":"\u6df1\u5733\u5e02\u542f\u7965\u88c5\u9970\u6709\u9650\u516c\u53f8","optdt":"2020-06-28 09:16:27","optname":"\u4e00\u672c\u8d26\u79d1\u6280","money":"10000.00","type":"0","ispay":"1","paydt":"2020-06-28 09:15:02","explain":null,"createdt":"2020-06-28 09:16:27","createname":"\u4e00\u672c\u8d26\u79d1\u6280","createid":"329","ismove":"0","comid":"193","depart":"\u8d22\u52a1\u90e8","accid":"16","paymtd":"3","paytype":"0","departid":"312","qishu":"1","optnameid":"329","optid":"329","applydt":"2020-06-28","status":"1","isturn":"1"},{"id":"20","htid":"32","htnum":"20200628003","dt":"2020-06-28","uid":"327","custid":"86","custname":"\u742a\u742a","optdt":"2020-06-28 09:41:25","optname":"\u536b\u5170","money":"20000.00","type":"0","ispay":"1","paydt":"2020-06-28 09:40:50","explain":null,"createdt":"2020-06-28 09:41:25","createname":"\u536b\u5170","createid":"327","ismove":"0","comid":"191","depart":"\u603b\u7ecf\u529e","accid":"17","paymtd":"3","paytype":"0","departid":"322","qishu":null,"optnameid":"327","optid":"327","applydt":"2020-06-28","status":"1","isturn":"1"},{"id":"21","htid":"33","htnum":"20200628004","dt":"2020-06-28","uid":"328","custid":"87","custname":"\u6881\u8363\u63d0","optdt":"2020-06-28 09:52:10","optname":"\u8d3a\u5929\u6167","money":"1000.00","type":"0","ispay":"1","paydt":"2020-06-28 09:51:18","explain":null,"createdt":"2020-06-28 09:52:10","createname":"\u8d3a\u5929\u6167","createid":"328","ismove":"0","comid":"192","depart":"\u8d22\u52a1\u90e8","accid":"18","paymtd":"3","paytype":"0","departid":"317","qishu":null,"optnameid":"328","optid":"328","applydt":"2020-06-28","status":"1","isturn":"1"},{"id":"22","htid":"34","htnum":"PAY20200628002","dt":"2020-06-28","uid":"328","custid":"88","custname":"\u9ec4\u6dd1\u60c5","optdt":"2020-06-28 09:53:31","optname":"\u8d3a\u5929\u6167","money":"1000.00","type":"1","ispay":"1","paydt":"2020-06-28 09:52:26","explain":null,"createdt":"2020-06-28 09:53:31","createname":"\u8d3a\u5929\u6167","createid":"328","ismove":"0","comid":"192","depart":"\u8d22\u52a1\u90e8","accid":"18","paymtd":"3","paytype":"2","departid":"317","qishu":null,"optnameid":"328","optid":"328","applydt":"2020-06-28","status":"1","isturn":"1"},{"id":"23","htid":"28","htnum":"20200624005","dt":"2020-06-28","uid":"322","custid":"83","custname":"\u5b59\u4e3d\u4e3d","optdt":"2020-06-28 10:09:21","optname":"\u9648\u51ef","money":"20000.00","type":"0","ispay":"1","paydt":"2020-06-28 10:07:26","explain":null,"createdt":"2020-06-28 10:09:21","createname":"\u9648\u51ef","createid":"322","ismove":"0","comid":"189","depart":"\u9500\u552e\u90e8","accid":"19","paymtd":"3","paytype":"0","departid":"307","qishu":"1","optnameid":"332","optid":"322","applydt":"2020-06-28","status":"1","isturn":"1"},{"id":"24","htid":"28","htnum":"20200624005","dt":"2020-06-28","uid":"322","custid":"83","custname":"\u5b59\u4e3d\u4e3d","optdt":"2020-06-28 10:10:28","optname":"\u9648\u51ef","money":"40000.00","type":"0","ispay":"1","paydt":"2020-06-28 10:09:36","explain":null,"createdt":"2020-06-28 10:10:28","createname":"\u9648\u51ef","createid":"322","ismove":"0","comid":"189","depart":"\u9500\u552e\u90e8","accid":"19","paymtd":"3","paytype":"0","departid":"307","qishu":"2","optnameid":"332","optid":"322","applydt":"2020-06-28","status":"1","isturn":"1"},{"id":"25","htid":"28","htnum":"20200624005","dt":"2020-06-28","uid":"322","custid":"83","custname":"\u5b59\u4e3d\u4e3d","optdt":"2020-06-28 10:11:51","optname":"\u9648\u51ef","money":"40000.00","type":"0","ispay":"0","paydt":"2020-06-28 10:10:33","explain":null,"createdt":"2020-06-28 10:11:51","createname":"\u9648\u51ef","createid":"322","ismove":"0","comid":"189","depart":"\u9500\u552e\u90e8","accid":"19","paymtd":"3","paytype":"0","departid":"307","qishu":"3","optnameid":"332","optid":"322","applydt":"2020-06-28","status":"1","isturn":"1"},{"id":"26","htid":"36","htnum":"20200628005","dt":"2020-06-28","uid":"322","custid":"81","custname":"\u7518\u5029","optdt":"2020-06-28 10:17:40","optname":"\u9648\u51ef","money":"20000.00","type":"0","ispay":"1","paydt":"2020-06-10 00:00:00","explain":null,"createdt":"2020-06-28 10:17:40","createname":"\u9648\u51ef","createid":"322","ismove":"0","comid":"189","depart":"\u9500\u552e\u90e8","accid":"19","paymtd":"3","paytype":"0","departid":"307","qishu":"1","optnameid":"331","optid":"322","applydt":"2020-06-28","status":"1","isturn":"1"},{"id":"27","htid":"39","htnum":"20200630001","dt":"2020-06-30","uid":"328","custid":"93","custname":"\u8c22\u4e30\u6c11","optdt":"2020-06-30 16:45:08","optname":"\u8d3a\u5929\u6167","money":"1000.00","type":"0","ispay":"1","paydt":"2020-06-30 16:44:10","explain":null,"createdt":"2020-06-30 16:45:08","createname":"\u8d3a\u5929\u6167","createid":"328","ismove":"0","comid":"192","depart":"\u4e00\u672c\u8d26\u79d1\u6280","accid":"18","paymtd":"3","paytype":"0","departid":"309","qishu":null,"optnameid":"328","optid":"328","applydt":"2020-06-30","status":"1","isturn":"1"},{"id":"28","htid":"43","htnum":"20200701001","dt":"2020-07-01","uid":"324","custid":"104","custname":"\u738b\u603b","optdt":"2020-07-01 11:35:01","optname":"\u5c0f\u6cb3","money":"10000.00","type":"0","ispay":"1","paydt":"2020-07-04 00:00:00","explain":null,"createdt":"2020-07-01 11:35:01","createname":"\u5c0f\u6cb3","createid":"324","ismove":"0","comid":"189","depart":"\u8d22\u52a1\u90e8","accid":"20","paymtd":"3","paytype":"0","departid":"305","qishu":"1","optnameid":"324","optid":"324","applydt":"2020-07-01","status":"1","isturn":"1"},{"id":"29","htid":"44","htnum":"PAY20200701001","dt":"2020-07-01","uid":"324","custid":"105","custname":"\u9ad8\u5b97","optdt":"2020-07-01 11:39:31","optname":"\u5c0f\u6cb3","money":"10000.00","type":"1","ispay":"1","paydt":"2020-07-02 00:00:00","explain":null,"createdt":"2020-07-01 11:39:31","createname":"\u5c0f\u6cb3","createid":"324","ismove":"0","comid":"189","depart":"\u8d22\u52a1\u90e8","accid":"19","paymtd":"3","paytype":"1","departid":"305","qishu":"1","optnameid":"324","optid":"324","applydt":"2020-07-01","status":"1","isturn":"1"},{"id":"30","htid":"43","htnum":"20200701001","dt":"2020-07-01","uid":"324","custid":"104","custname":"\u738b\u603b","optdt":"2020-07-01 15:55:50","optname":"\u5c0f\u6cb3","money":"40000.00","type":"0","ispay":"1","paydt":"2020-07-01 15:55:01","explain":null,"createdt":"2020-07-01 15:55:50","createname":"\u5c0f\u6cb3","createid":"324","ismove":"0","comid":"189","depart":"\u9500\u552e\u90e8","accid":"19","paymtd":"3","paytype":"0","departid":"307","qishu":null,"optnameid":"331","optid":"324","applydt":"2020-07-01","status":"1","isturn":"1"},{"id":"31","htid":"43","htnum":"20200701001","dt":"2020-07-01","uid":"324","custid":"104","custname":"\u738b\u603b","optdt":"2020-07-01 15:59:15","optname":"\u5c0f\u6cb3","money":"20000.00","type":"1","ispay":"1","paydt":"2020-07-01 15:58:14","explain":null,"createdt":"2020-07-01 15:59:15","createname":"\u5c0f\u6cb3","createid":"324","ismove":"0","comid":"189","depart":"\u8d22\u52a1\u90e8","accid":"19","paymtd":"3","paytype":"1","departid":"305","qishu":"1","optnameid":"324","optid":"324","applydt":"2020-07-01","status":"1","isturn":"1"},{"id":"32","htid":"49","htnum":"20200701004","dt":"2020-07-01","uid":"329","custid":"110","custname":"\u4ebf\u52a0\u79d1\u6280","optdt":"2020-07-01 17:03:57","optname":"\u4e00\u672c\u8d26\u79d1\u6280","money":"15000.00","type":"0","ispay":"1","paydt":"2020-07-01 17:03:39","explain":null,"createdt":"2020-07-01 17:03:57","createname":"\u4e00\u672c\u8d26\u79d1\u6280","createid":"329","ismove":"0","comid":"193","depart":"\u8d22\u52a1\u90e8","accid":"16","paymtd":"3","paytype":"0","departid":"312","qishu":null,"optnameid":"329","optid":"329","applydt":"2020-07-01","status":"1","isturn":"1"},{"id":"33","htid":"50","htnum":"PAY20200701004","dt":"2020-07-01","uid":"329","custid":"109","custname":"\u6df1\u5733\u5e02\u84dd\u5b87\u79d1\u6280\u6709\u9650\u79d1\u6280\u6709\u9650\u516c\u53f8","optdt":"2020-07-01 17:05:47","optname":"\u4e00\u672c\u8d26\u79d1\u6280","money":"10000.00","type":"1","ispay":"1","paydt":"2020-07-01 17:05:24","explain":null,"createdt":"2020-07-01 17:05:47","createname":"\u4e00\u672c\u8d26\u79d1\u6280","createid":"329","ismove":"0","comid":"193","depart":"\u8d22\u52a1\u90e8","accid":"16","paymtd":"3","paytype":"1","departid":"312","qishu":null,"optnameid":"329","optid":"329","applydt":"2020-07-01","status":"1","isturn":"1"},{"id":"34","htid":"51","htnum":"20200701005","dt":"2020-07-01","uid":"329","custid":"110","custname":"\u4ebf\u52a0\u79d1\u6280","optdt":"2020-07-01 17:43:37","optname":"\u4e00\u672c\u8d26\u79d1\u6280","money":"10000.00","type":"0","ispay":"1","paydt":"2020-07-01 17:40:13","explain":null,"createdt":"2020-07-01 17:43:37","createname":"\u4e00\u672c\u8d26\u79d1\u6280","createid":"329","ismove":"0","comid":"193","depart":"\u8d22\u52a1\u90e8","accid":"16","paymtd":"3","paytype":"0","departid":"312","qishu":null,"optnameid":"342","optid":"329","applydt":"2020-07-01","status":"1","isturn":"1"},{"id":"35","htid":"49","htnum":"20200701004","dt":"2020-07-01","uid":"329","custid":"110","custname":"\u4ebf\u52a0\u79d1\u6280","optdt":"2020-07-01 17:47:49","optname":"\u4e00\u672c\u8d26\u79d1\u6280","money":"98.00","type":"1","ispay":"1","paydt":"2020-07-01 17:45:56","explain":null,"createdt":"2020-07-01 17:47:49","createname":"\u4e00\u672c\u8d26\u79d1\u6280","createid":"329","ismove":"0","comid":"193","depart":"\u8d22\u52a1\u90e8","accid":"16","paymtd":"3","paytype":"1","departid":"312","qishu":null,"optnameid":"329","optid":"329","applydt":"2020-07-01","status":"1","isturn":"1"},{"id":"36","htid":"54","htnum":"20200702001","dt":"2020-07-02","uid":"322","custid":"118","custname":"\u5218\u82f1","optdt":"2020-07-02 10:29:36","optname":"\u9648\u51ef","money":"100000.00","type":"0","ispay":"1","paydt":"2020-07-02 10:27:59","explain":null,"createdt":"2020-07-02 10:29:36","createname":"\u9648\u51ef","createid":"322","ismove":"0","comid":"189","depart":"\u8d22\u52a1\u90e8","accid":"19","paymtd":"3","paytype":"0","departid":"305","qishu":"1","optnameid":"322","optid":"322","applydt":"2020-07-02","status":"1","isturn":"1"},{"id":"37","htid":"54","htnum":"20200702001","dt":"2020-07-02","uid":"322","custid":"118","custname":"\u5218\u82f1","optdt":"2020-07-02 10:34:07","optname":"\u9648\u51ef","money":"20000.00","type":"0","ispay":"0","paydt":"2020-07-02 10:29:54","explain":null,"createdt":"2020-07-02 10:34:07","createname":"\u9648\u51ef","createid":"322","ismove":"0","comid":"189","depart":"\u8d22\u52a1\u90e8","accid":"19","paymtd":"3","paytype":"0","departid":"305","qishu":"2","optnameid":"322","optid":"322","applydt":"2020-07-02","status":"1","isturn":"1"},{"id":"38","htid":"55","htnum":"20200702002","dt":"2020-07-02","uid":"322","custid":"83","custname":"\u5b59\u4e3d\u4e3d","optdt":"2020-07-02 10:36:55","optname":"\u9648\u51ef","money":"40000.00","type":"0","ispay":"0","paydt":"2020-07-02 10:34:32","explain":null,"createdt":"2020-07-02 10:36:55","createname":"\u9648\u51ef","createid":"322","ismove":"0","comid":"189","depart":"\u8d22\u52a1\u90e8","accid":"19","paymtd":"3","paytype":"0","departid":"305","qishu":"1","optnameid":"322","optid":"322","applydt":"2020-07-02","status":"1","isturn":"1"},{"id":"39","htid":"35","htnum":"PAY20200628003","dt":"2020-07-02","uid":"322","custid":"82","custname":"\u6797\u4e0e\u5b81","optdt":"2020-07-02 10:38:24","optname":"\u9648\u51ef","money":"40000.00","type":"0","ispay":"0","paydt":"2020-07-02 10:37:09","explain":null,"createdt":"2020-07-02 10:38:24","createname":"\u9648\u51ef","createid":"322","ismove":"0","comid":"189","depart":"\u9500\u552e\u90e8","accid":"19","paymtd":"3","paytype":"0","departid":"307","qishu":null,"optnameid":"322","optid":"322","applydt":"2020-07-02","status":"1","isturn":"1"},{"id":"40","htid":"35","htnum":"PAY20200628003","dt":"2020-07-02","uid":"322","custid":"82","custname":"\u6797\u4e0e\u5b81","optdt":"2020-07-02 10:40:49","optname":"\u9648\u51ef","money":"8000.00","type":"1","ispay":"1","paydt":"2020-07-02 10:39:40","explain":null,"createdt":"2020-07-02 10:40:49","createname":"\u9648\u51ef","createid":"322","ismove":"0","comid":"189","depart":"\u8d22\u52a1\u90e8","accid":"19","paymtd":"3","paytype":"1","departid":"305","qishu":null,"optnameid":"322","optid":"322","applydt":"2020-07-02","status":"1","isturn":"1"},{"id":"41","htid":"56","htnum":"20200702003","dt":"2020-07-02","uid":"322","custid":"124","custname":"\u674e\u51e4\u4e3d","optdt":"2020-07-02 11:12:26","optname":"\u9648\u51ef","money":"100000.00","type":"0","ispay":"1","paydt":"2020-07-02 11:11:55","explain":null,"createdt":"2020-07-02 11:12:26","createname":"\u9648\u51ef","createid":"322","ismove":"0","comid":"189","depart":"\u8d22\u52a1\u90e8","accid":"19","paymtd":"3","paytype":"0","departid":"305","qishu":null,"optnameid":"322","optid":"322","applydt":"2020-07-02","status":"1","isturn":"1"},{"id":"42","htid":"58","htnum":"PAY20200702001","dt":"2020-07-02","uid":"322","custid":"115","custname":"\u80e1\u6587","optdt":"2020-07-02 11:17:03","optname":"\u9648\u51ef","money":"15000.00","type":"1","ispay":"1","paydt":"2020-07-02 11:16:18","explain":null,"createdt":"2020-07-02 11:17:03","createname":"\u9648\u51ef","createid":"322","ismove":"0","comid":"189","depart":"\u8d22\u52a1\u90e8","accid":"19","paymtd":"3","paytype":"1","departid":"305","qishu":"1","optnameid":"322","optid":"322","applydt":"2020-07-02","status":"1","isturn":"1"},{"id":"43","htid":"59","htnum":"PAY20200702002","dt":"2020-07-02","uid":"322","custid":"126","custname":"\u9ec4\u660e\u7a7a","optdt":"2020-07-02 11:17:48","optname":"\u9648\u51ef","money":"10000.00","type":"1","ispay":"1","paydt":"2020-07-02 11:17:07","explain":null,"createdt":"2020-07-02 11:17:48","createname":"\u9648\u51ef","createid":"322","ismove":"0","comid":"189","depart":"\u8d22\u52a1\u90e8","accid":"19","paymtd":"3","paytype":"1","departid":"305","qishu":null,"optnameid":"322","optid":"322","applydt":"2020-07-02","status":"1","isturn":"1"},{"id":"44","htid":"60","htnum":"PAY20200702003","dt":"2020-07-02","uid":"322","custid":"117","custname":"\u6768\u80dc\u82b3","optdt":"2020-07-02 11:19:42","optname":"\u9648\u51ef","money":"6000.00","type":"1","ispay":"1","paydt":"2020-07-02 11:19:07","explain":null,"createdt":"2020-07-02 11:19:42","createname":"\u9648\u51ef","createid":"322","ismove":"0","comid":"189","depart":"\u8d22\u52a1\u90e8","accid":"19","paymtd":"3","paytype":"2","departid":"305","qishu":null,"optnameid":"322","optid":"322","applydt":"2020-07-02","status":"1","isturn":"1"},{"id":"45","htid":"61","htnum":"PAY20200702004","dt":"2020-07-02","uid":"322","custid":"121","custname":"\u8463\u8d85\u4e91","optdt":"2020-07-02 11:20:53","optname":"\u9648\u51ef","money":"10000.00","type":"1","ispay":"1","paydt":"2020-07-02 11:20:08","explain":null,"createdt":"2020-07-02 11:20:53","createname":"\u9648\u51ef","createid":"322","ismove":"0","comid":"189","depart":"\u8d22\u52a1\u90e8","accid":"19","paymtd":"3","paytype":"2","departid":"305","qishu":null,"optnameid":"322","optid":"322","applydt":"2020-07-02","status":"1","isturn":"1"},{"id":"46","htid":"66","htnum":"20200702007","dt":"2020-07-02","uid":"329","custid":"111","custname":"\u7396\u5174\u5e7f\u544a","optdt":"2020-07-02 16:52:26","optname":"\u4e00\u672c\u8d26\u79d1\u6280","money":"32800.00","type":"0","ispay":"1","paydt":"2020-07-02 16:51:52","explain":null,"createdt":"2020-07-02 16:52:26","createname":"\u4e00\u672c\u8d26\u79d1\u6280","createid":"329","ismove":"0","comid":"193","depart":"\u8d22\u52a1\u90e8","accid":"16","paymtd":"3","paytype":"0","departid":"312","qishu":null,"optnameid":"329","optid":"329","applydt":"2020-07-02","status":"1","isturn":"1"},{"id":"47","htid":"53","htnum":"20200701006","dt":"2020-07-02","uid":"329","custid":"110","custname":"\u4ebf\u52a0\u79d1\u6280","optdt":"2020-07-02 17:05:02","optname":"\u4e00\u672c\u8d26\u79d1\u6280","money":"20000.00","type":"0","ispay":"1","paydt":"2020-07-02 17:04:38","explain":null,"createdt":"2020-07-02 17:05:02","createname":"\u4e00\u672c\u8d26\u79d1\u6280","createid":"329","ismove":"0","comid":"193","depart":"\u8d22\u52a1\u90e8","accid":"16","paymtd":"3","paytype":"0","departid":"312","qishu":null,"optnameid":"342","optid":"329","applydt":"2020-07-02","status":"1","isturn":"1"},{"id":"48","htid":"70","htnum":"20200703001","dt":"2020-07-03","uid":"329","custid":"116","custname":"\u827e\u5fb7\u88c5\u9970","optdt":"2020-07-03 15:34:07","optname":"\u4e00\u672c\u8d26\u79d1\u6280","money":"20000.00","type":"0","ispay":"1","paydt":"2020-07-03 15:33:33","explain":null,"createdt":"2020-07-03 15:34:07","createname":"\u4e00\u672c\u8d26\u79d1\u6280","createid":"329","ismove":"0","comid":"193","depart":"\u8d22\u52a1\u90e8","accid":"16","paymtd":"3","paytype":"0","departid":"312","qishu":null,"optnameid":"329","optid":"329","applydt":"2020-07-03","status":"1","isturn":"1"},{"id":"49","htid":"71","htnum":"20200703002","dt":"2020-07-03","uid":"322","custid":"131","custname":"\u4e00\u672c\u8d26\u79d1\u6280\u6d4b\u8bd5","optdt":"2020-07-03 17:34:58","optname":"\u9648\u51ef","money":"20000.00","type":"0","ispay":"1","paydt":"2020-07-03 17:33:49","explain":null,"createdt":"2020-07-03 17:34:58","createname":"\u9648\u51ef","createid":"322","ismove":"0","comid":"189","depart":"\u8d22\u52a1\u90e8","accid":"19","paymtd":"3","paytype":"0","departid":"305","qishu":null,"optnameid":"324","optid":"322","applydt":"2020-07-03","status":"1","isturn":"1"},{"id":"50","htid":"72","htnum":"20200710001","dt":"2020-07-10","uid":"322","custid":"118","custname":"\u5218\u82f1","optdt":"2020-07-10 10:55:28","optname":"\u9648\u51ef","money":"10000.00","type":"0","ispay":"1","paydt":"2020-04-21 00:00:00","explain":null,"createdt":"2020-07-10 10:55:28","createname":"\u9648\u51ef","createid":"322","ismove":"0","comid":"189","depart":"\u9500\u552e\u90e8","accid":"19","paymtd":"3","paytype":"0","departid":"307","qishu":null,"optnameid":"322","optid":"322","applydt":"2020-07-10","status":"1","isturn":"1"},{"id":"51","htid":"74","htnum":"20200719001","dt":"2020-07-19","uid":"376","custid":"133","custname":"\u5b89\u6cfd\u53bf\u5e9c\u57ce\u9547\u4eba\u6c11\u653f\u5e9c","optdt":"2020-07-19 16:48:10","optname":"\u738b\u4e3d\u7476","money":"100.00","type":"0","ispay":"1","paydt":"2020-07-19 16:46:46","explain":null,"createdt":"2020-07-19 16:48:10","createname":"\u738b\u4e3d\u7476","createid":"376","ismove":"0","comid":"205","depart":"\u9500\u552e","accid":"26","paymtd":"3","paytype":"0","departid":"358","qishu":null,"optnameid":"376","optid":"376","applydt":"2020-07-19","status":"1","isturn":"1"},{"id":"52","htid":"91","htnum":"PAY20200721006","dt":"2020-07-21","uid":"329","custid":"122","custname":"\u76db\u79be\u4e91","optdt":"2020-07-21 16:27:26","optname":"\u4e00\u672c\u8d26\u79d1\u6280","money":"200000.00","type":"0","ispay":"1","paydt":"2020-07-21 16:26:29","explain":null,"createdt":"2020-07-21 16:27:26","createname":"\u4e00\u672c\u8d26\u79d1\u6280","createid":"329","ismove":"0","comid":"193","depart":"\u8d22\u52a1\u90e8","accid":"16","paymtd":"3","paytype":"0","departid":"312","qishu":null,"optnameid":"329","optid":"329","applydt":"2020-07-21","status":"1","isturn":"1"},{"id":"53","htid":"84","htnum":"20200721008","dt":"2020-07-21","uid":"329","custid":"137","custname":"\u5d14\u9752\u65e5","optdt":"2020-07-21 16:38:46","optname":"\u4e00\u672c\u8d26\u79d1\u6280","money":"50000.00","type":"0","ispay":"1","paydt":"2020-07-21 16:38:20","explain":null,"createdt":"2020-07-21 16:38:46","createname":"\u4e00\u672c\u8d26\u79d1\u6280","createid":"329","ismove":"0","comid":"193","depart":"\u8d22\u52a1\u90e8","accid":"27","paymtd":"3","paytype":"0","departid":"312","qishu":null,"optnameid":"329","optid":"329","applydt":"2020-07-21","status":"1","isturn":"1"},{"id":"54","htid":"93","htnum":"PAY20200721008","dt":"2020-07-21","uid":"329","custid":"141","custname":"\u67d2\u4e4b\u82b1\u8d27\u6b3e","optdt":"2020-07-21 16:42:06","optname":"\u4e00\u672c\u8d26\u79d1\u6280","money":"15120.00","type":"1","ispay":"1","paydt":"2020-07-21 16:41:31","explain":null,"createdt":"2020-07-21 16:42:06","createname":"\u4e00\u672c\u8d26\u79d1\u6280","createid":"329","ismove":"0","comid":"193","depart":"\u8d22\u52a1\u90e8","accid":"27","paymtd":"3","paytype":"1","departid":"312","qishu":null,"optnameid":"329","optid":"329","applydt":"2020-07-21","status":"1","isturn":"1"},{"id":"55","htid":"103","htnum":"PAY20200722002","dt":"2020-07-22","uid":"379","custid":"148","custname":"\u51ef\u8fd0\u7269\u6d41","optdt":"2020-07-22 13:55:35","optname":"\u6881\u96c5\u73cd","money":"30250.00","type":"1","ispay":"1","paydt":"2020-07-22 13:55:03","explain":null,"createdt":"2020-07-22 13:55:35","createname":"\u6881\u96c5\u73cd","createid":"379","ismove":"0","comid":"206","depart":"\u53a6\u95e8\u5171\u96c5\u8d38\u6613\u6709\u9650\u516c\u53f8","accid":"28","paymtd":"3","paytype":"1","departid":"361","qishu":null,"optnameid":"379","optid":"379","applydt":"2020-07-22","status":"1","isturn":"1"},{"id":"56","htid":"109","htnum":"20200722003","dt":"2020-07-22","uid":"379","custid":"149","custname":"\u90b3\u5dde\u5e02\u98de\u8fea\u519c\u4e1a\u53d1\u5c55\u6709\u9650\u516c\u53f8","optdt":"2020-07-22 14:09:27","optname":"\u6881\u96c5\u73cd","money":"294488.00","type":"1","ispay":"1","paydt":"2020-07-22 14:09:02","explain":null,"createdt":"2020-07-22 14:09:27","createname":"\u6881\u96c5\u73cd","createid":"379","ismove":"0","comid":"206","depart":"\u53a6\u95e8\u5171\u96c5\u8d38\u6613\u6709\u9650\u516c\u53f8","accid":"28","paymtd":"3","paytype":"1","departid":"361","qishu":null,"optnameid":"379","optid":"379","applydt":"2020-07-22","status":"1","isturn":"1"},{"id":"57","htid":"105","htnum":"PAY20200722004","dt":"2020-07-22","uid":"379","custid":"150","custname":"\u5f90\u5dde\u67d2\u4e4b\u82b1\u519c\u4e1a\u53d1\u5c55\u6709\u9650\u516c\u53f8","optdt":"2020-07-22 14:09:45","optname":"\u6881\u96c5\u73cd","money":"200000.00","type":"1","ispay":"1","paydt":"2020-07-22 14:09:28","explain":null,"createdt":"2020-07-22 14:09:45","createname":"\u6881\u96c5\u73cd","createid":"379","ismove":"0","comid":"206","depart":"\u53a6\u95e8\u5171\u96c5\u8d38\u6613\u6709\u9650\u516c\u53f8","accid":"28","paymtd":"3","paytype":"1","departid":"361","qishu":null,"optnameid":"379","optid":"379","applydt":"2020-07-22","status":"1","isturn":"1"},{"id":"58","htid":"106","htnum":"PAY20200722005","dt":"2020-07-22","uid":"379","custid":"151","custname":"\u84dd\u6d77\u7269\u6d41","optdt":"2020-07-22 14:09:59","optname":"\u6881\u96c5\u73cd","money":"6400.00","type":"1","ispay":"1","paydt":"2020-07-22 14:09:50","explain":null,"createdt":"2020-07-22 14:09:59","createname":"\u6881\u96c5\u73cd","createid":"379","ismove":"0","comid":"206","depart":"\u53a6\u95e8\u5171\u96c5\u8d38\u6613\u6709\u9650\u516c\u53f8","accid":"28","paymtd":"3","paytype":"1","departid":"361","qishu":null,"optnameid":"379","optid":"379","applydt":"2020-07-22","status":"1","isturn":"1"},{"id":"59","htid":"107","htnum":"PAY20200722006","dt":"2020-07-22","uid":"379","custid":"150","custname":"\u5f90\u5dde\u67d2\u4e4b\u82b1\u519c\u4e1a\u53d1\u5c55\u6709\u9650\u516c\u53f8","optdt":"2020-07-22 14:15:26","optname":"\u6881\u96c5\u73cd","money":"74836.00","type":"1","ispay":"1","paydt":"2020-07-22 14:14:55","explain":null,"createdt":"2020-07-22 14:15:26","createname":"\u6881\u96c5\u73cd","createid":"379","ismove":"0","comid":"206","depart":"\u53a6\u95e8\u5171\u96c5\u8d38\u6613\u6709\u9650\u516c\u53f8","accid":"28","paymtd":"3","paytype":"1","departid":"361","qishu":null,"optnameid":"379","optid":"379","applydt":"2020-07-22","status":"1","isturn":"1"},{"id":"60","htid":"102","htnum":"20200722001","dt":"2020-07-22","uid":"379","custid":"146","custname":"\u5d14\u6d77","optdt":"2020-07-22 14:15:54","optname":"\u6881\u96c5\u73cd","money":"50000.00","type":"1","ispay":"1","paydt":"2020-07-22 14:15:34","explain":null,"createdt":"2020-07-22 14:15:54","createname":"\u6881\u96c5\u73cd","createid":"379","ismove":"0","comid":"206","depart":"\u53a6\u95e8\u5171\u96c5\u8d38\u6613\u6709\u9650\u516c\u53f8","accid":"28","paymtd":"3","paytype":"1","departid":"361","qishu":null,"optnameid":"379","optid":"379","applydt":"2020-07-22","status":"1","isturn":"1"},{"id":"61","htid":"113","htnum":"20200722007","dt":"2020-07-22","uid":"381","custid":"152","custname":"\u4e2d\u6295\u8f6f\u4ef6\u5f00\u53d1\u6709\u9650\u516c\u53f8","optdt":"2020-07-22 14:46:48","optname":"\u5468","money":"10000.00","type":"0","ispay":"1","paydt":"2020-07-22 14:46:22","explain":null,"createdt":"2020-07-22 14:46:48","createname":"\u5468","createid":"381","ismove":"0","comid":"208","depart":"\u6052\u80b2\u6e90\u79d1\u6280","accid":"29","paymtd":"3","paytype":"0","departid":"363","qishu":null,"optnameid":"381","optid":"381","applydt":"2020-07-22","status":"1","isturn":"1"},{"id":"62","htid":"101","htnum":"PAY20200722001","dt":"2020-07-22","uid":"379","custid":"146","custname":"\u5d14\u6d77","optdt":"2020-07-22 15:28:51","optname":"\u6881\u96c5\u73cd","money":"50000.00","type":"1","ispay":"1","paydt":"2020-07-22 15:28:26","explain":null,"createdt":"2020-07-22 15:28:51","createname":"\u6881\u96c5\u73cd","createid":"379","ismove":"0","comid":"206","depart":"\u8d22\u52a1\u90e8","accid":"28","paymtd":"3","paytype":"1","departid":"366","qishu":null,"optnameid":"379","optid":"379","applydt":"2020-07-22","status":"1","isturn":"1"},{"id":"63","htid":"104","htnum":"PAY20200722003","dt":"2020-07-22","uid":"379","custid":"149","custname":"\u90b3\u5dde\u5e02\u98de\u8fea\u519c\u4e1a\u53d1\u5c55\u6709\u9650\u516c\u53f8","optdt":"2020-07-22 15:29:12","optname":"\u6881\u96c5\u73cd","money":"294488.00","type":"1","ispay":"1","paydt":"2020-07-22 15:28:54","explain":null,"createdt":"2020-07-22 15:29:12","createname":"\u6881\u96c5\u73cd","createid":"379","ismove":"0","comid":"206","depart":"\u8d22\u52a1\u90e8","accid":"28","paymtd":"3","paytype":"1","departid":"366","qishu":null,"optnameid":"379","optid":"379","applydt":"2020-07-22","status":"1","isturn":"1"},{"id":"64","htid":"115","htnum":"20200722009","dt":"2020-07-22","uid":"379","custid":"147","custname":"\u76db\u79be\u4e91","optdt":"2020-07-22 15:37:32","optname":"\u6881\u96c5\u73cd","money":"500000.00","type":"0","ispay":"1","paydt":"2020-07-22 15:37:16","explain":null,"createdt":"2020-07-22 15:37:32","createname":"\u6881\u96c5\u73cd","createid":"379","ismove":"0","comid":"206","depart":"\u8d22\u52a1\u90e8","accid":"28","paymtd":"3","paytype":"0","departid":"366","qishu":null,"optnameid":"379","optid":"379","applydt":"2020-07-22","status":"1","isturn":"1"},{"id":"65","htid":"132","htnum":"PAY20200805001","dt":"2020-08-05","uid":"329","custid":"143","custname":"\u4e5d\u6708\u82b1\u5349","optdt":"2020-08-05 14:58:59","optname":"\u4e00\u672c\u8d26\u79d1\u6280","money":"20000.00","type":"1","ispay":"1","paydt":"2020-08-05 14:58:05","explain":null,"createdt":"2020-08-05 14:58:59","createname":"\u4e00\u672c\u8d26\u79d1\u6280","createid":"329","ismove":"0","comid":"193","depart":"\u8d22\u52a1\u90e8","accid":"16","paymtd":"3","paytype":"1","departid":"312","qishu":null,"optnameid":"342","optid":"329","applydt":"2020-08-05","status":"1","isturn":"1"}]}}