{"xinhu_kqout":{"fields":[{"name":"id","type":"int","explain":"","types":"int(11)","dev":null,"isnull":"NO","lens":null},{"name":"uid","type":"smallint","explain":"","types":"smallint(6)","dev":null,"isnull":"YES","lens":null},{"name":"applyname","type":"varchar","explain":"\u7533\u8bf7\u4eba\u59d3\u540d","types":"varchar(30)","dev":null,"isnull":"YES","lens":"30"},{"name":"outtime","type":"datetime","explain":"\u5916\u51fa\u65f6\u95f4","types":"datetime","dev":null,"isnull":"YES","lens":null},{"name":"intime","type":"datetime","explain":"\u56de\u5c97\u65f6\u95f4","types":"datetime","dev":null,"isnull":"YES","lens":null},{"name":"address","type":"varchar","explain":"\u5916\u51fa\u5730\u5740","types":"varchar(50)","dev":null,"isnull":"YES","lens":"50"},{"name":"reason","type":"varchar","explain":"\u5916\u51fa\u4e8b\u7531","types":"varchar(500)","dev":null,"isnull":"YES","lens":"500"},{"name":"atype","type":"varchar","explain":"\u5916\u51fa\u7c7b\u578b@\u5916\u51fa,\u51fa\u5dee","types":"varchar(20)","dev":null,"isnull":"YES","lens":"20"},{"name":"explain","type":"varchar","explain":"\u8bf4\u660e","types":"varchar(500)","dev":null,"isnull":"YES","lens":"500"},{"name":"optdt","type":"datetime","explain":"\u64cd\u4f5c\u65f6\u95f4","types":"datetime","dev":null,"isnull":"YES","lens":null},{"name":"status","type":"tinyint","explain":"@0|\u5f85\u5ba1\u6838,1|\u5ba1\u6838\u901a\u8fc7,2|\u5ba1\u6838\u4e0d\u901a\u8fc7","types":"tinyint(1)","dev":"0","isnull":"YES","lens":null},{"name":"isturn","type":"tinyint","explain":"@0|\u672a\u63d0\u4ea4,1|\u63d0\u4ea4","types":"tinyint(1)","dev":"0","isnull":"YES","lens":null},{"name":"optid","type":"int","explain":"","types":"int(11)","dev":null,"isnull":"YES","lens":null},{"name":"optname","type":"varchar","explain":"\u64cd\u4f5c\u4eba","types":"varchar(20)","dev":null,"isnull":"YES","lens":"20"},{"name":"applydt","type":"date","explain":"\u7533\u8bf7\u65e5\u671f","types":"date","dev":null,"isnull":"YES","lens":null},{"name":"isxj","type":"tinyint","explain":"\u662f\u5426\u9500\u5047@0|\u5426,1|\u662f","types":"tinyint(1)","dev":"0","isnull":"YES","lens":null},{"name":"sicksm","type":"varchar","explain":"\u9500\u5047\u8bf4\u660e","types":"varchar(500)","dev":null,"isnull":"YES","lens":"500"},{"name":"comid","type":"smallint","explain":"\u5bf9\u5e94\u5355\u4f4did","types":"smallint(6)","dev":"0","isnull":"YES","lens":null}],"data":[]}}