{"xinhu_knowtrais":{"fields":[{"name":"id","type":"int","explain":"","types":"int(11)","dev":null,"isnull":"NO","lens":null},{"name":"mid","type":"int","explain":"","types":"int(11)","dev":"0","isnull":"YES","lens":null},{"name":"uid","type":"int","explain":"","types":"int(11)","dev":"0","isnull":"YES","lens":null},{"name":"kssdt","type":"datetime","explain":"\u8003\u8bd5\u65f6\u95f4","types":"datetime","dev":null,"isnull":"YES","lens":null},{"name":"ksedt","type":"datetime","explain":"\u8003\u8bd5\u7ed3\u675f\u65f6\u95f4","types":"datetime","dev":null,"isnull":"YES","lens":null},{"name":"fenshu","type":"smallint","explain":"\u5f97\u5206","types":"smallint(6)","dev":"0","isnull":"YES","lens":null},{"name":"kstime","type":"int","explain":"\u8003\u8bd5\u65f6\u95f4(\u79d2\u6570)","types":"int(11)","dev":"0","isnull":"YES","lens":null},{"name":"isks","type":"tinyint","explain":"\u662f\u5426\u5df2\u8003\u8bd5","types":"tinyint(1)","dev":"0","isnull":"YES","lens":null},{"name":"tkids","type":"varchar","explain":"\u8003\u8bd5\u9898\u76eeid","types":"varchar(2000)","dev":null,"isnull":"YES","lens":"2000"},{"name":"dyids","type":"varchar","explain":"\u6211\u505a\u9898\u5f97\u5230\u7b54\u6848","types":"varchar(1000)","dev":null,"isnull":"YES","lens":"1000"},{"name":"dyjgs","type":"varchar","explain":"\u7b54\u9898\u7ed3\u679c0\u672a\u7b54,1\u6b63\u786e,2\u9519\u8bef","types":"varchar(1000)","dev":null,"isnull":"YES","lens":"1000"},{"name":"comid","type":"smallint","explain":"\u5bf9\u5e94\u5355\u4f4did","types":"smallint(6)","dev":"0","isnull":"YES","lens":null}],"data":[]}}