{"xinhu_assetm":{"fields":[{"name":"id","type":"int","explain":"","types":"int(11)","dev":null,"isnull":"NO","lens":null},{"name":"typeid","type":"smallint","explain":"\u7c7b\u522b","types":"smallint(6)","dev":"0","isnull":"YES","lens":null},{"name":"title","type":"varchar","explain":"\u540d\u79f0","types":"varchar(50)","dev":null,"isnull":"YES","lens":"50"},{"name":"num","type":"varchar","explain":"\u7f16\u53f7","types":"varchar(20)","dev":null,"isnull":"YES","lens":"20"},{"name":"brand","type":"varchar","explain":"\u54c1\u724c","types":"varchar(20)","dev":null,"isnull":"YES","lens":"20"},{"name":"model","type":"varchar","explain":"\u89c4\u683c\u578b\u53f7","types":"varchar(100)","dev":null,"isnull":"YES","lens":"100"},{"name":"laiyuan","type":"varchar","explain":"\u6765\u6e90","types":"varchar(50)","dev":null,"isnull":"YES","lens":"50"},{"name":"shuname","type":"varchar","explain":"\u6240\u5c5e\u90e8\u95e8","types":"varchar(50)","dev":null,"isnull":"YES","lens":"50"},{"name":"dt","type":"date","explain":"\u65e5\u671f","types":"date","dev":null,"isnull":"YES","lens":null},{"name":"ckid","type":"smallint","explain":"\u5b58\u653e\u5730\u70b9","types":"smallint(50)","dev":"0","isnull":"YES","lens":null},{"name":"state","type":"tinyint","explain":"\u72b6\u6001","types":"tinyint(1)","dev":"0","isnull":"YES","lens":null},{"name":"explain","type":"varchar","explain":"\u8bf4\u660e","types":"varchar(500)","dev":null,"isnull":"YES","lens":"500"},{"name":"optname","type":"varchar","explain":"\u64cd\u4f5c\u4eba","types":"varchar(20)","dev":null,"isnull":"YES","lens":"20"},{"name":"adddt","type":"datetime","explain":"\u6dfb\u52a0\u65f6\u95f4","types":"datetime","dev":null,"isnull":"YES","lens":null},{"name":"optdt","type":"datetime","explain":"\u64cd\u4f5c\u65f6\u95f4","types":"datetime","dev":null,"isnull":"YES","lens":null},{"name":"buydt","type":"date","explain":"\u8d2d\u8fdb\u65e5\u671f","types":"date","dev":null,"isnull":"YES","lens":null},{"name":"price","type":"decimal","explain":"\u4ef7\u683c","types":"decimal(10,2)","dev":null,"isnull":"YES","lens":null},{"name":"optid","type":"smallint","explain":"","types":"smallint(6)","dev":"0","isnull":"YES","lens":null},{"name":"status","type":"tinyint","explain":"\u72b6\u6001","types":"tinyint(1)","dev":"1","isnull":"YES","lens":null},{"name":"useid","type":"varchar","explain":"","types":"varchar(50)","dev":"0","isnull":"YES","lens":"50"},{"name":"usename","type":"varchar","explain":"\u4f7f\u7528\u4eba","types":"varchar(50)","dev":null,"isnull":"YES","lens":"50"},{"name":"fengmian","type":"varchar","explain":"\u5c01\u9762\u56fe\u7247","types":"varchar(50)","dev":null,"isnull":"YES","lens":"50"},{"name":"comid","type":"smallint","explain":"\u5bf9\u5e94\u5355\u4f4did","types":"smallint(6)","dev":"0","isnull":"YES","lens":null}],"data":[]}}