{"xinhu_goodss":{"fields":[{"name":"id","type":"int","explain":"","types":"int(11)","dev":null,"isnull":"NO","lens":null},{"name":"aid","type":"smallint","explain":"\u7269\u54c1Id","types":"smallint(6)","dev":"0","isnull":"YES","lens":null},{"name":"count","type":"smallint","explain":"\u6570\u91cf","types":"smallint(6)","dev":"0","isnull":"YES","lens":null},{"name":"uid","type":"smallint","explain":"","types":"smallint(6)","dev":"0","isnull":"YES","lens":null},{"name":"type","type":"tinyint","explain":"0\u5165\u5e93,1\u51fa\u5e93","types":"tinyint(1)","dev":"0","isnull":"YES","lens":null},{"name":"kind","type":"tinyint","explain":"\u51fa\u5165\u5e93\u7c7b\u578b","types":"tinyint(2)","dev":"0","isnull":"YES","lens":null},{"name":"optname","type":"varchar","explain":"","types":"varchar(20)","dev":null,"isnull":"YES","lens":"20"},{"name":"applydt","type":"date","explain":"\u7533\u8bf7\u65e5\u671f","types":"date","dev":null,"isnull":"YES","lens":null},{"name":"optdt","type":"datetime","explain":"","types":"datetime","dev":null,"isnull":"YES","lens":null},{"name":"explain","type":"varchar","explain":"","types":"varchar(500)","dev":null,"isnull":"YES","lens":"500"},{"name":"status","type":"tinyint","explain":"","types":"tinyint(1)","dev":"1","isnull":"YES","lens":null},{"name":"optid","type":"int","explain":"","types":"int(11)","dev":"0","isnull":"YES","lens":null},{"name":"mid","type":"smallint","explain":"\u5bf9\u5e94\u4e3b\u8868","types":"smallint(6)","dev":"0","isnull":"YES","lens":null},{"name":"sort","type":"smallint","explain":"","types":"smallint(6)","dev":"0","isnull":"YES","lens":null},{"name":"unit","type":"varchar","explain":"\u5355\u4f4d","types":"varchar(5)","dev":null,"isnull":"YES","lens":"5"},{"name":"price","type":"decimal","explain":"\u5355\u4ef7","types":"decimal(10,2)","dev":"0.00","isnull":"YES","lens":null},{"name":"depotid","type":"smallint","explain":"\u5b58\u653e\u4ed3\u5e93ID","types":"smallint(6)","dev":"1","isnull":"YES","lens":null},{"name":"comid","type":"smallint","explain":"\u5bf9\u5e94\u5355\u4f4did","types":"smallint(6)","dev":"0","isnull":"YES","lens":null}],"data":[]}}