{"xinhu_official":{"fields":[{"name":"id","type":"int","explain":"","types":"int(11)","dev":null,"isnull":"NO","lens":null},{"name":"uid","type":"smallint","explain":"","types":"smallint(6)","dev":"0","isnull":"YES","lens":null},{"name":"title","type":"varchar","explain":"\u6807\u9898","types":"varchar(255)","dev":null,"isnull":"YES","lens":"255"},{"name":"titles","type":"varchar","explain":"\u526f\u6807\u9898","types":"varchar(255)","dev":null,"isnull":"YES","lens":"255"},{"name":"class","type":"varchar","explain":"\u7c7b\u578b","types":"varchar(10)","dev":null,"isnull":"YES","lens":"10"},{"name":"type","type":"tinyint","explain":"0\u6536\u6587\u5355,1\u53d1\u6587\u5355","types":"tinyint(1)","dev":"0","isnull":"YES","lens":null},{"name":"grade","type":"varchar","explain":"\u7b49\u7ea7","types":"varchar(10)","dev":null,"isnull":"YES","lens":"10"},{"name":"optname","type":"varchar","explain":"","types":"varchar(20)","dev":null,"isnull":"YES","lens":"20"},{"name":"optdt","type":"datetime","explain":"","types":"datetime","dev":null,"isnull":"YES","lens":null},{"name":"status","type":"tinyint","explain":"\u72b6\u6001","types":"tinyint(1)","dev":"0","isnull":"YES","lens":null},{"name":"content","type":"text","explain":"\u5185\u5bb9","types":"text","dev":null,"isnull":"YES","lens":"65535"},{"name":"receid","type":"varchar","explain":"\u6765\u6e90","types":"varchar(200)","dev":null,"isnull":"YES","lens":"200"},{"name":"recename","type":"varchar","explain":"\u53d1\u7ed9","types":"varchar(200)","dev":null,"isnull":"YES","lens":"200"},{"name":"applydt","type":"date","explain":"\u65e5\u671f","types":"date","dev":null,"isnull":"YES","lens":null},{"name":"num","type":"varchar","explain":"\u7f16\u53f7","types":"varchar(30)","dev":null,"isnull":"YES","lens":"30"},{"name":"optid","type":"smallint","explain":"","types":"smallint(6)","dev":"0","isnull":"YES","lens":null},{"name":"explain","type":"varchar","explain":"\u8bf4\u660e","types":"varchar(500)","dev":null,"isnull":"YES","lens":"500"},{"name":"isturn","type":"tinyint","explain":"\u662f\u5426\u63d0\u4ea4","types":"tinyint(1)","dev":"1","isnull":"YES","lens":null},{"name":"filecontid","type":"varchar","explain":"\u6b63\u6587\u6587\u4ef6Id","types":"varchar(30)","dev":null,"isnull":"YES","lens":"30"},{"name":"zinum","type":"varchar","explain":"\u53d1\u6587\u5b57\u53f7","types":"varchar(30)","dev":null,"isnull":"YES","lens":"30"},{"name":"unitname","type":"varchar","explain":"\u4e3b\u9001\u5355\u4f4d","types":"varchar(200)","dev":null,"isnull":"YES","lens":"200"},{"name":"unitsame","type":"varchar","explain":"\u53d1\u6587\u5355\u4f4d","types":"varchar(200)","dev":null,"isnull":"YES","lens":"200"},{"name":"miji","type":"varchar","explain":"\u516c\u6587\u5bc6\u7ea7","types":"varchar(50)","dev":null,"isnull":"YES","lens":"50"},{"name":"laidt","type":"date","explain":"\u6765\u6587\u65e5\u671f","types":"date","dev":null,"isnull":"YES","lens":null},{"name":"chaoname","type":"varchar","explain":"\u6284\u9001\u5355\u4f4d","types":"varchar(200)","dev":null,"isnull":"YES","lens":"200"},{"name":"zuncheng","type":"varchar","explain":"\u6b63\u6587\u4e0a\u79f0\u547c","types":"varchar(200)","dev":null,"isnull":"YES","lens":"200"},{"name":"thid","type":"int","explain":"\u5bf9\u5e94officialhong\u91ccid","types":"int(11)","dev":"0","isnull":"YES","lens":null},{"name":"yzid","type":"int","explain":"\u5bf9\u5e94\u5370\u7ae0sealapl\u91ccId","types":"int(11)","dev":"0","isnull":"YES","lens":null},{"name":"ffid","type":"int","explain":"\u5bf9\u5e94\u5206\u53d1\u8868officialfa\u7684Id","types":"int(11)","dev":"0","isnull":"YES","lens":null},{"name":"enddt","type":"date","explain":"\u622a\u6b62\u65e5\u671f","types":"date","dev":null,"isnull":"YES","lens":null},{"name":"startdt","type":"date","explain":"\u67e5\u9605\u65e5\u671f","types":"date","dev":null,"isnull":"YES","lens":null},{"name":"comid","type":"smallint","explain":"\u5bf9\u5e94\u5355\u4f4did","types":"smallint(6)","dev":"0","isnull":"YES","lens":null},{"name":"ffdt","type":"date","explain":"\u5206\u53d1\u65e5\u671f","types":"date","dev":null,"isnull":"YES","lens":null}],"data":[]}}