{"xinhu_hrsalary":{"fields":[{"name":"id","type":"int","explain":"","types":"int(11)","dev":null,"isnull":"NO","lens":null},{"name":"uid","type":"smallint","explain":"","types":"smallint(6)","dev":"0","isnull":"YES","lens":null},{"name":"xuid","type":"smallint","explain":"","types":"smallint(6)","dev":"0","isnull":"YES","lens":null},{"name":"uname","type":"varchar","explain":"\u5bf9\u5e94\u4eba","types":"varchar(20)","dev":null,"isnull":"YES","lens":"20"},{"name":"udeptname","type":"varchar","explain":"\u5bf9\u5e94\u4eba\u5458\u90e8\u95e8","types":"varchar(20)","dev":null,"isnull":"YES","lens":"20"},{"name":"ranking","type":"varchar","explain":"\u804c\u4f4d","types":"varchar(20)","dev":null,"isnull":"YES","lens":"20"},{"name":"optdt","type":"datetime","explain":"\u64cd\u4f5c\u65f6\u95f4","types":"datetime","dev":null,"isnull":"YES","lens":null},{"name":"optid","type":"smallint","explain":"","types":"smallint(6)","dev":"0","isnull":"YES","lens":null},{"name":"optname","type":"varchar","explain":"\u64cd\u4f5c\u4eba","types":"varchar(20)","dev":null,"isnull":"YES","lens":"20"},{"name":"applydt","type":"date","explain":"\u7533\u8bf7\u65e5\u671f","types":"date","dev":null,"isnull":"YES","lens":null},{"name":"explain","type":"varchar","explain":"\u8bf4\u660e","types":"varchar(500)","dev":null,"isnull":"YES","lens":"500"},{"name":"status","type":"tinyint","explain":"\u72b6\u6001","types":"tinyint(1)","dev":"1","isnull":"YES","lens":null},{"name":"isturn","type":"tinyint","explain":"\u662f\u5426\u63d0\u4ea4","types":"tinyint(1)","dev":"1","isnull":"YES","lens":null},{"name":"month","type":"varchar","explain":"\u6708\u4efd","types":"varchar(10)","dev":null,"isnull":"YES","lens":"10"},{"name":"base","type":"decimal","explain":"\u57fa\u672c\u5de5\u8d44","types":"decimal(10,2)","dev":"0.00","isnull":"YES","lens":null},{"name":"money","type":"decimal","explain":"\u5b9e\u53d1","types":"decimal(10,2)","dev":"0.00","isnull":"YES","lens":null},{"name":"mones","type":"decimal","explain":"\u5e94\u53d1\u5de5\u8d44","types":"decimal(10,2)","dev":"0.00","isnull":"YES","lens":null},{"name":"postjt","type":"decimal","explain":"\u804c\u52a1\u6d25\u8d34","types":"decimal(10,2)","dev":"0.00","isnull":"YES","lens":null},{"name":"skilljt","type":"decimal","explain":"\u6280\u80fd\u6d25\u8d34","types":"decimal(10,2)","dev":"0.00","isnull":"YES","lens":null},{"name":"travelbt","type":"decimal","explain":"\u4ea4\u901a\u8865\u8d34","types":"decimal(10,2)","dev":"0.00","isnull":"YES","lens":null},{"name":"telbt","type":"decimal","explain":"\u901a\u4fe1\u8865\u8d34","types":"decimal(10,2)","dev":"0.00","isnull":"YES","lens":null},{"name":"reward","type":"decimal","explain":"\u5956\u52b1","types":"decimal(10,2)","dev":"0.00","isnull":"YES","lens":null},{"name":"punish","type":"decimal","explain":"\u5904\u7f5a","types":"decimal(10,2)","dev":"0.00","isnull":"YES","lens":null},{"name":"socials","type":"decimal","explain":"\u4e2a\u4eba\u793e\u4fdd","types":"decimal(10,2)","dev":"0.00","isnull":"YES","lens":null},{"name":"socialsunit","type":"decimal","explain":"\u5355\u4f4d\u793e\u4fdd\u7f34\u8d39","types":"decimal(10,2)","dev":"0.00","isnull":"YES","lens":null},{"name":"taxes","type":"decimal","explain":"\u4e2a\u4eba\u6240\u5f97\u7a0e","types":"decimal(10,2)","dev":"0.00","isnull":"YES","lens":null},{"name":"taxbase","type":"decimal","explain":"\u4e2a\u7a0e\u8d77\u5f81\u70b9","types":"decimal(10,2)","dev":"0.00","isnull":"YES","lens":null},{"name":"ispay","type":"tinyint","explain":"\u662f\u5426\u53d1\u653e","types":"tinyint(1)","dev":"0","isnull":"YES","lens":null},{"name":"otherzj","type":"decimal","explain":"\u5176\u5b83\u589e\u52a0","types":"decimal(10,2)","dev":"0.00","isnull":"YES","lens":null},{"name":"otherjs","type":"decimal","explain":"\u5176\u5b83\u51cf\u5c11","types":"decimal(10,2)","dev":"0.00","isnull":"YES","lens":null},{"name":"cidao","type":"smallint","explain":"\u8fdf\u5230(\u6b21)","types":"smallint(6)","dev":"0","isnull":"YES","lens":null},{"name":"cidaos","type":"decimal","explain":"\u8fdf\u5230\u5904\u7f5a","types":"decimal(10,2)","dev":"0.00","isnull":"YES","lens":null},{"name":"zaotui","type":"smallint","explain":"\u65e9\u9000(\u6b21)","types":"smallint(6)","dev":"0","isnull":"YES","lens":null},{"name":"zaotuis","type":"decimal","explain":"\u65e9\u9000\u5904\u7f5a","types":"decimal(10,2)","dev":"0.00","isnull":"YES","lens":null},{"name":"leave","type":"smallint","explain":"\u8bf7\u5047(\u5c0f\u65f6)","types":"smallint(6)","dev":"0","isnull":"YES","lens":null},{"name":"leaves","type":"decimal","explain":"\u8bf7\u5047\u51cf\u5c11","types":"decimal(10,2)","dev":"0.00","isnull":"YES","lens":null},{"name":"jiaban","type":"smallint","explain":"\u52a0\u73ed(\u5c0f\u65f6)","types":"smallint(6)","dev":"0","isnull":"YES","lens":null},{"name":"jiabans","type":"decimal","explain":"\u52a0\u73ed\u8865\u8d34","types":"decimal(10,2)","dev":"0.00","isnull":"YES","lens":null},{"name":"weidk","type":"smallint","explain":"\u672a\u6253\u5361(\u6b21)","types":"smallint(6)","dev":"0","isnull":"YES","lens":null},{"name":"weidks","type":"decimal","explain":"\u672a\u6253\u5361\u51cf\u5c11","types":"decimal(10,2)","dev":"0.00","isnull":"YES","lens":null},{"name":"jxjs","type":"decimal","explain":"\u7ee9\u6548\u57fa\u6570","types":"decimal(10,2)","dev":"0.00","isnull":"YES","lens":null},{"name":"jxxs","type":"decimal","explain":"\u7ee9\u6548\u7cfb\u6570","types":"decimal(10,2)","dev":"0.00","isnull":"YES","lens":null},{"name":"jxdf","type":"decimal","explain":"\u7ee9\u6548\u6253\u5206","types":"decimal(10,2)","dev":"0.00","isnull":"YES","lens":null},{"name":"jtpost","type":"decimal","explain":"\u7ee9\u6548\u6536\u5165","types":"decimal(10,2)","dev":"0.00","isnull":"YES","lens":null},{"name":"ysbtime","type":"decimal","explain":"\u5e94\u4e0a\u73ed\u5929\u6570","types":"decimal(10,1)","dev":"0.0","isnull":"YES","lens":null},{"name":"zsbtime","type":"decimal","explain":"\u5df2\u4e0a\u73ed\u5929\u6570","types":"decimal(10,1)","dev":"0.0","isnull":"YES","lens":null},{"name":"gonggeren","type":"decimal","explain":"\u516c\u79ef\u91d1\u4e2a\u4eba","types":"decimal(10,2)","dev":"0.00","isnull":"YES","lens":null},{"name":"gongunit","type":"decimal","explain":"\u516c\u79ef\u91d1\u5355\u4f4d","types":"decimal(10,2)","dev":"0.00","isnull":"YES","lens":null},{"name":"foodbt","type":"decimal","explain":"\u9910\u8865\u8d34","types":"decimal(10,2)","dev":"0.00","isnull":"YES","lens":null},{"name":"hotbt","type":"decimal","explain":"\u9ad8\u6e29\u6d25\u8d34","types":"decimal(10,2)","dev":"0.00","isnull":"YES","lens":null},{"name":"dnbt","type":"decimal","explain":"\u7535\u8111\u8865\u8d34","types":"decimal(10,2)","dev":"0.00","isnull":"YES","lens":null},{"name":"jiansr","type":"decimal","explain":"\u8ba1\u4ef6\u6536\u5165","types":"decimal(10,2)","dev":"0.00","isnull":"YES","lens":null},{"name":"otherbt","type":"decimal","explain":"\u5176\u4ed6\u8865\u8d34","types":"decimal(10,2)","dev":"0.00","isnull":"YES","lens":null},{"name":"comid","type":"smallint","explain":"\u5bf9\u5e94\u5355\u4f4did","types":"smallint(6)","dev":"0","isnull":"YES","lens":null}],"data":[]}}