{"xinhu_im_group":{"fields":[{"name":"id","type":"int","explain":"","types":"int(11)","dev":null,"isnull":"NO","lens":null},{"name":"name","type":"varchar","explain":"\u540d\u79f0","types":"varchar(20)","dev":null,"isnull":"YES","lens":"20"},{"name":"pid","type":"smallint","explain":"\u5bf9\u5e94\u4e0a\u7ea7","types":"smallint(6)","dev":"0","isnull":"YES","lens":null},{"name":"types","type":"varchar","explain":"\u5e94\u7528\u5206\u7c7b","types":"varchar(10)","dev":null,"isnull":"YES","lens":"10"},{"name":"type","type":"tinyint","explain":"\u7c7b\u578b@0|\u7fa4,1|\u8ba8\u8bba\u7ec4,2|\u5e94\u7528","types":"tinyint(1)","dev":"0","isnull":"YES","lens":null},{"name":"sort","type":"smallint","explain":"\u6392\u5e8f\u53f7","types":"smallint(6)","dev":"0","isnull":"YES","lens":null},{"name":"createid","type":"int","explain":"","types":"int(11)","dev":null,"isnull":"YES","lens":null},{"name":"createname","type":"varchar","explain":"\u521b\u5efa\u4eba","types":"varchar(20)","dev":null,"isnull":"YES","lens":"20"},{"name":"createdt","type":"datetime","explain":"\u521b\u5efa\u65f6\u95f4","types":"datetime","dev":null,"isnull":"YES","lens":null},{"name":"face","type":"varchar","explain":"\u5934\u50cf","types":"varchar(50)","dev":null,"isnull":"YES","lens":"50"},{"name":"num","type":"varchar","explain":"","types":"varchar(20)","dev":null,"isnull":"YES","lens":"20"},{"name":"receid","type":"varchar","explain":"","types":"varchar(200)","dev":null,"isnull":"YES","lens":"200"},{"name":"recename","type":"varchar","explain":"","types":"varchar(200)","dev":null,"isnull":"YES","lens":"200"},{"name":"url","type":"varchar","explain":"","types":"varchar(100)","dev":null,"isnull":"YES","lens":"100"},{"name":"valid","type":"tinyint","explain":"","types":"tinyint(1)","dev":"1","isnull":"YES","lens":null},{"name":"explain","type":"varchar","explain":"","types":"varchar(200)","dev":null,"isnull":"YES","lens":"200"},{"name":"iconfont","type":"varchar","explain":"\u5bf9\u5e94\u5b57\u4f53\u56fe\u6807","types":"varchar(30)","dev":null,"isnull":"YES","lens":"30"},{"name":"iconcolor","type":"varchar","explain":"\u5b57\u4f53\u56fe\u6807\u989c\u8272","types":"varchar(7)","dev":null,"isnull":"YES","lens":"7"},{"name":"yylx","type":"tinyint","explain":"\u5e94\u7528\u7c7b\u578b0\u5168\u90e8,1pc,2\u624b\u673a","types":"tinyint(1)","dev":"0","isnull":"YES","lens":null},{"name":"urlpc","type":"varchar","explain":"\u5e94\u7528\u4e0aPC\u5730\u5740","types":"varchar(200)","dev":null,"isnull":"YES","lens":"200"},{"name":"urlm","type":"varchar","explain":"\u5e94\u7528\u4e0a\u624b\u673a\u7aef\u5730\u5740","types":"varchar(200)","dev":null,"isnull":"YES","lens":"200"},{"name":"deptid","type":"varchar","explain":"\u5bf9\u5e94\u90e8\u95e8id","types":"varchar(100)","dev":null,"isnull":"YES","lens":"100"}],"data":[{"id":"1","name":"\u4e2d\u6295\u56e2\u961f","pid":"0","types":"\u5b98\u7f51","type":"2","sort":"0","createid":null,"createname":null,"createdt":null,"face":"images\/logo.png","num":"xinhu","receid":null,"recename":null,"url":"link","valid":"0","explain":null,"iconfont":"cf-c90","iconcolor":"#1ABC9C","yylx":"0","urlpc":"http:\/\/ds.cicqeg.com\/","urlm":null,"deptid":null},{"id":"2","name":"\u5168\u4f53\u4eba\u5458","pid":"0","types":null,"type":"0","sort":"0","createid":"1","createname":null,"createdt":null,"face":"images\/logo.png","num":null,"receid":null,"recename":null,"url":null,"valid":"1","explain":null,"iconfont":null,"iconcolor":null,"yylx":"0","urlpc":null,"urlm":null,"deptid":"1"},{"id":"3","name":"\u901a\u77e5\u516c\u544a","pid":"0","types":"\u57fa\u7840","type":"2","sort":"51","createid":null,"createname":null,"createdt":null,"face":"images\/gong.png","num":"gong","receid":null,"recename":null,"url":"link","valid":"1","explain":null,"iconfont":"xiaolaba","iconcolor":"#f25e94","yylx":"0","urlpc":"gong","urlm":null,"deptid":null},{"id":"4","name":"\u4f1a\u8bae","pid":"0","types":"\u57fa\u7840","type":"2","sort":"27","createid":null,"createname":null,"createdt":null,"face":"images\/meet.png","num":"meet","receid":null,"recename":null,"url":"auto","valid":"0","explain":null,"iconfont":"huiyi-copy","iconcolor":"#fc6419","yylx":"0","urlpc":null,"urlm":null,"deptid":null},{"id":"7","name":"\u5de5\u4f5c\u65e5\u62a5","pid":"0","types":"\u57fa\u7840","type":"2","sort":"26","createid":null,"createname":null,"createdt":"2015-06-25 16:03:34","face":"images\/daily.png","num":"daily","receid":null,"recename":null,"url":"auto","valid":"0","explain":null,"iconfont":"ribaojindu","iconcolor":"#578dc4","yylx":"0","urlpc":null,"urlm":null,"deptid":null},{"id":"12","name":"\u4efb\u52a1","pid":"0","types":"\u4efb\u52a1","type":"2","sort":"13","createid":"1","createname":"\u7ba1\u7406\u5458","createdt":"2015-09-10 13:38:07","face":"images\/work.png","num":"work","receid":null,"recename":null,"url":"auto","valid":"0","explain":null,"iconfont":"renwu","iconcolor":"#91cd4a","yylx":"0","urlpc":null,"urlm":null,"deptid":null},{"id":"13","name":"\u4e07\u5e74\u5386","pid":"0","types":"\u57fa\u7840","type":"2","sort":"25","createid":null,"createname":null,"createdt":null,"face":"images\/calendar.png","num":"calendar","receid":null,"recename":null,"url":"link","valid":"0","explain":null,"iconfont":"rili","iconcolor":"#e0815c","yylx":"0","urlpc":"http:\/\/www.rockoa.com\/rili.html","urlm":null,"deptid":null},{"id":"14","name":"\u9ad8\u7ba1\u7fa4","pid":"0","types":null,"type":"0","sort":"0","createid":null,"createname":null,"createdt":null,"face":null,"num":null,"receid":null,"recename":null,"url":null,"valid":"1","explain":null,"iconfont":null,"iconcolor":null,"yylx":"0","urlpc":null,"urlm":null,"deptid":null},{"id":"15","name":"\u6d41\u7a0b\u7533\u8bf7","pid":"0","types":"\u6d41\u7a0b","type":"2","sort":"42","createid":null,"createname":null,"createdt":null,"face":"images\/flow.png","num":"flow","receid":null,"recename":null,"url":"buin","valid":"1","explain":null,"iconfont":"shenqingliuchengicon","iconcolor":"#3fbfc2","yylx":"0","urlpc":null,"urlm":null,"deptid":null},{"id":"16","name":"\u6d41\u7a0b\u5f85\u529e","pid":"0","types":"\u6d41\u7a0b","type":"2","sort":"41","createid":null,"createname":null,"createdt":null,"face":"images\/daiban.png","num":"daiban","receid":null,"recename":null,"url":"link","valid":"1","explain":null,"iconfont":"daiban","iconcolor":"#33b5e5","yylx":"0","urlpc":"daiban","urlm":null,"deptid":null},{"id":"17","name":"\u5ba2\u6237\u7ba1\u7406","pid":"0","types":"\u5ba2\u6237","type":"2","sort":"11","createid":null,"createname":null,"createdt":null,"face":"images\/crm.png","num":"customer","receid":null,"recename":null,"url":"auto","valid":"1","explain":null,"iconfont":"kehu","iconcolor":"#2e98f1","yylx":"0","urlpc":null,"urlm":null,"deptid":null},{"id":"18","name":"\u5ba2\u6237\u4e3b\u9875","pid":"0","types":"\u5ba2\u6237","type":"2","sort":"50","createid":null,"createname":null,"createdt":null,"face":"images\/crm.png","num":"crmindex","receid":null,"recename":null,"url":"link","valid":"0","explain":null,"iconfont":"kehu","iconcolor":"#2e98f1","yylx":"1","urlpc":"crmindex","urlm":null,"deptid":null},{"id":"19","name":"\u9500\u552e\u673a\u4f1a","pid":"0","types":"\u5ba2\u6237","type":"2","sort":"52","createid":null,"createname":null,"createdt":null,"face":"images\/sale.png","num":"custsale","receid":null,"recename":null,"url":"auto","valid":"0","explain":null,"iconfont":"xiaoshou","iconcolor":"#5c8fba","yylx":"0","urlpc":null,"urlm":null,"deptid":null},{"id":"20","name":"\u6587\u6863","pid":"0","types":"\u8d44\u6e90","type":"2","sort":"31","createid":null,"createname":null,"createdt":null,"face":"images\/folder.png","num":"word","receid":null,"recename":null,"url":"link","valid":"0","explain":null,"iconfont":"wenjian-copy","iconcolor":"#f5d95a","yylx":"0","urlpc":"word","urlm":"http:\/\/ds.cicqeg.com","deptid":null},{"id":"21","name":"\u65e5\u7a0b","pid":"0","types":"\u57fa\u7840","type":"2","sort":"53","createid":null,"createname":null,"createdt":null,"face":"images\/bwl2.png","num":"schedule","receid":null,"recename":null,"url":"link","valid":"1","explain":null,"iconfont":"richeng","iconcolor":"#158aad","yylx":"0","urlpc":"schedule","urlm":null,"deptid":null},{"id":"24","name":"\u5916\u51fa\u51fa\u5dee","pid":"0","types":"\u8003\u52e4","type":"2","sort":"7","createid":null,"createname":null,"createdt":null,"face":"images\/waichu.png","num":"waichu","receid":null,"recename":null,"url":"auto","valid":"0","explain":null,"iconfont":"waichu","iconcolor":"#cc9999","yylx":"0","urlpc":null,"urlm":null,"deptid":null},{"id":"26","name":"\u90ae\u4ef6","pid":"0","types":"\u57fa\u7840","type":"2","sort":"22","createid":null,"createname":null,"createdt":null,"face":"images\/email.png","num":"emailm","receid":null,"recename":null,"url":"link","valid":"0","explain":null,"iconfont":"youjian","iconcolor":"#7CD3B0","yylx":"0","urlpc":"email","urlm":null,"deptid":null},{"id":"27","name":"\u77e5\u8bc6\u4fe1\u606f","pid":"0","types":"\u8d44\u6e90","type":"2","sort":"33","createid":null,"createname":null,"createdt":null,"face":"images\/zhishi.png","num":"knowledge","receid":null,"recename":null,"url":"auto","valid":"0","explain":null,"iconfont":"knowledge","iconcolor":"#F28794","yylx":"0","urlpc":null,"urlm":null,"deptid":null},{"id":"5","name":"\u901a\u8baf\u5f55","pid":"0","types":"\u57fa\u7840","type":"2","sort":"21","createid":null,"createname":null,"createdt":null,"face":"images\/tongxunlu.png","num":"user","receid":null,"recename":null,"url":"link","valid":"0","explain":null,"iconfont":"tongxunlu","iconcolor":"#B28649","yylx":"0","urlpc":"reimtxl","urlm":null,"deptid":null},{"id":"28","name":"\u8003\u52e4\u4fe1\u606f","pid":"0","types":"\u8003\u52e4","type":"2","sort":"5","createid":null,"createname":null,"createdt":null,"face":"images\/kaoqin.png","num":"kqdkjl","receid":null,"recename":null,"url":"auto","valid":"0","explain":null,"iconfont":null,"iconcolor":null,"yylx":"0","urlpc":null,"urlm":null,"deptid":null},{"id":"29","name":"\u8003\u52e4\u6253\u5361","pid":"0","types":"\u8003\u52e4","type":"2","sort":"3","createid":null,"createname":null,"createdt":null,"face":"images\/adddk.png","num":"kqdaka","receid":null,"recename":null,"url":"link","valid":"0","explain":null,"iconfont":null,"iconcolor":null,"yylx":"0","urlpc":null,"urlm":"?d=we&m=ying&a=daka","deptid":null},{"id":"30","name":"\u8003\u52e4\u7edf\u8ba1","pid":"0","types":"\u8003\u52e4","type":"2","sort":"6","createid":null,"createname":null,"createdt":null,"face":"images\/kaoqin.png","num":"kqtotal","receid":null,"recename":null,"url":"auto","valid":"0","explain":null,"iconfont":null,"iconcolor":null,"yylx":"0","urlpc":null,"urlm":null,"deptid":null},{"id":"31","name":"\u5f00\u53d1\u90e8","pid":"0","types":null,"type":"0","sort":"1","createid":null,"createname":null,"createdt":null,"face":"","num":null,"receid":null,"recename":null,"url":null,"valid":"1","explain":null,"iconfont":null,"iconcolor":null,"yylx":"0","urlpc":null,"urlm":null,"deptid":"2"},{"id":"32","name":"\u9898\u5e93","pid":"0","types":"\u8d44\u6e90","type":"2","sort":"34","createid":null,"createname":null,"createdt":null,"face":"images\/tiku.png","num":"knowtiku","receid":null,"recename":null,"url":"auto","valid":"0","explain":null,"iconfont":"tiku","iconcolor":"#fb2b16","yylx":"0","urlpc":null,"urlm":null,"deptid":null},{"id":"33","name":"\u57f9\u8bad\u8003\u8bd5","pid":"0","types":"\u8d44\u6e90","type":"2","sort":"35","createid":null,"createname":null,"createdt":null,"face":"images\/kaoshi.png","num":"kaoshi","receid":null,"recename":null,"url":"auto","valid":"0","explain":null,"iconfont":"kaoshi","iconcolor":"#4f68b0","yylx":"0","urlpc":null,"urlm":null,"deptid":null},{"id":"34","name":"\u6536\u6b3e\u5408\u540c","pid":"0","types":"\u5ba2\u6237","type":"2","sort":"12","createid":null,"createname":null,"createdt":null,"face":"images\/skuan.png","num":"custract","receid":null,"recename":null,"url":"auto","valid":"1","explain":null,"iconfont":"kehu-kehuhetong","iconcolor":"#4ca2fa","yylx":"0","urlpc":null,"urlm":null,"deptid":null},{"id":"35","name":"\u5408\u540c\u6536\u6b3e\u5355","pid":"0","types":"\u8d22\u52a1\u7ba1\u7406","type":"2","sort":"21","createid":null,"createname":null,"createdt":null,"face":"images\/skuan.png","num":"custfina","receid":"g12,g8","recename":"\u7cfb\u7edf\u7ba1\u7406\u5458\u7ec4,\u8d22\u52a1\u90e8\u7ec4","url":"auto","valid":"1","explain":null,"iconfont":"achargeaudit","iconcolor":"#339966","yylx":"0","urlpc":null,"urlm":null,"deptid":null},{"id":"36","name":"\u5408\u540c\u4ed8\u6b3e\u5355","pid":"0","types":"\u8d22\u52a1\u7ba1\u7406","type":"2","sort":"22","createid":null,"createname":null,"createdt":null,"face":"images\/fkuan.png","num":"custfkd","receid":"g12,g8","recename":"\u7cfb\u7edf\u7ba1\u7406\u5458\u7ec4,\u8d22\u52a1\u90e8\u7ec4","url":"auto","valid":"1","explain":null,"iconfont":"apayaudit","iconcolor":"#cf9d31","yylx":"0","urlpc":null,"urlm":null,"deptid":null},{"id":"38","name":"\u5de5\u8d44\u6761","pid":"0","types":"\u57fa\u7840","type":"2","sort":"29","createid":null,"createname":null,"createdt":null,"face":"images\/gzt.png","num":"hrsalary","receid":null,"recename":null,"url":"auto","valid":"0","explain":null,"iconfont":null,"iconcolor":"#FF6666","yylx":"0","urlpc":null,"urlm":null,"deptid":null},{"id":"39","name":"\u7533\u8bf7\u6d41\u7a0b","pid":"0","types":"\u6d41\u7a0b","type":"2","sort":"12","createid":null,"createname":null,"createdt":null,"face":"images\/apply.png","num":"flowapply","receid":null,"recename":null,"url":"link","valid":"0","explain":null,"iconfont":null,"iconcolor":null,"yylx":"0","urlpc":"flowapply","urlm":"?d=we&m=flow&a=apply","deptid":null},{"id":"40","name":"\u8ba2\u9605\u62a5\u8868","pid":"0","types":"\u57fa\u7840","type":"2","sort":"30","createid":null,"createname":null,"createdt":null,"face":"images\/work.png","num":"subscribeinfo","receid":null,"recename":null,"url":"auto","valid":"0","explain":null,"iconfont":null,"iconcolor":null,"yylx":"0","urlpc":null,"urlm":null,"deptid":null},{"id":"41","name":"\u516c\u6587\u67e5\u9605","pid":"0","types":"\u516c\u6587","type":"2","sort":"15","createid":null,"createname":null,"createdt":null,"face":"images\/gw.png","num":"officic","receid":null,"recename":null,"url":"auto","valid":"0","explain":null,"iconfont":null,"iconcolor":"#ff6600","yylx":"0","urlpc":null,"urlm":null,"deptid":null},{"id":"42","name":"\u53d1\u6587\u5355","pid":"0","types":"\u516c\u6587","type":"2","sort":"16","createid":null,"createname":null,"createdt":null,"face":"images\/fawen.png","num":"officia","receid":null,"recename":null,"url":"auto","valid":"0","explain":null,"iconfont":null,"iconcolor":"#f85252","yylx":"0","urlpc":null,"urlm":null,"deptid":null},{"id":"43","name":"\u6536\u6587\u5355","pid":"0","types":"\u516c\u6587","type":"2","sort":"17","createid":null,"createname":null,"createdt":null,"face":"images\/shouwen.png","num":"officib","receid":null,"recename":null,"url":"auto","valid":"0","explain":null,"iconfont":null,"iconcolor":"#ff0000","yylx":"0","urlpc":null,"urlm":null,"deptid":null},{"id":"44","name":"\u9879\u76ee","pid":"0","types":"\u4efb\u52a1","type":"2","sort":"14","createid":null,"createname":null,"createdt":null,"face":"images\/project.png","num":"project","receid":null,"recename":null,"url":"auto","valid":"0","explain":null,"iconfont":null,"iconcolor":"#30c7b0","yylx":"0","urlpc":null,"urlm":null,"deptid":null},{"id":"45","name":"\u6392\u73ed\u67e5\u770b","pid":"0","types":"\u8003\u52e4","type":"2","sort":"4","createid":null,"createname":null,"createdt":null,"face":"images\/bwl2.png","num":"kqpai","receid":null,"recename":null,"url":"auto","valid":"0","explain":null,"iconfont":null,"iconcolor":null,"yylx":"0","urlpc":null,"urlm":null,"deptid":null},{"id":"46","name":"\u56de\u6267\u786e\u8ba4","pid":"0","types":"\u57fa\u7840","type":"2","sort":"30","createid":null,"createname":null,"createdt":null,"face":"images\/jwcl.png","num":"receipt","receid":null,"recename":null,"url":"auto","valid":"0","explain":null,"iconfont":null,"iconcolor":null,"yylx":"0","urlpc":null,"urlm":null,"deptid":null},{"id":"49","name":"\u63d0\u9192\u6d88\u606f","pid":"0","types":"\u57fa\u7840","type":"2","sort":"52","createid":null,"createname":null,"createdt":null,"face":"images\/todo.png","num":"todo","receid":null,"recename":null,"url":"auto","valid":"1","explain":null,"iconfont":null,"iconcolor":null,"yylx":"0","urlpc":null,"urlm":null,"deptid":null},{"id":"50","name":"\u6587\u6863\u534f\u4f5c","pid":"0","types":"\u8d44\u6e90","type":"2","sort":"32","createid":null,"createname":null,"createdt":null,"face":"images\/wjj.png","num":"wordxie","receid":null,"recename":null,"url":"link","valid":"0","explain":null,"iconfont":null,"iconcolor":null,"yylx":"0","urlpc":"wordxie","urlm":null,"deptid":null},{"id":"52","name":"\u65b0\u95fb\u8d44\u8baf","pid":"0","types":"\u57fa\u7840","type":"2","sort":"30","createid":null,"createname":null,"createdt":null,"face":"images\/news.png","num":"news","receid":null,"recename":null,"url":"auto","valid":"0","explain":null,"iconfont":null,"iconcolor":null,"yylx":"0","urlpc":null,"urlm":null,"deptid":null},{"id":"53","name":"\u6d41\u7a0b\u76d1\u63a7","pid":"0","types":"\u6d41\u7a0b","type":"2","sort":"11","createid":null,"createname":null,"createdt":null,"face":"images\/jiank.png","num":"jiankong","receid":null,"recename":null,"url":"auto","valid":"0","explain":null,"iconfont":null,"iconcolor":null,"yylx":"0","urlpc":null,"urlm":null,"deptid":null},{"id":"56","name":"\u5408\u540c\u8d39\u7528\u5355","pid":"0","types":"\u8d22\u52a1\u7ba1\u7406","type":"2","sort":"26","createid":null,"createname":null,"createdt":null,"face":"images\/fkuan.png","num":"custfee","receid":"g12,g8","recename":"\u7cfb\u7edf\u7ba1\u7406\u5458\u7ec4,\u8d22\u52a1\u90e8\u7ec4","url":"auto","valid":"1","explain":null,"iconfont":null,"iconcolor":null,"yylx":"0","urlpc":null,"urlm":null,"deptid":null},{"id":"57","name":"\u8c03\u8d26\u5355","pid":"0","types":"\u8d22\u52a1\u7ba1\u7406","type":"2","sort":"23","createid":null,"createname":null,"createdt":null,"face":"images\/fkuan.png","num":"custfinaa","receid":"g12,g8","recename":"\u7cfb\u7edf\u7ba1\u7406\u5458\u7ec4,\u8d22\u52a1\u90e8\u7ec4","url":"auto","valid":"1","explain":null,"iconfont":null,"iconcolor":null,"yylx":"0","urlpc":null,"urlm":null,"deptid":null},{"id":"65","name":"\u4ed8\u6b3e\u7533\u8bf7","pid":"0","types":"\u8d22\u52a1\u7ba1\u7406","type":"2","sort":"24","createid":null,"createname":null,"createdt":null,"face":"images\/fkuan.png","num":"finpay","receid":"g12,g8","recename":"\u7cfb\u7edf\u7ba1\u7406\u5458\u7ec4,\u8d22\u52a1\u90e8\u7ec4","url":"auto","valid":"1","explain":null,"iconfont":null,"iconcolor":null,"yylx":"0","urlpc":null,"urlm":null,"deptid":null},{"id":"60","name":"\u8d39\u7528\u62a5\u9500","pid":"0","types":"\u8d22\u52a1\u7ba1\u7406","type":"2","sort":"24","createid":null,"createname":null,"createdt":null,"face":"images\/baoxiao.png","num":"finfybx","receid":null,"recename":null,"url":"auto","valid":"1","explain":null,"iconfont":null,"iconcolor":null,"yylx":"0","urlpc":null,"urlm":null,"deptid":null},{"id":"61","name":"\u51fa\u5dee\u62a5\u9500","pid":"0","types":"\u8d22\u52a1\u7ba1\u7406","type":"2","sort":"5","createid":null,"createname":null,"createdt":null,"face":"images\/baoxiao.png","num":"finccbx","receid":null,"recename":null,"url":"auto","valid":"0","explain":null,"iconfont":null,"iconcolor":null,"yylx":"0","urlpc":null,"urlm":null,"deptid":null},{"id":"66","name":"\u6211\u7684\u4f59\u989d","pid":"0","types":"\u62a5\u8868\u7ba1\u7406","type":"2","sort":"31","createid":null,"createname":null,"createdt":null,"face":"images\/yue.png","num":"account","receid":"g12,g8","recename":"\u7cfb\u7edf\u7ba1\u7406\u5458\u7ec4,\u8d22\u52a1\u90e8\u7ec4","url":"auto","valid":"1","explain":null,"iconfont":null,"iconcolor":null,"yylx":"0","urlpc":null,"urlm":null,"deptid":null},{"id":"67","name":"\u5408\u540c\u6210\u672c\u8868","pid":"0","types":"\u62a5\u8868\u7ba1\u7406","type":"2","sort":"32","createid":null,"createname":null,"createdt":null,"face":"\/images\/baoxiao.png","num":"contract_report","receid":"g12,g8","recename":"\u7cfb\u7edf\u7ba1\u7406\u5458\u7ec4,\u8d22\u52a1\u90e8\u7ec4","url":"link","valid":"1","explain":null,"iconfont":null,"iconcolor":null,"yylx":"2","urlpc":null,"urlm":"http:\/\/zhongshui.cicscm.com\/new\/report.html","deptid":null},{"id":"68","name":"\u4ed8\u6b3e\u5408\u540c","pid":"0","types":"\u5ba2\u6237","type":"2","sort":"13","createid":null,"createname":null,"createdt":null,"face":"images\/fkuan.png","num":"pay_custract","receid":null,"recename":null,"url":"auto","valid":"1","explain":null,"iconfont":null,"iconcolor":"#4ca2fa","yylx":"0","urlpc":null,"urlm":null,"deptid":null},{"id":"69","name":"\u5f00\u7968\u7533\u8bf7","pid":"0","types":"\u8d22\u52a1\u7ba1\u7406","type":"2","sort":"25","createid":null,"createname":null,"createdt":null,"face":"images\/baoxiao.png","num":"finkai","receid":null,"recename":null,"url":"auto","valid":"1","explain":null,"iconfont":null,"iconcolor":null,"yylx":"0","urlpc":null,"urlm":null,"deptid":null}]}}