{"xinhu_feetype":{"fields":[{"name":"id","type":"int","explain":"\u8d39\u7528\u7c7b\u578b\u8868 xinhu_feetype","types":"int(11)","dev":null,"isnull":"NO","lens":null},{"name":"feename","type":"varchar","explain":"\u5b57\u5178\u540d\u5b57\u5b57\u6bb5","types":"varchar(100)","dev":null,"isnull":"YES","lens":"100"},{"name":"seq","type":"int","explain":"\u6392\u5e8f","types":"int(11)","dev":"0","isnull":"YES","lens":null},{"name":"uid","type":"int","explain":"\u5bf9\u5e94\u7528\u6237id","types":"int(11)","dev":"0","isnull":"YES","lens":null},{"name":"comid","type":"int","explain":"\u5bf9\u5e94\u5355\u4f4did","types":"int(11)","dev":"0","isnull":"YES","lens":null}],"data":[{"id":"47","feename":"\u5feb\u9012\u8d39","seq":"1","uid":"260","comid":"169"},{"id":"48","feename":"\u9910\u8d39","seq":"1","uid":"287","comid":"184"},{"id":"49","feename":"\u5feb\u9012\u8d39","seq":"1","uid":"299","comid":"187"},{"id":"50","feename":"\u5176\u4ed6\u8d39\u7528","seq":"1","uid":"298","comid":"186"},{"id":"51","feename":"\u4e1a\u52a1\u62db\u5f85\u8d39","seq":"2","uid":"328","comid":"192"},{"id":"52","feename":"\u4ea4\u901a\u8d39","seq":"1","uid":"328","comid":"192"},{"id":"53","feename":"\u670d\u52a1\u5668\u8d39\u7528","seq":"1","uid":"365","comid":"200"},{"id":"54","feename":"\u9910\u8d39","seq":"1","uid":"329","comid":"193"},{"id":"55","feename":"\u901a\u4fe1\u8d39","seq":"3","uid":"328","comid":"192"},{"id":"56","feename":"\u5feb\u9012\u8d39","seq":"4","uid":"328","comid":"192"},{"id":"57","feename":"\u529e\u516c\u573a\u6240\u79df\u8d41\u8d39","seq":"5","uid":"328","comid":"192"},{"id":"58","feename":"\u7269\u4e1a\u8d39","seq":"8","uid":"328","comid":"192"},{"id":"59","feename":"\u6c34\u7535\u6c14\u6696\u8d39","seq":"6","uid":"328","comid":"192"},{"id":"60","feename":"\u85aa\u8d44\u7c7b\u8d39\u7528","seq":"7","uid":"328","comid":"192"},{"id":"61","feename":"\u5dee\u65c5\u8d39","seq":"1","uid":"322","comid":"189"},{"id":"62","feename":"\u4f34\u624b\u793c","seq":"2","uid":"322","comid":"189"},{"id":"63","feename":"\u9910\u8d39","seq":"3","uid":"322","comid":"189"},{"id":"64","feename":"\u6237\u5916\u573a\u5730\u8d39","seq":"4","uid":"322","comid":"189"},{"id":"65","feename":"\u4f4f\u5bbf\u8d39","seq":"5","uid":"322","comid":"189"},{"id":"66","feename":"\u6750\u6599\u8d39\u7528","seq":"6","uid":"322","comid":"189"},{"id":"67","feename":"\u529e\u516c\u8d39","seq":"9","uid":"322","comid":"189"},{"id":"68","feename":"\u8336\u6c34\u8d391","seq":"1","uid":"381","comid":"208"},{"id":"69","feename":"\u5de5\u8d44","seq":"2","uid":"329","comid":"193"},{"id":"70","feename":"\u529e\u516c\u7528\u54c1","seq":"3","uid":"329","comid":"193"},{"id":"71","feename":"\u5899\u6599","seq":"0","uid":"329","comid":"193"},{"id":"72","feename":"\u706f\u9970","seq":"5","uid":"329","comid":"193"},{"id":"73","feename":"\u4eba\u5de5\u8d39\u7528","seq":"6","uid":"329","comid":"193"},{"id":"74","feename":"\u94a2\u6750\u8d39\u7528","seq":"7","uid":"329","comid":"193"},{"id":"75","feename":"\u5b66\u8d39","seq":"1","uid":"329","comid":"193"},{"id":"76","feename":"\u5de5\u8d39","seq":"1","uid":"405","comid":"218"},{"id":"77","feename":"\u5de5\u5177\u8d39","seq":"2","uid":"405","comid":"218"},{"id":"78","feename":"\u6cb9\u8d39","seq":"3","uid":"405","comid":"218"},{"id":"79","feename":"\u6750\u6599\u8d39","seq":"4","uid":"405","comid":"218"},{"id":"80","feename":"\u7269\u6599\u8d39","seq":"5","uid":"405","comid":"218"},{"id":"81","feename":"\u4eba\u5de5\u8d39","seq":"6","uid":"405","comid":"218"}]}}