{"xinhu_option":{"fields":[{"name":"id","type":"int","explain":"","types":"int(11)","dev":null,"isnull":"NO","lens":null},{"name":"name","type":"varchar","explain":"\u540d\u79f0","types":"varchar(50)","dev":null,"isnull":"YES","lens":"50"},{"name":"type","type":"int","explain":"\u9009\u9879\u7c7b\u578b","types":"int(11)","dev":"0","isnull":"YES","lens":null},{"name":"pid","type":"int","explain":"","types":"int(11)","dev":null,"isnull":"YES","lens":null},{"name":"num","type":"varchar","explain":"\u7f16\u53f7","types":"varchar(50)","dev":null,"isnull":"YES","lens":"50"},{"name":"value","type":"varchar","explain":"\u5bf9\u5e94\u503c","types":"varchar(1000)","dev":null,"isnull":"YES","lens":"1000"},{"name":"sort","type":"smallint","explain":"\u6392\u5e8f\u53f7","types":"smallint(6)","dev":"0","isnull":"YES","lens":null},{"name":"values","type":"varchar","explain":"","types":"varchar(50)","dev":null,"isnull":"YES","lens":"50"},{"name":"valid","type":"tinyint","explain":"","types":"tinyint(1)","dev":"1","isnull":"YES","lens":null},{"name":"optdt","type":"datetime","explain":"","types":"datetime","dev":null,"isnull":"YES","lens":null},{"name":"optid","type":"smallint","explain":"","types":"smallint(6)","dev":"0","isnull":"YES","lens":null},{"name":"receid","type":"varchar","explain":"","types":"varchar(300)","dev":null,"isnull":"YES","lens":"300"},{"name":"recename","type":"varchar","explain":"","types":"varchar(300)","dev":null,"isnull":"YES","lens":"300"},{"name":"explain","type":"varchar","explain":"\u8bf4\u660e","types":"varchar(200)","dev":null,"isnull":"YES","lens":"200"},{"name":"comid","type":"smallint","explain":"\u6240\u5c5e\u5355\u4f4did","types":"smallint(6)","dev":"0","isnull":"YES","lens":null}],"data":[{"id":"4","name":"\u6d41\u7a0b\u5206\u7c7b","type":"0","pid":"1","num":"flowfenlei","value":null,"sort":"10","values":null,"valid":"1","optdt":null,"optid":"0","receid":null,"recename":null,"explain":null,"comid":"0"},{"id":"5","name":"\u8003\u52e4","type":"0","pid":"4","num":null,"value":null,"sort":"0","values":null,"valid":"1","optdt":null,"optid":"0","receid":null,"recename":null,"explain":null,"comid":"0"},{"id":"6","name":"\u8868\u5355\u7c7b\u578b","type":"0","pid":"1","num":"flowinputtype","value":null,"sort":"10","values":null,"valid":"1","optdt":null,"optid":"0","receid":null,"recename":null,"explain":null,"comid":"0"},{"id":"7","name":"\u6587\u672c\u6846","type":"0","pid":"6","num":null,"value":"text","sort":"0","values":null,"valid":"1","optdt":null,"optid":"0","receid":null,"recename":null,"explain":null,"comid":"0"},{"id":"8","name":"\u65e5\u671f","type":"0","pid":"6","num":null,"value":"date","sort":"1","values":null,"valid":"1","optdt":null,"optid":"0","receid":null,"recename":null,"explain":null,"comid":"0"},{"id":"9","name":"\u65e5\u671f\u65f6\u95f4","type":"0","pid":"6","num":null,"value":"datetime","sort":"2","values":null,"valid":"1","optdt":null,"optid":"0","receid":null,"recename":null,"explain":null,"comid":"0"},{"id":"10","name":"\u65f6\u95f4","type":"0","pid":"6","num":null,"value":"time","sort":"3","values":null,"valid":"1","optdt":null,"optid":"0","receid":null,"recename":null,"explain":null,"comid":"0"},{"id":"11","name":"\u9690\u85cf\u6587\u672c\u6846","type":"0","pid":"6","num":null,"value":"hidden","sort":"4","values":null,"valid":"1","optdt":null,"optid":"0","receid":null,"recename":null,"explain":null,"comid":"0"},{"id":"12","name":"\u9009\u62e9\u4eba\u5458(\u5355\u9009)","type":"0","pid":"6","num":null,"value":"changeuser","sort":"7","values":null,"valid":"1","optdt":null,"optid":"0","receid":null,"recename":null,"explain":null,"comid":"0"},{"id":"13","name":"\u9009\u62e9\u4eba\u5458(\u591a\u9009)","type":"0","pid":"6","num":null,"value":"changeusercheck","sort":"8","values":null,"valid":"1","optdt":null,"optid":"0","receid":null,"recename":null,"explain":null,"comid":"0"},{"id":"14","name":"\u81ea\u5b9a\u4e49","type":"0","pid":"6","num":null,"value":"auto","sort":"30","values":null,"valid":"1","optdt":null,"optid":"0","receid":null,"recename":null,"explain":null,"comid":"0"},{"id":"15","name":"\u6570\u5b57","type":"0","pid":"6","num":null,"value":"number","sort":"5","values":null,"valid":"1","optdt":null,"optid":"0","receid":null,"recename":null,"explain":null,"comid":"0"},{"id":"16","name":"\u6587\u672c\u57df","type":"0","pid":"6","num":null,"value":"textarea","sort":"6","values":null,"valid":"1","optdt":null,"optid":"0","receid":null,"recename":null,"explain":null,"comid":"0"},{"id":"17","name":"\u56fa\u5b9a\u503c","type":"0","pid":"6","num":null,"value":"fixed","sort":"11","values":null,"valid":"1","optdt":null,"optid":"0","receid":null,"recename":null,"explain":null,"comid":"0"},{"id":"18","name":"\u7cfb\u7edf\u9009\u9879\u4e0b\u62c9\u6846","type":"0","pid":"6","num":null,"value":"rockcombo","sort":"12","values":null,"valid":"1","optdt":null,"optid":"0","receid":null,"recename":null,"explain":null,"comid":"0"},{"id":"19","name":"\u4e0b\u62c9\u6846","type":"0","pid":"6","num":null,"value":"select","sort":"13","values":null,"valid":"1","optdt":null,"optid":"0","receid":null,"recename":null,"explain":null,"comid":"0"},{"id":"20","name":"html\u7f16\u8f91\u5668","type":"0","pid":"6","num":null,"value":"htmlediter","sort":"14","values":null,"valid":"1","optdt":null,"optid":"0","receid":null,"recename":null,"explain":null,"comid":"0"},{"id":"21","name":"\u9009\u62e9\u90e8\u95e8\u4eba\u5458\u7ec4","type":"0","pid":"6","num":null,"value":"changedeptusercheck","sort":"10","values":null,"valid":"1","optdt":null,"optid":"0","receid":null,"recename":null,"explain":null,"comid":"0"},{"id":"22","name":"\u5355\u4e2a\u590d\u9009\u6846","type":"0","pid":"6","num":null,"value":"checkbox","sort":"15","values":null,"valid":"1","optdt":null,"optid":"0","receid":null,"recename":null,"explain":null,"comid":"0"},{"id":"23","name":"\u591a\u4e2a\u590d\u9009\u6846","type":"0","pid":"6","num":null,"value":"checkboxall","sort":"16","values":null,"valid":"1","optdt":null,"optid":"0","receid":null,"recename":null,"explain":null,"comid":"0"},{"id":"24","name":"\u9009\u62e9\u90e8\u95e8","type":"0","pid":"6","num":null,"value":"changedept","sort":"9","values":null,"valid":"1","optdt":null,"optid":"0","receid":null,"recename":null,"explain":null,"comid":"0"},{"id":"25","name":"\u884c\u653f","type":"0","pid":"4","num":null,"value":null,"sort":"0","values":null,"valid":"1","optdt":null,"optid":"0","receid":null,"recename":null,"explain":null,"comid":"0"},{"id":"26","name":"\u4fe1\u606f\u7c7b\u578b","type":"0","pid":"1","num":"gongtype","value":null,"sort":"10","values":null,"valid":"1","optdt":null,"optid":"0","receid":null,"recename":null,"explain":null,"comid":"0"},{"id":"27","name":"\u901a\u77e5\u516c\u544a","type":"0","pid":"26","num":null,"value":null,"sort":"0","values":null,"valid":"1","optdt":null,"optid":"0","receid":null,"recename":null,"explain":null,"comid":"0"},{"id":"28","name":"\u89c4\u5219\u5236\u5ea6","type":"0","pid":"26","num":null,"value":null,"sort":"0","values":null,"valid":"1","optdt":null,"optid":"0","receid":null,"recename":null,"explain":null,"comid":"0"},{"id":"29","name":"\u4f1a\u8bae\u5ba4","type":"0","pid":"1","num":"hyname","value":null,"sort":"10","values":null,"valid":"1","optdt":null,"optid":"0","receid":null,"recename":null,"explain":null,"comid":"0"},{"id":"30","name":"\u4f1a\u5ba2\u5ba4","type":"0","pid":"29","num":null,"value":null,"sort":"0","values":null,"valid":"1","optdt":null,"optid":"0","receid":null,"recename":null,"explain":null,"comid":"0"},{"id":"1","name":"\u4e2d\u6295","type":"0","pid":"0","num":"xinhu","value":null,"sort":"0","values":null,"valid":"1","optdt":null,"optid":"0","receid":null,"recename":null,"explain":null,"comid":"0"},{"id":"32","name":"\u4efb\u52a1\u7c7b\u578b","type":"0","pid":"151","num":"worktype","value":null,"sort":"0","values":null,"valid":"1","optdt":null,"optid":"0","receid":null,"recename":null,"explain":null,"comid":"0"},{"id":"33","name":"\u4efb\u52a1\u7b49\u7ea7","type":"0","pid":"151","num":"workgrade","value":null,"sort":"0","values":null,"valid":"1","optdt":null,"optid":"0","receid":null,"recename":null,"explain":null,"comid":"0"},{"id":"34","name":"bug","type":"0","pid":"32","num":null,"value":null,"sort":"0","values":null,"valid":"1","optdt":null,"optid":"0","receid":null,"recename":null,"explain":null,"comid":"0"},{"id":"35","name":"\u6539\u8fdb","type":"0","pid":"32","num":null,"value":null,"sort":"0","values":null,"valid":"1","optdt":null,"optid":"0","receid":null,"recename":null,"explain":null,"comid":"0"},{"id":"36","name":"\u8bbe\u8ba1","type":"0","pid":"32","num":null,"value":null,"sort":"0","values":null,"valid":"1","optdt":null,"optid":"0","receid":null,"recename":null,"explain":null,"comid":"0"},{"id":"37","name":"\u4f4e","type":"0","pid":"33","num":null,"value":null,"sort":"0","values":null,"valid":"1","optdt":null,"optid":"0","receid":null,"recename":null,"explain":null,"comid":"0"},{"id":"38","name":"\u4e2d","type":"0","pid":"33","num":null,"value":null,"sort":"0","values":null,"valid":"1","optdt":null,"optid":"0","receid":null,"recename":null,"explain":null,"comid":"0"},{"id":"39","name":"\u9ad8","type":"0","pid":"33","num":null,"value":null,"sort":"0","values":null,"valid":"1","optdt":null,"optid":"0","receid":null,"recename":null,"explain":null,"comid":"0"},{"id":"40","name":"\u7d27\u6025","type":"0","pid":"33","num":null,"value":null,"sort":"0","values":null,"valid":"1","optdt":null,"optid":"0","receid":null,"recename":null,"explain":null,"comid":"0"},{"id":"41","name":"\u4efb\u52a1\u72b6\u6001","type":"0","pid":"151","num":"workstate","value":null,"sort":"0","values":null,"valid":"1","optdt":null,"optid":"0","receid":null,"recename":null,"explain":null,"comid":"0"},{"id":"42","name":"\u5f85\u6267\u884c","type":"0","pid":"41","num":null,"value":"0","sort":"0","values":null,"valid":"1","optdt":null,"optid":"0","receid":null,"recename":null,"explain":null,"comid":"0"},{"id":"43","name":"\u6267\u884c\u4e2d","type":"0","pid":"41","num":null,"value":"2","sort":"0","values":null,"valid":"1","optdt":null,"optid":"0","receid":null,"recename":null,"explain":null,"comid":"0"},{"id":"44","name":"\u5df2\u5b8c\u6210","type":"0","pid":"41","num":null,"value":"1","sort":"0","values":null,"valid":"1","optdt":null,"optid":"0","receid":null,"recename":null,"explain":null,"comid":"0"},{"id":"45","name":"\u4e2d\u6b62","type":"0","pid":"41","num":null,"value":"3","sort":"0","values":null,"valid":"1","optdt":null,"optid":"0","receid":null,"recename":null,"explain":null,"comid":"0"},{"id":"46","name":"\u8bf7\u5047\u7c7b\u578b","type":"0","pid":"144","num":"kqqjkind","value":null,"sort":"0","values":null,"valid":"1","optdt":null,"optid":"0","receid":null,"recename":null,"explain":null,"comid":"0"},{"id":"47","name":"\u4e8b\u5047","type":"0","pid":"46","num":null,"value":null,"sort":"0","values":null,"valid":"1","optdt":null,"optid":"0","receid":null,"recename":null,"explain":null,"comid":"0"},{"id":"48","name":"\u75c5\u5047","type":"0","pid":"46","num":null,"value":null,"sort":"0","values":null,"valid":"1","optdt":null,"optid":"0","receid":null,"recename":null,"explain":null,"comid":"0"},{"id":"49","name":"\u5e74\u5047","type":"0","pid":"46","num":null,"value":null,"sort":"0","values":null,"valid":"1","optdt":null,"optid":"0","receid":null,"recename":null,"explain":null,"comid":"0"},{"id":"50","name":"\u5ba2\u6237\u9009\u9879","type":"0","pid":"1","num":"crm","value":null,"sort":"0","values":null,"valid":"1","optdt":null,"optid":"0","receid":null,"recename":null,"explain":null,"comid":"0"},{"id":"51","name":"CRM","type":"0","pid":"4","num":null,"value":null,"sort":"0","values":null,"valid":"1","optdt":null,"optid":"0","receid":null,"recename":null,"explain":null,"comid":"0"},{"id":"52","name":"\u5ba2\u6237\u7c7b\u578b","type":"0","pid":"50","num":"crmlaiyuan","value":null,"sort":"0","values":null,"valid":"1","optdt":null,"optid":"0","receid":null,"recename":null,"explain":null,"comid":"0"},{"id":"53","name":"\u9500\u552e\u72b6\u6001","type":"0","pid":"50","num":"crmstate","value":null,"sort":"10","values":null,"valid":"1","optdt":null,"optid":"0","receid":null,"recename":null,"explain":null,"comid":"0"},{"id":"54","name":null,"type":"0","pid":"52","num":null,"value":null,"sort":"0","values":null,"valid":"0","optdt":null,"optid":"0","receid":null,"recename":null,"explain":null,"comid":"0"},{"id":"55","name":"\u81ea\u5df1\u5f00\u62d3","type":"0","pid":"52","num":null,"value":null,"sort":"0","values":null,"valid":"1","optdt":null,"optid":"0","receid":null,"recename":null,"explain":null,"comid":"0"},{"id":"56","name":"\u8ddf\u8fdb\u4e2d","type":"0","pid":"53","num":null,"value":"0","sort":"0","values":null,"valid":"1","optdt":null,"optid":"0","receid":null,"recename":null,"explain":null,"comid":"0"},{"id":"57","name":"\u5df2\u6210\u4ea4","type":"0","pid":"53","num":null,"value":"1","sort":"0","values":null,"valid":"1","optdt":null,"optid":"0","receid":null,"recename":null,"explain":null,"comid":"0"},{"id":"58","name":"\u9500\u552e\u6765\u6e90","type":"0","pid":"50","num":"custsalelai","value":null,"sort":"0","values":null,"valid":"1","optdt":null,"optid":"0","receid":null,"recename":null,"explain":null,"comid":"0"},{"id":"59","name":"\u4e3b\u52a8\u6765\u8bbf","type":"0","pid":"58","num":null,"value":null,"sort":"0","values":null,"valid":"1","optdt":null,"optid":"0","receid":null,"recename":null,"explain":null,"comid":"0"},{"id":"60","name":"\u7f51\u4e0a\u8054\u7cfb","type":"0","pid":"58","num":null,"value":null,"sort":"0","values":null,"valid":"1","optdt":null,"optid":"0","receid":null,"recename":null,"explain":null,"comid":"0"},{"id":"61","name":"\u7535\u8bdd\u9500\u552e","type":"0","pid":"58","num":null,"value":null,"sort":"0","values":null,"valid":"1","optdt":null,"optid":"0","receid":null,"recename":null,"explain":null,"comid":"0"},{"id":"62","name":"\u884c\u653f\u9009\u9879","type":"0","pid":"1","num":"goods","value":null,"sort":"10","values":null,"valid":"1","optdt":null,"optid":"0","receid":null,"recename":null,"explain":null,"comid":"0"},{"id":"63","name":"\u4e92\u8054\u7f51","type":"0","pid":"83","num":null,"value":null,"sort":"0","values":null,"valid":"1","optdt":null,"optid":"0","receid":null,"recename":null,"explain":null,"comid":"0"},{"id":"64","name":"\u4e2d\u6295","type":"0","pid":"63","num":null,"value":null,"sort":"0","values":null,"valid":"1","optdt":null,"optid":"0","receid":null,"recename":null,"explain":null,"comid":"0"},{"id":"65","name":"\u529e\u516c\u8017\u6750","type":"0","pid":"83","num":null,"value":null,"sort":"0","values":null,"valid":"1","optdt":null,"optid":"0","receid":null,"recename":null,"explain":null,"comid":"0"},{"id":"66","name":"\u663e\u793a\u5668","type":"0","pid":"65","num":null,"value":null,"sort":"0","values":null,"valid":"1","optdt":null,"optid":"0","receid":null,"recename":null,"explain":null,"comid":"0"},{"id":"67","name":"\u9f20\u6807","type":"0","pid":"65","num":null,"value":null,"sort":"0","values":null,"valid":"1","optdt":null,"optid":"0","receid":null,"recename":null,"explain":null,"comid":"0"},{"id":"68","name":"\u4e3b\u673a","type":"0","pid":"65","num":null,"value":null,"sort":"0","values":null,"valid":"1","optdt":null,"optid":"0","receid":null,"recename":null,"explain":null,"comid":"0"},{"id":"357","name":"\u7f16\u7a0b","type":"0","pid":"232","num":null,"value":null,"sort":"0","values":null,"valid":"1","optdt":null,"optid":"0","receid":null,"recename":null,"explain":null,"comid":"0"},{"id":"70","name":"\u8d44\u4ea7\u54c1\u724c","type":"0","pid":"62","num":"rockbrand","value":null,"sort":"0","values":null,"valid":"1","optdt":null,"optid":"0","receid":null,"recename":null,"explain":null,"comid":"0"},{"id":"71","name":"\u5355\u4f4d","type":"0","pid":"62","num":"rockunit","value":null,"sort":"0","values":null,"valid":"1","optdt":null,"optid":"0","receid":null,"recename":null,"explain":null,"comid":"0"},{"id":"72","name":"\u53f0","type":"0","pid":"71","num":null,"value":null,"sort":"0","values":null,"valid":"1","optdt":null,"optid":"0","receid":null,"recename":null,"explain":null,"comid":"0"},{"id":"73","name":"\u4e2a","type":"0","pid":"71","num":null,"value":null,"sort":"0","values":null,"valid":"1","optdt":null,"optid":"0","receid":null,"recename":null,"explain":null,"comid":"0"},{"id":"74","name":"\u4ef6","type":"0","pid":"71","num":null,"value":null,"sort":"0","values":null,"valid":"1","optdt":null,"optid":"0","receid":null,"recename":null,"explain":null,"comid":"0"},{"id":"75","name":"\u7bb1","type":"0","pid":"71","num":null,"value":null,"sort":"0","values":null,"valid":"1","optdt":null,"optid":"0","receid":null,"recename":null,"explain":null,"comid":"0"},{"id":"76","name":"\u5e74","type":"0","pid":"71","num":null,"value":null,"sort":"0","values":null,"valid":"1","optdt":null,"optid":"0","receid":null,"recename":null,"explain":null,"comid":"0"},{"id":"77","name":"\u6708","type":"0","pid":"71","num":null,"value":null,"sort":"0","values":null,"valid":"1","optdt":null,"optid":"0","receid":null,"recename":null,"explain":null,"comid":"0"},{"id":"78","name":"\u5165\u5e93\u7c7b\u578b","type":"0","pid":"62","num":"kutype0","value":null,"sort":"0","values":null,"valid":"1","optdt":null,"optid":"0","receid":null,"recename":null,"explain":null,"comid":"0"},{"id":"79","name":"\u51fa\u5e93\u7c7b\u578b","type":"0","pid":"62","num":"kutype1","value":null,"sort":"0","values":null,"valid":"1","optdt":null,"optid":"0","receid":null,"recename":null,"explain":null,"comid":"0"},{"id":"80","name":"\u91c7\u8d2d\u5165\u5e93","type":"0","pid":"78","num":null,"value":"0","sort":"0","values":null,"valid":"1","optdt":null,"optid":"0","receid":null,"recename":null,"explain":null,"comid":"0"},{"id":"81","name":"\u9886\u7528\u51fa\u5e93","type":"0","pid":"79","num":null,"value":"0","sort":"0","values":null,"valid":"1","optdt":null,"optid":"0","receid":null,"recename":null,"explain":null,"comid":"0"},{"id":"82","name":"\u5f52\u8fd4\u5165\u5e93","type":"0","pid":"78","num":null,"value":"1","sort":"0","values":null,"valid":"1","optdt":null,"optid":"0","receid":null,"recename":null,"explain":null,"comid":"0"},{"id":"83","name":"\u7269\u54c1\u5206\u7c7b","type":"0","pid":"62","num":"goodstype","value":null,"sort":"0","values":null,"valid":"1","optdt":null,"optid":"0","receid":null,"recename":null,"explain":null,"comid":"0"},{"id":"84","name":"\u9500\u552e\u51fa\u5e93","type":"0","pid":"79","num":null,"value":"1","sort":"0","values":null,"valid":"1","optdt":null,"optid":"0","receid":null,"recename":null,"explain":null,"comid":"0"},{"id":"85","name":"\u77e5\u8bc6\u4fe1\u606f","type":"0","pid":"26","num":null,"value":null,"sort":"0","values":null,"valid":"1","optdt":null,"optid":"0","receid":null,"recename":null,"explain":null,"comid":"0"},{"id":"86","name":"\u7ba1\u7406\u5458\u6587\u4ef6\u5939\u76ee\u5f55","type":"0","pid":null,"num":"folder1","value":"success","sort":"0","values":null,"valid":"1","optdt":"2016-10-26 20:52:17","optid":"1","receid":null,"recename":null,"explain":null,"comid":"0"},{"id":"87","name":"\u6280\u672f\u6587\u6863","type":"0","pid":"86","num":null,"value":null,"sort":"20","values":null,"valid":"1","optdt":"2016-08-08 22:07:41","optid":"1","receid":null,"recename":null,"explain":null,"comid":"0"},{"id":"88","name":"\u9700\u6c42\u6587\u6863","type":"0","pid":"86","num":null,"value":null,"sort":"0","values":null,"valid":"1","optdt":"2016-08-08 22:08:27","optid":"1","receid":null,"recename":null,"explain":null,"comid":"0"},{"id":"89","name":"\u56fe\u7247","type":"0","pid":"86","num":null,"value":null,"sort":"0","values":null,"valid":"1","optdt":"2016-08-08 22:44:10","optid":"1","receid":"d1","recename":"\u4e2d\u6295\u5f00\u53d1\u56e2\u961f","explain":null,"comid":"0"},{"id":"92","name":"\u6587\u4ef6\u5939\u76ee\u5f55","type":"0","pid":null,"num":"folder3","value":"success","sort":"0","values":null,"valid":"1","optdt":"2016-10-19 19:30:59","optid":"3","receid":null,"recename":null,"explain":null,"comid":"0"},{"id":"93","name":"\u4e2a\u4eba\u6587\u4ef6","type":"0","pid":"92","num":null,"value":null,"sort":"0","values":null,"valid":"1","optdt":"2016-08-09 13:57:06","optid":"3","receid":null,"recename":null,"explain":null,"comid":"0"},{"id":"95","name":"js\u6587\u6863","type":"0","pid":"89","num":null,"value":null,"sort":"0","values":null,"valid":"1","optdt":"2016-08-09 22:20:23","optid":"1","receid":null,"recename":null,"explain":null,"comid":"0"},{"id":"94","name":"php\u6587\u6863","type":"0","pid":"89","num":null,"value":null,"sort":"0","values":null,"valid":"1","optdt":"2016-08-09 22:20:17","optid":"1","receid":null,"recename":null,"explain":null,"comid":"0"},{"id":"98","name":"\u6587\u4ef6\u5939\u76ee\u5f55","type":"0","pid":null,"num":"folder4","value":"success","sort":"0","values":null,"valid":"1","optdt":"2016-10-19 19:31:27","optid":"4","receid":null,"recename":null,"explain":null,"comid":"0"},{"id":"99","name":"\u516c\u6587\u9009\u9879","type":"0","pid":"1","num":"official","value":null,"sort":"10","values":null,"valid":"1","optdt":null,"optid":"0","receid":null,"recename":null,"explain":null,"comid":"0"},{"id":"100","name":"\u516c\u6587\u7c7b\u578b","type":"0","pid":"99","num":"officialclass","value":null,"sort":"0","values":null,"valid":"1","optdt":null,"optid":"0","receid":null,"recename":null,"explain":null,"comid":"0"},{"id":"101","name":"\u51b3\u8bae","type":"0","pid":"100","num":null,"value":null,"sort":"0","values":null,"valid":"1","optdt":null,"optid":"0","receid":null,"recename":null,"explain":null,"comid":"0"},{"id":"102","name":"\u51b3\u5b9a","type":"0","pid":"100","num":null,"value":null,"sort":"0","values":null,"valid":"1","optdt":null,"optid":"0","receid":null,"recename":null,"explain":null,"comid":"0"},{"id":"103","name":"\u8bf7\u793a","type":"0","pid":"100","num":null,"value":null,"sort":"0","values":null,"valid":"1","optdt":null,"optid":"0","receid":null,"recename":null,"explain":null,"comid":"0"},{"id":"104","name":"\u89c4\u5b9a","type":"0","pid":"100","num":null,"value":null,"sort":"0","values":null,"valid":"1","optdt":null,"optid":"0","receid":null,"recename":null,"explain":null,"comid":"0"},{"id":"105","name":"\u516c\u6587\u7b49\u7ea7","type":"0","pid":"99","num":"officialgrade","value":null,"sort":"0","values":null,"valid":"1","optdt":null,"optid":"0","receid":null,"recename":null,"explain":null,"comid":"0"},{"id":"106","name":"\u5e73\u6025","type":"0","pid":"105","num":null,"value":null,"sort":"0","values":null,"valid":"1","optdt":null,"optid":"0","receid":null,"recename":null,"explain":null,"comid":"0"},{"id":"107","name":"\u52a0\u6025","type":"0","pid":"105","num":null,"value":null,"sort":"0","values":null,"valid":"1","optdt":null,"optid":"0","receid":null,"recename":null,"explain":null,"comid":"0"},{"id":"108","name":"\u9879\u76ee\u9009\u9879","type":"0","pid":"1","num":"project","value":null,"sort":"10","values":null,"valid":"1","optdt":null,"optid":"0","receid":null,"recename":null,"explain":null,"comid":"0"},{"id":"109","name":"\u9879\u76ee\u7c7b\u578b","type":"0","pid":"108","num":"projecttype","value":null,"sort":"0","values":null,"valid":"1","optdt":null,"optid":"0","receid":null,"recename":null,"explain":null,"comid":"0"},{"id":"110","name":"\u4e00\u822c\u9879\u76ee","type":"0","pid":"109","num":null,"value":null,"sort":"0","values":null,"valid":"1","optdt":null,"optid":"0","receid":null,"recename":null,"explain":null,"comid":"0"},{"id":"111","name":"\u91cd\u8981\u9879\u76ee","type":"0","pid":"109","num":null,"value":null,"sort":"0","values":null,"valid":"1","optdt":null,"optid":"0","receid":null,"recename":null,"explain":null,"comid":"0"},{"id":"112","name":"\u5173\u952e\u9879\u76ee","type":"0","pid":"109","num":null,"value":null,"sort":"0","values":null,"valid":"1","optdt":null,"optid":"0","receid":null,"recename":null,"explain":null,"comid":"0"},{"id":"113","name":"\u9879\u76ee\u72b6\u6001","type":"0","pid":"108","num":"projectstate","value":null,"sort":"0","values":null,"valid":"1","optdt":null,"optid":"0","receid":null,"recename":null,"explain":null,"comid":"0"},{"id":"114","name":"\u5f85\u6267\u884c","type":"0","pid":"113","num":null,"value":"0","sort":"0","values":null,"valid":"1","optdt":null,"optid":"0","receid":null,"recename":null,"explain":null,"comid":"0"},{"id":"115","name":"\u6267\u884c\u4e2d","type":"0","pid":"113","num":null,"value":"2","sort":"0","values":null,"valid":"1","optdt":null,"optid":"0","receid":null,"recename":null,"explain":null,"comid":"0"},{"id":"116","name":"\u5df2\u53d6\u6d88","type":"0","pid":"113","num":null,"value":"3","sort":"0","values":null,"valid":"1","optdt":null,"optid":"0","receid":null,"recename":null,"explain":null,"comid":"0"},{"id":"117","name":"\u5df2\u5b8c\u6210","type":"0","pid":"113","num":null,"value":"1","sort":"0","values":null,"valid":"1","optdt":null,"optid":"0","receid":null,"recename":null,"explain":null,"comid":"0"},{"id":"128","name":"\u6587\u4ef6\u5939\u76ee\u5f55","type":"0","pid":null,"num":"folder8","value":"success","sort":"0","values":null,"valid":"1","optdt":"2016-10-01 17:57:12","optid":"8","receid":null,"recename":null,"explain":null,"comid":"0"},{"id":"130","name":"\u8d22\u52a1\u9009\u9879","type":"0","pid":"1","num":"finance","value":null,"sort":"1","values":null,"valid":"1","optdt":null,"optid":"0","receid":null,"recename":null,"explain":null,"comid":"0"},{"id":"131","name":"\u4ed8\u6b3e\u65b9\u5f0f","type":"0","pid":"130","num":"paytype","value":null,"sort":"0","values":null,"valid":"1","optdt":null,"optid":"0","receid":null,"recename":null,"explain":null,"comid":"0"},{"id":"132","name":"\u73b0\u91d1","type":"0","pid":"131","num":null,"value":null,"sort":"0","values":null,"valid":"1","optdt":null,"optid":"0","receid":null,"recename":null,"explain":null,"comid":"0"},{"id":"133","name":"\u652f\u4ed8\u5b9d","type":"0","pid":"131","num":null,"value":null,"sort":"0","values":null,"valid":"1","optdt":null,"optid":"0","receid":null,"recename":null,"explain":null,"comid":"0"},{"id":"134","name":"\u5fae\u4fe1","type":"0","pid":"131","num":null,"value":null,"sort":"0","values":null,"valid":"1","optdt":null,"optid":"0","receid":null,"recename":null,"explain":null,"comid":"0"},{"id":"135","name":"\u94f6\u884c\u8f6c\u8d26","type":"0","pid":"131","num":null,"value":null,"sort":"0","values":null,"valid":"1","optdt":null,"optid":"0","receid":null,"recename":null,"explain":null,"comid":"0"},{"id":"136","name":"\u62a5\u9500\u9879\u76ee","type":"0","pid":"130","num":"finaitems","value":null,"sort":"0","values":null,"valid":"1","optdt":null,"optid":"0","receid":null,"recename":null,"explain":null,"comid":"0"},{"id":"137","name":"\u5e02\u5185\u4ea4\u901a\u8d39","type":"0","pid":"136","num":null,"value":null,"sort":"0","values":null,"valid":"1","optdt":null,"optid":"0","receid":null,"recename":null,"explain":null,"comid":"0"},{"id":"138","name":"\u7535\u8bdd\u8d39","type":"0","pid":"136","num":null,"value":null,"sort":"0","values":null,"valid":"1","optdt":null,"optid":"0","receid":null,"recename":null,"explain":null,"comid":"0"},{"id":"139","name":"\u5feb\u9012\u8d39","type":"0","pid":"136","num":null,"value":null,"sort":"0","values":null,"valid":"1","optdt":null,"optid":"0","receid":null,"recename":null,"explain":null,"comid":"0"},{"id":"140","name":"\u505c\u8f66\u8d39","type":"0","pid":"136","num":null,"value":null,"sort":"0","values":null,"valid":"1","optdt":null,"optid":"0","receid":null,"recename":null,"explain":null,"comid":"0"},{"id":"141","name":"\u6587\u4ef6\u5939\u76ee\u5f55","type":"0","pid":null,"num":"folder5","value":"success","sort":"0","values":null,"valid":"1","optdt":"2016-09-08 21:13:56","optid":"5","receid":null,"recename":null,"explain":null,"comid":"0"},{"id":"143","name":"\u670d\u52a1\u6587\u6863","type":"0","pid":"128","num":null,"value":null,"sort":"0","values":null,"valid":"1","optdt":"2016-09-13 11:32:22","optid":"8","receid":null,"recename":null,"explain":null,"comid":"0"},{"id":"144","name":"\u8003\u52e4\u9009\u9879","type":"0","pid":"1","num":"kaoqin","value":null,"sort":"10","values":null,"valid":"1","optdt":null,"optid":"0","receid":null,"recename":null,"explain":null,"comid":"0"},{"id":"145","name":"\u4eba\u4e8b\u8003\u52e4\u7c7b\u578b","type":"0","pid":"144","num":"kqkind","value":null,"sort":"0","values":null,"valid":"1","optdt":null,"optid":"0","receid":null,"recename":null,"explain":null,"comid":"0"},{"id":"146","name":"\u589e\u52a0\u5e74\u5047","type":"0","pid":"145","num":null,"value":null,"sort":"0","values":null,"valid":"1","optdt":null,"optid":"0","receid":null,"recename":null,"explain":null,"comid":"0"},{"id":"147","name":"\u589e\u52a0\u54fa\u4e73\u5047","type":"0","pid":"145","num":null,"value":null,"sort":"0","values":null,"valid":"1","optdt":null,"optid":"0","receid":null,"recename":null,"explain":null,"comid":"0"},{"id":"148","name":"\u589e\u52a0\u966a\u4ea7\u5047","type":"0","pid":"145","num":null,"value":null,"sort":"0","values":null,"valid":"1","optdt":null,"optid":"0","receid":null,"recename":null,"explain":null,"comid":"0"},{"id":"149","name":"\u5956\u60e9","type":"0","pid":"26","num":null,"value":null,"sort":"0","values":null,"valid":"1","optdt":null,"optid":"0","receid":null,"recename":null,"explain":null,"comid":"0"},{"id":"150","name":"\u6587\u4ef6\u5939\u76ee\u5f55","type":"0","pid":null,"num":"folder9","value":null,"sort":"0","values":null,"valid":"1","optdt":"2016-10-01 18:38:06","optid":"9","receid":null,"recename":null,"explain":null,"comid":"0"},{"id":"151","name":"\u4efb\u52a1\u9009\u9879","type":"0","pid":"1","num":"work","value":null,"sort":"10","values":null,"valid":"1","optdt":null,"optid":"0","receid":null,"recename":null,"explain":null,"comid":"0"},{"id":"154","name":"\u4eba\u4e8b\u9009\u9879","type":"0","pid":"1","num":"usertype","value":null,"sort":"10","values":null,"valid":"1","optdt":null,"optid":"0","receid":null,"recename":null,"explain":null,"comid":"0"},{"id":"155","name":"\u5b66\u5386","type":"0","pid":"154","num":"xueli","value":null,"sort":"0","values":null,"valid":"1","optdt":null,"optid":"0","receid":null,"recename":null,"explain":null,"comid":"0"},{"id":"156","name":"\u5c0f\u5b66","type":"0","pid":"155","num":null,"value":null,"sort":"0","values":null,"valid":"1","optdt":null,"optid":"0","receid":null,"recename":null,"explain":null,"comid":"0"},{"id":"157","name":"\u521d\u4e2d","type":"0","pid":"155","num":null,"value":null,"sort":"0","values":null,"valid":"1","optdt":null,"optid":"0","receid":null,"recename":null,"explain":null,"comid":"0"},{"id":"158","name":"\u9ad8\u4e2d","type":"0","pid":"155","num":null,"value":null,"sort":"0","values":null,"valid":"1","optdt":null,"optid":"0","receid":null,"recename":null,"explain":null,"comid":"0"},{"id":"159","name":"\u4e2d\u4e13","type":"0","pid":"155","num":null,"value":null,"sort":"0","values":null,"valid":"1","optdt":null,"optid":"0","receid":null,"recename":null,"explain":null,"comid":"0"},{"id":"160","name":"\u5927\u4e13","type":"0","pid":"155","num":null,"value":null,"sort":"0","values":null,"valid":"1","optdt":null,"optid":"0","receid":null,"recename":null,"explain":null,"comid":"0"},{"id":"161","name":"\u672c\u79d1","type":"0","pid":"155","num":null,"value":null,"sort":"0","values":null,"valid":"1","optdt":null,"optid":"0","receid":null,"recename":null,"explain":null,"comid":"0"},{"id":"162","name":"\u81ea\u8003\u672c\u79d1","type":"0","pid":"155","num":null,"value":null,"sort":"0","values":null,"valid":"1","optdt":null,"optid":"0","receid":null,"recename":null,"explain":null,"comid":"0"},{"id":"163","name":"\u7814\u7a76\u751f","type":"0","pid":"155","num":null,"value":null,"sort":"0","values":null,"valid":"1","optdt":null,"optid":"0","receid":null,"recename":null,"explain":null,"comid":"0"},{"id":"164","name":"\u535a\u58eb","type":"0","pid":"155","num":null,"value":null,"sort":"0","values":null,"valid":"1","optdt":null,"optid":"0","receid":null,"recename":null,"explain":null,"comid":"0"},{"id":"165","name":"\u5176\u5b83","type":"0","pid":"155","num":null,"value":null,"sort":"0","values":null,"valid":"1","optdt":null,"optid":"0","receid":null,"recename":null,"explain":null,"comid":"0"},{"id":"166","name":"\u5408\u540c\u7c7b\u578b","type":"0","pid":"154","num":"userhttype","value":null,"sort":"0","values":null,"valid":"1","optdt":null,"optid":"0","receid":null,"recename":null,"explain":null,"comid":"0"},{"id":"167","name":"\u52b3\u52a8\u5408\u540c","type":"0","pid":"166","num":null,"value":null,"sort":"0","values":null,"valid":"1","optdt":null,"optid":"0","receid":null,"recename":null,"explain":null,"comid":"0"},{"id":"168","name":"\u79bb\u804c\u7c7b\u578b","type":"0","pid":"154","num":"redundtype","value":null,"sort":"0","values":null,"valid":"1","optdt":null,"optid":"0","receid":null,"recename":null,"explain":null,"comid":"0"},{"id":"169","name":"\u81ea\u52a8\u79bb\u804c","type":"0","pid":"168","num":null,"value":null,"sort":"0","values":null,"valid":"1","optdt":null,"optid":"0","receid":null,"recename":null,"explain":null,"comid":"0"},{"id":"170","name":"\u9000\u4f11","type":"0","pid":"168","num":null,"value":null,"sort":"0","values":null,"valid":"1","optdt":null,"optid":"0","receid":null,"recename":null,"explain":null,"comid":"0"},{"id":"171","name":"\u75c5\u8f9e","type":"0","pid":"168","num":null,"value":null,"sort":"0","values":null,"valid":"1","optdt":null,"optid":"0","receid":null,"recename":null,"explain":null,"comid":"0"},{"id":"172","name":"\u8f9e\u9000","type":"0","pid":"168","num":null,"value":null,"sort":"0","values":null,"valid":"1","optdt":null,"optid":"0","receid":null,"recename":null,"explain":null,"comid":"0"},{"id":"173","name":"\u8f9e\u804c","type":"0","pid":"168","num":null,"value":null,"sort":"0","values":null,"valid":"1","optdt":null,"optid":"0","receid":null,"recename":null,"explain":null,"comid":"0"},{"id":"174","name":"\u6708\u4efd","type":"0","pid":"6","num":null,"value":"month","sort":"17","values":null,"valid":"1","optdt":null,"optid":"0","receid":null,"recename":null,"explain":null,"comid":"0"},{"id":"175","name":"\u7f16\u53f7","type":"0","pid":"6","num":null,"value":"num","sort":"21","values":null,"valid":"1","optdt":null,"optid":"0","receid":null,"recename":null,"explain":null,"comid":"0"},{"id":"176","name":"\u4e1a\u52a1\u7c7b\u578b","type":"0","pid":"50","num":"crmtype","value":null,"sort":"0","values":null,"valid":"1","optdt":null,"optid":"0","receid":null,"recename":null,"explain":null,"comid":"0"},{"id":"178","name":"\u5730\u4ea7\u7269\u6599","type":"0","pid":"176","num":null,"value":null,"sort":"0","values":null,"valid":"1","optdt":null,"optid":"0","receid":null,"recename":null,"explain":null,"comid":"0"},{"id":"179","name":"LED\u5e7f\u544a","type":"0","pid":"176","num":null,"value":null,"sort":"0","values":null,"valid":"1","optdt":null,"optid":"0","receid":null,"recename":null,"explain":null,"comid":"0"},{"id":"180","name":"\u6237\u5916\u5e7f\u544a","type":"0","pid":"176","num":null,"value":null,"sort":"0","values":null,"valid":"1","optdt":null,"optid":"0","receid":null,"recename":null,"explain":null,"comid":"0"},{"id":"181","name":"\u697c\u76d8\u5305\u88c5","type":"0","pid":"176","num":null,"value":null,"sort":"20","values":null,"valid":"1","optdt":null,"optid":"0","receid":null,"recename":null,"explain":null,"comid":"0"},{"id":"182","name":"\u8bbe\u8ba1\u521b\u610f","type":"0","pid":"176","num":null,"value":null,"sort":"0","values":null,"valid":"1","optdt":null,"optid":"0","receid":null,"recename":null,"explain":null,"comid":"0"},{"id":"183","name":"\u4eba\u4e8b\u8c03\u52a8\u7c7b\u578b","type":"0","pid":"154","num":"transfertype","value":null,"sort":"0","values":null,"valid":"1","optdt":null,"optid":"0","receid":null,"recename":null,"explain":null,"comid":"0"},{"id":"184","name":"\u5e73\u8c03","type":"0","pid":"183","num":null,"value":null,"sort":"0","values":null,"valid":"1","optdt":null,"optid":"0","receid":null,"recename":null,"explain":null,"comid":"0"},{"id":"185","name":"\u664b\u5347","type":"0","pid":"183","num":null,"value":null,"sort":"0","values":null,"valid":"1","optdt":null,"optid":"0","receid":null,"recename":null,"explain":null,"comid":"0"},{"id":"186","name":"\u964d\u804c","type":"0","pid":"183","num":null,"value":null,"sort":"0","values":null,"valid":"1","optdt":null,"optid":"0","receid":null,"recename":null,"explain":null,"comid":"0"},{"id":"190","name":"\u5956\u60e9\u7ed3\u679c","type":"0","pid":"154","num":"rewardresult","value":null,"sort":"0","values":null,"valid":"1","optdt":null,"optid":"0","receid":null,"recename":null,"explain":null,"comid":"0"},{"id":"191","name":"\u5956\u52b1","type":"0","pid":"190","num":null,"value":null,"sort":"0","values":null,"valid":"1","optdt":null,"optid":"0","receid":null,"recename":null,"explain":null,"comid":"0"},{"id":"192","name":"\u8b66\u544a","type":"0","pid":"190","num":null,"value":null,"sort":"0","values":null,"valid":"1","optdt":null,"optid":"0","receid":null,"recename":null,"explain":null,"comid":"0"},{"id":"193","name":"\u8f9e\u9000","type":"0","pid":"190","num":null,"value":null,"sort":"0","values":null,"valid":"1","optdt":null,"optid":"0","receid":null,"recename":null,"explain":null,"comid":"0"},{"id":"194","name":"\u964d\u804c","type":"0","pid":"190","num":null,"value":null,"sort":"0","values":null,"valid":"1","optdt":null,"optid":"0","receid":null,"recename":null,"explain":null,"comid":"0"},{"id":"195","name":"\u5f20\u98de\u6587\u4ef6\u5939\u76ee\u5f55","type":"0","pid":null,"num":"folder6","value":"success","sort":"0","values":null,"valid":"1","optdt":"2016-10-24 21:27:22","optid":"6","receid":null,"recename":null,"explain":null,"comid":"0"},{"id":"196","name":"\u4e2a\u4eba\u7ecf\u5386","type":"0","pid":"195","num":null,"value":null,"sort":"0","values":null,"valid":"1","optdt":null,"optid":"0","receid":null,"recename":null,"explain":null,"comid":"0"},{"id":"197","name":"\u77e5\u8bc6\u5206\u7c7b","type":"0","pid":null,"num":"knowledgetype","value":null,"sort":"0","values":null,"valid":"1","optdt":"2016-10-27 21:10:24","optid":"1","receid":null,"recename":null,"explain":null,"comid":"0"},{"id":"198","name":"\u5de5\u4f5c\u6307\u5357","type":"0","pid":"197","num":null,"value":"title,typename,recename,zuozhe,indate,optname,caozuo","sort":"0","values":null,"valid":"1","optdt":"2017-04-21 09:26:50","optid":"1","receid":null,"recename":null,"explain":null,"comid":"0"},{"id":"199","name":"\u5de5\u4f5c\u6548\u7387","type":"0","pid":"198","num":null,"value":null,"sort":"1","values":null,"valid":"1","optdt":null,"optid":"0","receid":null,"recename":null,"explain":null,"comid":"0"},{"id":"200","name":"\u5de5\u4f5c\u76ee\u6807","type":"0","pid":"198","num":null,"value":null,"sort":"0","values":null,"valid":"1","optdt":null,"optid":"0","receid":null,"recename":null,"explain":null,"comid":"0"},{"id":"201","name":"\u89c4\u7ae0\u5236\u5ea6","type":"0","pid":"197","num":null,"value":null,"sort":"0","values":null,"valid":"1","optdt":null,"optid":"0","receid":null,"recename":null,"explain":null,"comid":"0"},{"id":"202","name":"\u5de5\u4f5c\u89c4\u8303","type":"0","pid":"197","num":null,"value":null,"sort":"0","values":null,"valid":"1","optdt":"2016-10-26 20:54:54","optid":"1","receid":null,"recename":null,"explain":null,"comid":"0"},{"id":"203","name":"\u8d44\u4ea7\u5206\u7c7b","type":"0","pid":"62","num":"assetstype","value":null,"sort":"0","values":null,"valid":"1","optdt":"2016-10-27 21:14:45","optid":"1","receid":null,"recename":null,"explain":null,"comid":"0"},{"id":"204","name":"\u6253\u5370\u673a","type":"0","pid":"203","num":null,"value":"","sort":"0","values":null,"valid":"1","optdt":"2017-04-21 09:26:50","optid":"1","receid":null,"recename":null,"explain":null,"comid":"0"},{"id":"205","name":"\u56fa\u5b9a\u8d44\u4ea7\u6765\u6e90","type":"0","pid":"62","num":"wplaiyuan","value":null,"sort":"0","values":null,"valid":"1","optdt":null,"optid":"0","receid":null,"recename":null,"explain":null,"comid":"0"},{"id":"206","name":"\u7535\u8111","type":"0","pid":"203","num":null,"value":null,"sort":"0","values":null,"valid":"1","optdt":null,"optid":"0","receid":null,"recename":null,"explain":null,"comid":"0"},{"id":"207","name":"\u53f0\u5f0f\u7535\u8111","type":"0","pid":"206","num":null,"value":null,"sort":"0","values":null,"valid":"1","optdt":null,"optid":"0","receid":null,"recename":null,"explain":null,"comid":"0"},{"id":"208","name":"\u7b14\u8bb0\u672c","type":"0","pid":"206","num":null,"value":null,"sort":"0","values":null,"valid":"1","optdt":null,"optid":"0","receid":null,"recename":null,"explain":null,"comid":"0"},{"id":"209","name":"\u5e73\u677f","type":"0","pid":"206","num":null,"value":null,"sort":"0","values":null,"valid":"1","optdt":null,"optid":"0","receid":null,"recename":null,"explain":null,"comid":"0"},{"id":"210","name":"\u4e00\u4f53\u673a","type":"0","pid":"206","num":null,"value":null,"sort":"0","values":null,"valid":"1","optdt":null,"optid":"0","receid":null,"recename":null,"explain":null,"comid":"0"},{"id":"211","name":"\u4ed3\u5e93","type":"0","pid":"62","num":"warehouse","value":null,"sort":"0","values":null,"valid":"1","optdt":null,"optid":"0","receid":null,"recename":null,"explain":null,"comid":"0"},{"id":"212","name":"\u8d2d\u5165","type":"0","pid":"205","num":null,"value":null,"sort":"0","values":null,"valid":"1","optdt":null,"optid":"0","receid":null,"recename":null,"explain":null,"comid":"0"},{"id":"213","name":"\u81ea\u5efa","type":"0","pid":"205","num":null,"value":null,"sort":"0","values":null,"valid":"1","optdt":null,"optid":"0","receid":null,"recename":null,"explain":null,"comid":"0"},{"id":"214","name":"\u4ed3\u5e931","type":"0","pid":"211","num":null,"value":null,"sort":"0","values":null,"valid":"1","optdt":null,"optid":"0","receid":null,"recename":null,"explain":null,"comid":"0"},{"id":"215","name":"\u4ed3\u5e932","type":"0","pid":"211","num":null,"value":null,"sort":"0","values":null,"valid":"1","optdt":null,"optid":"0","receid":null,"recename":null,"explain":null,"comid":"0"},{"id":"216","name":"\u8054\u60f3","type":"0","pid":"70","num":null,"value":null,"sort":"0","values":null,"valid":"1","optdt":null,"optid":"0","receid":null,"recename":null,"explain":null,"comid":"0"},{"id":"217","name":"\u60e0\u666e","type":"0","pid":"70","num":null,"value":null,"sort":"0","values":null,"valid":"1","optdt":null,"optid":"0","receid":null,"recename":null,"explain":null,"comid":"0"},{"id":"218","name":"\u8f66\u8f86\u7c7b\u578b","type":"0","pid":"327","num":"cartype","value":null,"sort":"0","values":null,"valid":"1","optdt":null,"optid":"0","receid":null,"recename":null,"explain":null,"comid":"0"},{"id":"219","name":"\u5c0f\u578b\u8f66","type":"0","pid":"218","num":null,"value":null,"sort":"0","values":null,"valid":"1","optdt":null,"optid":"0","receid":null,"recename":null,"explain":null,"comid":"0"},{"id":"220","name":"\u8f7f\u8f66","type":"0","pid":"218","num":null,"value":null,"sort":"0","values":null,"valid":"1","optdt":null,"optid":"0","receid":null,"recename":null,"explain":null,"comid":"0"},{"id":"221","name":"\u8f66\u8f86\u54c1\u724c","type":"0","pid":"327","num":"carbrand","value":null,"sort":"0","values":null,"valid":"1","optdt":null,"optid":"0","receid":null,"recename":null,"explain":null,"comid":"0"},{"id":"222","name":"\u5954\u9a70","type":"0","pid":"221","num":null,"value":null,"sort":"0","values":null,"valid":"1","optdt":null,"optid":"0","receid":null,"recename":null,"explain":null,"comid":"0"},{"id":"223","name":"\u5965\u8fea","type":"0","pid":"221","num":null,"value":null,"sort":"0","values":null,"valid":"1","optdt":null,"optid":"0","receid":null,"recename":null,"explain":null,"comid":"0"},{"id":"224","name":"\u590f\u5229","type":"0","pid":"221","num":null,"value":null,"sort":"0","values":null,"valid":"1","optdt":null,"optid":"0","receid":null,"recename":null,"explain":null,"comid":"0"},{"id":"226","name":"\u9898\u5e93\u5206\u7c7b","type":"0","pid":null,"num":"knowtikutype","value":null,"sort":"0","values":null,"valid":"1","optdt":"2016-10-27 21:17:22","optid":"1","receid":null,"recename":null,"explain":null,"comid":"0"},{"id":"227","name":"\u5b98\u7f51\u77e5\u8bc6","type":"0","pid":"226","num":null,"value":null,"sort":"0","values":null,"valid":"1","optdt":null,"optid":"0","receid":null,"recename":null,"explain":null,"comid":"0"},{"id":"228","name":"OA\u9898\u5e93","type":"0","pid":"226","num":null,"value":null,"sort":"0","values":null,"valid":"1","optdt":null,"optid":"0","receid":null,"recename":null,"explain":null,"comid":"0"},{"id":"229","name":"\u4f1a\u8bae\u5ba41","type":"0","pid":"29","num":null,"value":null,"sort":"0","values":null,"valid":"1","optdt":null,"optid":"0","receid":null,"recename":null,"explain":null,"comid":"0"},{"id":"230","name":"\u4f1a\u8bae\u5ba42","type":"0","pid":"29","num":null,"value":null,"sort":"0","values":null,"valid":"1","optdt":null,"optid":"0","receid":null,"recename":null,"explain":null,"comid":"0"},{"id":"231","name":"\u56fe\u4e66\u5206\u7c7b","type":"0","pid":null,"num":"booktype","value":null,"sort":"0","values":null,"valid":"1","optdt":"2016-10-28 23:15:11","optid":"1","receid":null,"recename":null,"explain":null,"comid":"0"},{"id":"232","name":"\u8ba1\u7b97\u673a","type":"0","pid":"231","num":null,"value":null,"sort":"0","values":null,"valid":"1","optdt":null,"optid":"0","receid":null,"recename":null,"explain":null,"comid":"0"},{"id":"233","name":"\u7ba1\u7406\u4e66\u7c4d","type":"0","pid":"231","num":null,"value":null,"sort":"0","values":null,"valid":"1","optdt":null,"optid":"0","receid":null,"recename":null,"explain":null,"comid":"0"},{"id":"244","name":"\u5370\u7ae0\u8bc1\u7167\u7c7b\u578b","type":"0","pid":"62","num":"sealtype","value":null,"sort":"0","values":null,"valid":"1","optdt":null,"optid":"0","receid":null,"recename":null,"explain":null,"comid":"0"},{"id":"245","name":"\u5408\u540c\u7ae0","type":"0","pid":"244","num":null,"value":null,"sort":"0","values":null,"valid":"1","optdt":null,"optid":"0","receid":null,"recename":null,"explain":null,"comid":"0"},{"id":"246","name":"\u6cd5\u4eba\u7ae0","type":"0","pid":"244","num":null,"value":null,"sort":"0","values":null,"valid":"1","optdt":null,"optid":"0","receid":null,"recename":null,"explain":null,"comid":"0"},{"id":"247","name":"\u8d22\u52a1\u7ae0","type":"0","pid":"244","num":null,"value":null,"sort":"0","values":null,"valid":"1","optdt":null,"optid":"0","receid":null,"recename":null,"explain":null,"comid":"0"},{"id":"248","name":"\u516c\u7ae0","type":"0","pid":"244","num":null,"value":null,"sort":"0","values":null,"valid":"1","optdt":null,"optid":"0","receid":null,"recename":null,"explain":null,"comid":"0"},{"id":"249","name":"\u8c03\u4f11","type":"0","pid":"46","num":null,"value":null,"sort":"0","values":null,"valid":"1","optdt":null,"optid":"0","receid":null,"recename":null,"explain":null,"comid":"0"},{"id":"250","name":"\u5355\u56fe\u7247\u4e0a\u4f20","type":"0","pid":"6","num":null,"value":"uploadimg","sort":"19","values":null,"valid":"1","optdt":null,"optid":"0","receid":null,"recename":null,"explain":null,"comid":"0"},{"id":"251","name":"\u6253\u5361\u5f02\u5e38\u7c7b\u578b","type":"0","pid":"144","num":"kqerrtype","value":null,"sort":"0","values":null,"valid":"1","optdt":null,"optid":"0","receid":null,"recename":null,"explain":null,"comid":"0"},{"id":"252","name":"\u5fd8\u8bb0\u6253\u5361","type":"0","pid":"251","num":null,"value":null,"sort":"0","values":null,"valid":"1","optdt":null,"optid":"0","receid":null,"recename":null,"explain":null,"comid":"0"},{"id":"253","name":"\u6253\u5361\u4e0d\u6210\u529f","type":"0","pid":"251","num":null,"value":null,"sort":"0","values":null,"valid":"1","optdt":null,"optid":"0","receid":null,"recename":null,"explain":null,"comid":"0"},{"id":"254","name":"\u90ae\u7bb1\u6587\u672c\u6846","type":"0","pid":"6","num":null,"value":"email","sort":"0","values":null,"valid":"1","optdt":null,"optid":"0","receid":null,"recename":null,"explain":null,"comid":"0"},{"id":"255","name":"gerenvcard_1\u9009\u9879","type":"0","pid":null,"num":"gerenvcard_1","value":null,"sort":"0","values":null,"valid":"1","optdt":"2016-12-20 10:52:49","optid":"1","receid":null,"recename":null,"explain":null,"comid":"0"},{"id":"256","name":"\u540c\u4e8b","type":"0","pid":"255","num":null,"value":null,"sort":"0","values":null,"valid":"1","optdt":null,"optid":"0","receid":null,"recename":null,"explain":null,"comid":"0"},{"id":"257","name":"\u76df\u53cb","type":"0","pid":"255","num":null,"value":null,"sort":"0","values":null,"valid":"1","optdt":null,"optid":"0","receid":null,"recename":null,"explain":null,"comid":"0"},{"id":"258","name":"\u654c\u4eba","type":"0","pid":"255","num":null,"value":null,"sort":"0","values":null,"valid":"1","optdt":null,"optid":"0","receid":null,"recename":null,"explain":null,"comid":"0"},{"id":"259","name":"gerenvcard_8\u9009\u9879","type":"0","pid":null,"num":"gerenvcard_8","value":null,"sort":"0","values":null,"valid":"1","optdt":"2016-12-20 11:23:21","optid":"8","receid":null,"recename":null,"explain":null,"comid":"0"},{"id":"260","name":"\u540c\u4e8b","type":"0","pid":"259","num":null,"value":null,"sort":"0","values":null,"valid":"1","optdt":null,"optid":"0","receid":null,"recename":null,"explain":null,"comid":"0"},{"id":"261","name":"gerenvcard_5\u9009\u9879","type":"0","pid":null,"num":"gerenvcard_5","value":null,"sort":"0","values":null,"valid":"1","optdt":"2016-12-20 11:30:38","optid":"5","receid":null,"recename":null,"explain":null,"comid":"0"},{"id":"262","name":"\u5f39\u6846\u4e0b\u62c9\u9009\u62e9(\u5355\u9009)","type":"0","pid":"6","num":null,"value":"selectdatafalse","sort":"22","values":null,"valid":"1","optdt":null,"optid":"0","receid":null,"recename":null,"explain":null,"comid":"0"},{"id":"263","name":"\u5f39\u6846\u4e0b\u62c9\u9009\u62e9(\u591a\u9009)","type":"0","pid":"6","num":null,"value":"selectdatatrue","sort":"23","values":null,"valid":"1","optdt":null,"optid":"0","receid":null,"recename":null,"explain":null,"comid":"0"},{"id":"365","name":"\u9ed8\u8ba41\u5929\u4e0a\u73ed\u5c0f\u65f6","type":"0","pid":"144","num":"kqsbtime","value":"0","sort":"0","values":null,"valid":"1","optdt":null,"optid":"0","receid":null,"recename":null,"explain":"\u8bbe\u7f6e0\u9ed8\u8ba4\u8bfb\u53d6\u8003\u52e4\u89c4\u5219\u4e0b\u7684","comid":"0"},{"id":"277","name":"\u7528\u6237bug1","type":"0","pid":null,"num":"adminbug1","value":"2017-02-15 10:18:19","sort":"0","values":null,"valid":"1","optdt":"2017-02-15 10:18:19","optid":"1","receid":null,"recename":null,"explain":null,"comid":"0"},{"id":"273","name":"\u6587\u4ef6\u4e0a\u4f20(\u53ef\u591a\u9009)","type":"0","pid":"6","num":null,"value":"uploadfile","sort":"20","values":null,"valid":"1","optdt":null,"optid":"0","receid":null,"recename":null,"explain":null,"comid":"0"},{"id":"286","name":"\u6a21\u5757\u5217\u5b9a\u4e49","type":"0","pid":"-1007","num":"columns_customer_shate","value":"name,suoname,type,laiyuan,unitname,isstat,caozuo","sort":"0","values":null,"valid":"1","optdt":"2017-07-13 19:02:20","optid":"1","receid":null,"recename":null,"explain":null,"comid":"0"},{"id":"287","name":"\u6a21\u5757\u5217\u5b9a\u4e49","type":"0","pid":"-1007","num":"columns_customer_dist","value":"name,suoname,type,laiyuan,unitname,isgys,linkname","sort":"0","values":null,"valid":"1","optdt":"2017-04-21 11:55:50","optid":"1","receid":null,"recename":null,"explain":null,"comid":"0"},{"id":"288","name":"\u6a21\u5757\u5217\u5b9a\u4e49","type":"0","pid":"-1007","num":"columns_customer_","value":"name,suoname,type,unitname,mobile,isstat,htshu,moneyz,moneyd,lastdt,caozuo","sort":"0","values":null,"valid":"1","optdt":"2018-07-07 10:04:31","optid":"1","receid":null,"recename":null,"explain":null,"comid":"0"},{"id":"294","name":"\u6280\u672f\u59ff\u52bf","type":"0","pid":"226","num":null,"value":null,"sort":"0","values":null,"valid":"1","optdt":null,"optid":"0","receid":null,"recename":null,"explain":null,"comid":"0"},{"id":"295","name":"PHP\u77e5\u8bc6","type":"0","pid":"294","num":null,"value":null,"sort":"0","values":null,"valid":"1","optdt":null,"optid":"0","receid":null,"recename":null,"explain":null,"comid":"0"},{"id":"296","name":"JS\u77e5\u8bc6","type":"0","pid":"294","num":null,"value":null,"sort":"0","values":null,"valid":"1","optdt":null,"optid":"0","receid":null,"recename":null,"explain":null,"comid":"0"},{"id":"298","name":"\u6a21\u5757\u5217\u5b9a\u4e49","type":"0","pid":"-1004","num":"columns_work_","value":"title,type,grade,dist,startdt,enddt,ddname,score,optname,optdt,caozuo","sort":"0","values":null,"valid":"1","optdt":"2017-05-11 09:55:28","optid":"1","receid":null,"recename":null,"explain":null,"comid":"0"},{"id":"299","name":"\u6a21\u5757\u5217\u5b9a\u4e49","type":"0","pid":"-1004","num":"columns_work_all","value":"title,type,grade,dist,startdt,enddt,ddname,score,mark,optname,optdt,caozuo","sort":"0","values":null,"valid":"1","optdt":"2018-04-15 16:10:26","optid":"1","receid":null,"recename":null,"explain":null,"comid":"0"},{"id":"300","name":"\u6536\u6b3e\u7ae0","type":"0","pid":"244","num":null,"value":null,"sort":"0","values":null,"valid":"1","optdt":null,"optid":"0","receid":null,"recename":null,"explain":null,"comid":"0"},{"id":"302","name":"\u5f00\u53d1\u90e8\u6587\u4ef6\u5939\u76ee\u5f55","type":"0","pid":null,"num":"deptfolderdev","value":null,"sort":"0","values":null,"valid":"1","optdt":"2017-05-27 17:36:02","optid":"1","receid":null,"recename":null,"explain":null,"comid":"0"},{"id":"303","name":"\u6280\u672f\u6587\u6863","type":"0","pid":"302","num":null,"value":null,"sort":"0","values":null,"valid":"1","optdt":null,"optid":"0","receid":null,"recename":null,"explain":null,"comid":"0"},{"id":"304","name":"\u8d75\u5b50\u9f99\u6587\u4ef6\u5939\u76ee\u5f55","type":"0","pid":null,"num":"folder7","value":"success","sort":"0","values":null,"valid":"1","optdt":"2017-05-27 17:49:46","optid":"7","receid":null,"recename":null,"explain":null,"comid":"0"},{"id":"305","name":"\u516c\u6587\u5bc6\u7ea7","type":"0","pid":"99","num":"officialmiji","value":null,"sort":"0","values":null,"valid":"1","optdt":null,"optid":"0","receid":null,"recename":null,"explain":null,"comid":"0"},{"id":"306","name":"\u79c1\u5bc6","type":"0","pid":"305","num":null,"value":null,"sort":"0","values":null,"valid":"1","optdt":null,"optid":"0","receid":null,"recename":null,"explain":null,"comid":"0"},{"id":"307","name":"\u673a\u5bc6","type":"0","pid":"305","num":null,"value":null,"sort":"0","values":null,"valid":"1","optdt":null,"optid":"0","receid":null,"recename":null,"explain":null,"comid":"0"},{"id":"308","name":"\u7edd\u5bc6","type":"0","pid":"305","num":null,"value":null,"sort":"0","values":null,"valid":"1","optdt":null,"optid":"0","receid":null,"recename":null,"explain":null,"comid":"0"},{"id":"309","name":"\u7279\u6025","type":"0","pid":"105","num":null,"value":null,"sort":"0","values":null,"valid":"1","optdt":null,"optid":"0","receid":null,"recename":null,"explain":null,"comid":"0"},{"id":"310","name":"\u7279\u63d0","type":"0","pid":"105","num":null,"value":null,"sort":"0","values":null,"valid":"1","optdt":null,"optid":"0","receid":null,"recename":null,"explain":null,"comid":"0"},{"id":"311","name":"\u516c\u6587\u6587\u4ef6\u7c7b\u522b","type":"0","pid":"99","num":"officialfiletype","value":null,"sort":"0","values":null,"valid":"1","optdt":null,"optid":"0","receid":null,"recename":null,"explain":null,"comid":"0"},{"id":"312","name":"\u4e2d\u592e\u7701\u59d4","type":"0","pid":"311","num":null,"value":null,"sort":"0","values":null,"valid":"1","optdt":null,"optid":"0","receid":null,"recename":null,"explain":null,"comid":"0"},{"id":"313","name":"\u5355\u9009\u6846","type":"0","pid":"6","num":null,"value":"radio","sort":"24","values":null,"valid":"1","optdt":null,"optid":"0","receid":null,"recename":null,"explain":null,"comid":"0"},{"id":"320","name":"\u8f66\u8f86\u767b\u8bb0\u7c7b\u578b","type":"0","pid":"327","num":"carotype","value":null,"sort":"0","values":null,"valid":"1","optdt":null,"optid":"0","receid":null,"recename":null,"explain":null,"comid":"0"},{"id":"321","name":"\u52a0\u6cb9","type":"0","pid":"320","num":null,"value":null,"sort":"0","values":null,"valid":"1","optdt":null,"optid":"0","receid":null,"recename":null,"explain":null,"comid":"0"},{"id":"322","name":"\u5f3a\u9669","type":"0","pid":"320","num":null,"value":null,"sort":"0","values":null,"valid":"1","optdt":null,"optid":"0","receid":null,"recename":null,"explain":null,"comid":"0"},{"id":"323","name":"\u5546\u4e1a\u9669","type":"0","pid":"320","num":null,"value":null,"sort":"0","values":null,"valid":"1","optdt":null,"optid":"0","receid":null,"recename":null,"explain":null,"comid":"0"},{"id":"324","name":"\u884c\u9a76\u8bc1","type":"0","pid":"320","num":null,"value":null,"sort":"0","values":null,"valid":"1","optdt":null,"optid":"0","receid":null,"recename":null,"explain":null,"comid":"0"},{"id":"325","name":"\u8fdd\u7ae0","type":"0","pid":"320","num":null,"value":null,"sort":"0","values":null,"valid":"1","optdt":null,"optid":"0","receid":null,"recename":null,"explain":null,"comid":"0"},{"id":"326","name":"\u4e8b\u6545","type":"0","pid":"320","num":null,"value":null,"sort":"0","values":null,"valid":"1","optdt":null,"optid":"0","receid":null,"recename":null,"explain":null,"comid":"0"},{"id":"327","name":"\u8f66\u8f86\u7ba1\u7406\u9009\u9879","type":"0","pid":"62","num":"carm","value":null,"sort":"0","values":null,"valid":"1","optdt":null,"optid":"0","receid":null,"recename":null,"explain":null,"comid":"0"},{"id":"328","name":"\u8f66\u8f86\u51e0\u5929\u5185\u63d0\u9192(\u591a\u4e2a,\u5206\u5f00)","type":"0","pid":"327","num":"cartodo","value":"0,3,7,10,30,45","sort":"0","values":null,"valid":"1","optdt":null,"optid":"0","receid":null,"recename":null,"explain":null,"comid":"0"},{"id":"331","name":"\u8fc7\u6865\u8d39","type":"0","pid":"320","num":null,"value":null,"sort":"0","values":null,"valid":"1","optdt":null,"optid":"0","receid":null,"recename":null,"explain":null,"comid":"0"},{"id":"332","name":"\u9ad8\u901f\u8d39","type":"0","pid":"320","num":null,"value":null,"sort":"0","values":null,"valid":"1","optdt":null,"optid":"0","receid":null,"recename":null,"explain":null,"comid":"0"},{"id":"333","name":"\u5ba2\u6237\u5408\u540c\u5230\u671f\u51e0\u5929\u5185\u63d0\u9192","type":"0","pid":"50","num":"crmtodo","value":"0,3,7,10,30,45","sort":"0","values":null,"valid":"1","optdt":null,"optid":"0","receid":null,"recename":null,"explain":null,"comid":"0"},{"id":"334","name":"\u53ef\u76f4\u63a5\u7533\u8bf7\u8bf7\u5047\u7c7b\u578b","type":"0","pid":"144","num":"kqsqtype","value":"\u75c5\u5047,\u4e8b\u5047","sort":"0","values":null,"valid":"1","optdt":null,"optid":"0","receid":null,"recename":null,"explain":"\u591a\u4e2a,\u5206\u5f00\uff0c\u6ca1\u6709\u8bbe\u7f6e\u7684\u8bf7\u5047\u7c7b\u578b\u65f6\uff0c\u7533\u8bf7\u8bf7\u5047\u6761\u9700\u8981\u6709\u5269\u4f59\u5047\u671f\u624d\u53ef\u4ee5\u7533\u8bf7\u3002","comid":"0"},{"id":"335","name":"\u4eba\u5458\u72b6\u6001","type":"0","pid":"154","num":"userstate","value":null,"sort":"0","values":null,"valid":"1","optdt":null,"optid":"0","receid":null,"recename":null,"explain":null,"comid":"0"},{"id":"336","name":"\u8bd5\u7528\u671f","type":"0","pid":"335","num":null,"value":"0","sort":"0","values":null,"valid":"1","optdt":null,"optid":"0","receid":null,"recename":null,"explain":null,"comid":"0"},{"id":"337","name":"\u6b63\u5f0f","type":"0","pid":"335","num":null,"value":"1","sort":"0","values":null,"valid":"1","optdt":null,"optid":"0","receid":null,"recename":null,"explain":null,"comid":"0"},{"id":"338","name":"\u5b9e\u4e60\u751f","type":"0","pid":"335","num":null,"value":"2","sort":"0","values":null,"valid":"1","optdt":null,"optid":"0","receid":null,"recename":null,"explain":null,"comid":"0"},{"id":"339","name":"\u517c\u804c","type":"0","pid":"335","num":null,"value":"3","sort":"0","values":null,"valid":"1","optdt":null,"optid":"0","receid":null,"recename":null,"explain":null,"comid":"0"},{"id":"340","name":"\u4e34\u65f6\u5de5","type":"0","pid":"335","num":null,"value":"4","sort":"0","values":null,"valid":"1","optdt":null,"optid":"0","receid":null,"recename":null,"explain":null,"comid":"0"},{"id":"341","name":"\u79bb\u804c","type":"0","pid":"335","num":null,"value":"5","sort":"0","values":null,"valid":"1","optdt":null,"optid":"0","receid":null,"recename":null,"explain":null,"comid":"0"},{"id":"342","name":"gerenvcar\u9009\u9879","type":"0","pid":null,"num":"gerenvcar","value":null,"sort":"0","values":null,"valid":"1","optdt":"2017-07-21 13:37:48","optid":"1","receid":null,"recename":null,"explain":null,"comid":"0"},{"id":"344","name":"\u652f","type":"0","pid":"71","num":null,"value":null,"sort":"0","values":null,"valid":"1","optdt":null,"optid":"0","receid":null,"recename":null,"explain":null,"comid":"0"},{"id":"351","name":"\u53d1\u7968\u7c7b\u578b","type":"0","pid":"130","num":"openpiaotype","value":null,"sort":"0","values":null,"valid":"1","optdt":null,"optid":"0","receid":null,"recename":null,"explain":null,"comid":"0"},{"id":"352","name":"\u589e\u503c\u7a0e\u666e\u901a\u53d1\u7968","type":"0","pid":"351","num":null,"value":null,"sort":"0","values":null,"valid":"1","optdt":null,"optid":"0","receid":null,"recename":null,"explain":null,"comid":"0"},{"id":"353","name":"\u589e\u503c\u7a0e\u4e13\u7528\u53d1\u7968","type":"0","pid":"351","num":null,"value":null,"sort":"2","values":null,"valid":"1","optdt":null,"optid":"0","receid":null,"recename":null,"explain":null,"comid":"0"},{"id":"354","name":"\u5b9a\u989d\u53d1\u7968","type":"0","pid":"351","num":null,"value":null,"sort":"3","values":null,"valid":"1","optdt":null,"optid":"0","receid":null,"recename":null,"explain":null,"comid":"0"},{"id":"355","name":"\u53f0\u5f0f\u7535\u81112","type":"0","pid":"206","num":null,"value":null,"sort":"0","values":null,"valid":"1","optdt":null,"optid":"0","receid":null,"recename":null,"explain":null,"comid":"0"},{"id":"356","name":"\u7b14","type":"0","pid":"65","num":null,"value":null,"sort":"0","values":null,"valid":"1","optdt":null,"optid":"0","receid":null,"recename":null,"explain":null,"comid":"0"},{"id":"359","name":"\u53d1\u6587\u5b57\u53f7","type":"0","pid":"99","num":"officiazinum","value":null,"sort":"0","values":null,"valid":"1","optdt":null,"optid":"0","receid":null,"recename":null,"explain":null,"comid":"0"},{"id":"360","name":"\u4e2d\u6295","type":"0","pid":"359","num":null,"value":null,"sort":"0","values":null,"valid":"1","optdt":null,"optid":"0","receid":null,"recename":null,"explain":null,"comid":"0"},{"id":"400","name":"\u5b9a\u65f6\u6e05\u7406\u6570\u636e","type":"0","pid":"144","num":"kqcleartime","value":"6","sort":"0","values":null,"valid":"1","optdt":null,"optid":"0","receid":null,"recename":null,"explain":"0\u4e0d\u6e05\u7406,1\u4e00\u4e2a\u6708\u524d,2\u4e2a\u6708,\u4ee5\u6b64\u7c7b\u63a8\uff0c\u6e05\u7406\u6253\u5361\u8bb0\u5f55","comid":"0"},{"id":"363","name":"\u9009\u62e9\u90e8\u95e8(\u591a\u9009)","type":"0","pid":"6","num":null,"value":"changedeptcheck","sort":"9","values":null,"valid":"1","optdt":null,"optid":"0","receid":null,"recename":null,"explain":null,"comid":"0"},{"id":"367","name":"\u521d\u59cb\u5165\u5e93","type":"0","pid":"78","num":null,"value":"2","sort":"0","values":null,"valid":"1","optdt":null,"optid":"0","receid":null,"recename":null,"explain":null,"comid":"0"},{"id":"368","name":"\u6a21\u5757\u5217\u5b9a\u4e49","type":"0","pid":"-1007","num":"columns_customer_gys","value":"name,suoname,type,unitname,tel,address,status,linkname,explain,caozuo","sort":"0","values":null,"valid":"1","optdt":"2017-11-11 15:04:39","optid":"1","receid":null,"recename":null,"explain":null,"comid":"0"},{"id":"369","name":"\u884c\u653f\u4eba\u4e8b\u90e8\u6587\u4ef6\u5939\u76ee\u5f55","type":"0","pid":null,"num":"deptfolder4","value":null,"sort":"0","values":null,"valid":"1","optdt":"2017-11-13 15:38:38","optid":"4","receid":null,"recename":null,"explain":null,"comid":"0"},{"id":"381","name":"\u8c03\u62e8\u5165\u5e93","type":"0","pid":"78","num":null,"value":"3","sort":"0","values":null,"valid":"1","optdt":null,"optid":"0","receid":null,"recename":null,"explain":null,"comid":"0"},{"id":"382","name":"\u8c03\u62e8\u51fa\u5e93","type":"0","pid":"79","num":null,"value":"3","sort":"0","values":null,"valid":"1","optdt":null,"optid":"0","receid":null,"recename":null,"explain":null,"comid":"0"},{"id":"383","name":"\u6a21\u5757\u5217\u5b9a\u4e49","type":"0","pid":"-1007","num":"columns_customer_ghai","value":"name,suoname,type,unitname,sheng,shi,status,caozuo","sort":"0","values":null,"valid":"1","optdt":"2018-03-06 14:22:28","optid":"1","receid":null,"recename":null,"explain":null,"comid":"0"},{"id":"387","name":"\u751f\u65e5\u77ed\u4fe1\u63d0\u9192","type":"0","pid":"154","num":"smsbirthday","value":null,"sort":"0","values":null,"valid":"1","optdt":null,"optid":"0","receid":null,"recename":null,"explain":"\u5bf9\u5e94\u503c\u8bbe\u7f6e\uff1a\u77ed\u4fe1\u6a21\u7248\u7f16\u53f7\u4e3a\u7a7a\u4e0d\u63d0\u9192","comid":"0"},{"id":"418","name":"\u6a21\u5757\u5217\u5b9a\u4e49","type":"0","pid":"-1071","num":"columns_hrcheck_tjall","value":"deptname,applyname,title,startdt,pfrenids,fen","sort":"0","values":null,"valid":"1","optdt":"2018-09-07 22:23:50","optid":"1","receid":null,"recename":null,"explain":null,"comid":"0"},{"id":"417","name":"\u54fa\u4e73\u5047","type":"0","pid":"46","num":null,"value":null,"sort":"0","values":null,"valid":"1","optdt":null,"optid":"0","receid":null,"recename":null,"explain":null,"comid":"0"},{"id":"401","name":"\u7cfb\u7edf\u9009\u9879","type":"0","pid":"1","num":"sysoption","value":null,"sort":"12","values":null,"valid":"1","optdt":null,"optid":"0","receid":null,"recename":null,"explain":null,"comid":"0"},{"id":"402","name":"\u7528\u6237\u521d\u59cb\u5316","type":"0","pid":"401","num":"sysuserinit","value":"\u5426","sort":"0","values":null,"valid":"1","optdt":null,"optid":"0","receid":null,"recename":null,"explain":"\u5bf9\u5e94\u503c\u5199:\u662f\uff0c\u5c31\u53ef\u4ee5\u591a\u6b21\u521d\u59cb\u5316\u7528\u6237\u3002","comid":"0"},{"id":"403","name":"\u77ed\u4fe1\u5e73\u53f0","type":"0","pid":"401","num":"syssmsplat","value":null,"sort":"0","values":null,"valid":"1","optdt":null,"optid":"0","receid":null,"recename":null,"explain":null,"comid":"0"},{"id":"405","name":"\u963f\u91cc\u4e91(\u77ed\u4fe1\u670d\u52a1)","type":"0","pid":"403","num":null,"value":"alisms","sort":"0","values":null,"valid":"0","optdt":null,"optid":"0","receid":null,"recename":null,"explain":null,"comid":"0"},{"id":"409","name":"\u6a21\u5757\u5217\u5b9a\u4e49","type":"0","pid":"-1007","num":"columns_customer_all","value":"name,suoname,type,unitname,isstat,isgys,htshu,moneyz,moneyd,lastdt,caozuo","sort":"0","values":null,"valid":"1","optdt":"2018-07-07 10:21:00","optid":"1","receid":null,"recename":null,"explain":null,"comid":"0"},{"id":"410","name":"\u6211\u77ed\u4fe1\u670d\u52a1","type":"0","pid":"403","num":null,"value":"mysms","sort":"2","values":null,"valid":"1","optdt":null,"optid":"0","receid":null,"recename":null,"explain":null,"comid":"0"},{"id":"413","name":"\u6bcf\u6708\u53ef\u7533\u8bf7\u6253\u5361\u5f02\u5e38\u6b21\u6570","type":"0","pid":"144","num":"kqerrapply","value":"0","sort":"0","values":null,"valid":"1","optdt":null,"optid":"0","receid":null,"recename":null,"explain":"\u5bf9\u5e94\u503c\u8bbe\u7f6e0\u4e0d\u9650\u5236","comid":"0"},{"id":"411","name":"\u52a0\u73ed\u53ef\u8c03\u4f11","type":"0","pid":"144","num":"kqjiabanuse","value":"0","sort":"0","values":null,"valid":"1","optdt":null,"optid":"0","receid":null,"recename":null,"explain":"\u52a0\u73ed\u6362\u8c03\u4f11\u6709\u6548\u65f6\u95f40\u4e0d\u9650\u52363\u4e2a\u6708\u5185","comid":"0"},{"id":"412","name":"\u5e74\u5047\u53ef\u4f7f\u7528","type":"0","pid":"144","num":"kqnianjiause","value":"0","sort":"0","values":null,"valid":"1","optdt":null,"optid":"0","receid":null,"recename":null,"explain":"\u5e74\u5047\u53ef\u4f7f\u7528\u65f6\u95f40\u4e0d\u9650\u5236,1\u4e00\u4e2a\u6708,12\u4e00\u5e74","comid":"0"},{"id":"419","name":"\u8425\u4e1a\u6267\u7167","type":"0","pid":"244","num":null,"value":null,"sort":"1","values":null,"valid":"1","optdt":null,"optid":"0","receid":null,"recename":null,"explain":null,"comid":"0"},{"id":"420","name":"\u7ec4\u7ec7\u673a\u6784\u4ee3\u7801\u8bc1","type":"0","pid":"244","num":null,"value":null,"sort":"1","values":null,"valid":"1","optdt":null,"optid":"0","receid":null,"recename":null,"explain":null,"comid":"0"},{"id":"421","name":"\u7a0e\u52a1\u767b\u8bb0\u8bc1","type":"0","pid":"244","num":null,"value":null,"sort":"1","values":null,"valid":"1","optdt":null,"optid":"0","receid":null,"recename":null,"explain":null,"comid":"0"},{"id":"422","name":"\u673a\u6784\u4fe1\u7528\u4ee3\u7801\u8bc1","type":"0","pid":"244","num":null,"value":null,"sort":"1","values":null,"valid":"1","optdt":null,"optid":"0","receid":null,"recename":null,"explain":null,"comid":"0"},{"id":"423","name":"\u53d1\u7968\u4e13\u7528\u7ae0","type":"0","pid":"244","num":null,"value":null,"sort":"0","values":null,"valid":"1","optdt":null,"optid":"0","receid":null,"recename":null,"explain":null,"comid":"0"},{"id":"424","name":"\u4e91\u7247\u7f51","type":"0","pid":"403","num":null,"value":"yunpsms","sort":"1","values":null,"valid":"1","optdt":null,"optid":"0","receid":null,"recename":null,"explain":null,"comid":"0"},{"id":"425","name":"\u589e\u503c\u7a0e\u666e\u901a\u7535\u5b50\u53d1\u7968","type":"0","pid":"351","num":null,"value":null,"sort":"1","values":null,"valid":"1","optdt":null,"optid":"0","receid":null,"recename":null,"explain":null,"comid":"0"},{"id":"427","name":"\u516c\u6587\u5355\u4f4d","type":"0","pid":"99","num":"officiaunit","value":null,"sort":"0","values":null,"valid":"1","optdt":null,"optid":"0","receid":null,"recename":null,"explain":null,"comid":"0"},{"id":"428","name":"\u4e2d\u6295\u5f00\u53d1","type":"0","pid":"427","num":null,"value":null,"sort":"0","values":null,"valid":"1","optdt":null,"optid":"0","receid":null,"recename":null,"explain":null,"comid":"0"},{"id":"429","name":"\u53a6\u95e8\u5e02\u4eba\u6c11\u653f\u5e9c","type":"0","pid":"427","num":null,"value":null,"sort":"0","values":null,"valid":"1","optdt":null,"optid":"0","receid":null,"recename":null,"explain":null,"comid":"0"},{"id":"430","name":"\u53a6\u95e8\u5e02\u7a0e\u52a1\u5c40","type":"0","pid":"427","num":null,"value":null,"sort":"0","values":null,"valid":"1","optdt":null,"optid":"0","receid":null,"recename":null,"explain":null,"comid":"0"},{"id":"431","name":"\u798f\u5efa\u7701\u4eba\u6c11\u653f\u5e9c","type":"0","pid":"427","num":null,"value":null,"sort":"0","values":null,"valid":"1","optdt":null,"optid":"0","receid":null,"recename":null,"explain":null,"comid":"0"},{"id":"433","name":"\u65b0\u95fb\u5206\u7c7b","type":"0","pid":"62","num":"newstype","value":null,"sort":"0","values":null,"valid":"1","optdt":null,"optid":"0","receid":null,"recename":null,"explain":null,"comid":"0"},{"id":"434","name":"\u5b89\u5168\u4fe1\u606f","type":"0","pid":"433","num":null,"value":"home","sort":"1","values":null,"valid":"0","optdt":null,"optid":"0","receid":null,"recename":null,"explain":null,"comid":"0"},{"id":"435","name":"\u8d44\u8baf","type":"0","pid":"433","num":null,"value":"home","sort":"0","values":null,"valid":"1","optdt":null,"optid":"0","receid":null,"recename":null,"explain":null,"comid":"0"},{"id":"436","name":"\u7ea2\u5934\u6807\u9898","type":"0","pid":"99","num":"officiatitle","value":"\t\u4e2d\u6295\u5f00\u53d1\u6587\u4ef6","sort":"0","values":null,"valid":"1","optdt":null,"optid":"0","receid":null,"recename":null,"explain":null,"comid":"0"},{"id":"437","name":"\u7ea2\u5934\u6a21\u7248\u6587\u4ef6\u5206\u7c7b","type":"0","pid":"99","num":"officialmbfenlei","value":null,"sort":"0","values":null,"valid":"1","optdt":null,"optid":"0","receid":null,"recename":null,"explain":null,"comid":"0"},{"id":"438","name":"\u901a\u7528","type":"0","pid":"437","num":null,"value":null,"sort":"0","values":null,"valid":"1","optdt":null,"optid":"0","receid":null,"recename":null,"explain":null,"comid":"0"},{"id":"439","name":"\u53a6\u95e8\u4eba\u6c11\u653f\u5e9c\u6587\u4ef6","type":"0","pid":"436","num":null,"value":null,"sort":"0","values":null,"valid":"1","optdt":null,"optid":"0","receid":null,"recename":null,"explain":null,"comid":"0"},{"id":"440","name":"\u798f\u5efa\u7701\u4eba\u6c11\u653f\u5e9c\u6587\u4ef6","type":"0","pid":"436","num":null,"value":null,"sort":"0","values":null,"valid":"1","optdt":null,"optid":"0","receid":null,"recename":null,"explain":null,"comid":"0"},{"id":"441","name":"\u4e2d\u6295\u5f00\u53d1\u6587\u4ef6","type":"0","pid":"436","num":null,"value":null,"sort":"0","values":null,"valid":"1","optdt":null,"optid":"0","receid":null,"recename":null,"explain":null,"comid":"0"},{"id":"449","name":"gerenvcard_4\u9009\u9879","type":"0","pid":null,"num":"gerenvcard_4","value":null,"sort":"0","values":null,"valid":"1","optdt":"2019-06-04 16:22:19","optid":"4","receid":null,"recename":null,"explain":null,"comid":"0"},{"id":"451","name":"knowledgetype_qz\u9009\u9879","type":"0","pid":null,"num":"knowledgetype_qz","value":null,"sort":"0","values":null,"valid":"1","optdt":"2019-06-05 18:10:38","optid":"4","receid":null,"recename":null,"explain":null,"comid":"2"},{"id":"452","name":"knowtikutype_qz\u9009\u9879","type":"0","pid":null,"num":"knowtikutype_qz","value":null,"sort":"0","values":null,"valid":"1","optdt":"2019-06-05 18:10:46","optid":"4","receid":null,"recename":null,"explain":null,"comid":"2"},{"id":"453","name":"\u6cc9\u5dde\u516c\u53f8","type":"0","pid":"451","num":null,"value":null,"sort":"0","values":null,"valid":"1","optdt":null,"optid":"0","receid":null,"recename":null,"explain":null,"comid":"0"},{"id":"454","name":"\u5b98\u7f51\u77e5\u8bc6","type":"0","pid":"452","num":null,"value":null,"sort":"0","values":null,"valid":"1","optdt":null,"optid":"0","receid":null,"recename":null,"explain":null,"comid":"0"},{"id":"455","name":"\u6280\u672f\u59ff\u52bf","type":"0","pid":"452","num":null,"value":null,"sort":"0","values":null,"valid":"1","optdt":null,"optid":"0","receid":null,"recename":null,"explain":null,"comid":"0"},{"id":"456","name":"PHP\u77e5\u8bc6","type":"0","pid":"455","num":null,"value":null,"sort":"0","values":null,"valid":"1","optdt":null,"optid":"0","receid":null,"recename":null,"explain":null,"comid":"0"},{"id":"457","name":"goodstype_qz\u9009\u9879","type":"0","pid":null,"num":"goodstype_qz","value":null,"sort":"0","values":null,"valid":"1","optdt":"2019-06-06 18:50:51","optid":"4","receid":null,"recename":null,"explain":null,"comid":"2"},{"id":"458","name":"assetstype_qz\u9009\u9879","type":"0","pid":null,"num":"assetstype_qz","value":null,"sort":"0","values":null,"valid":"1","optdt":"2019-06-06 18:51:03","optid":"4","receid":null,"recename":null,"explain":null,"comid":"2"},{"id":"459","name":"\u529e\u516c\u8017\u6750","type":"0","pid":"457","num":null,"value":null,"sort":"0","values":null,"valid":"1","optdt":null,"optid":"0","receid":null,"recename":null,"explain":null,"comid":"0"},{"id":"460","name":"\u7b14","type":"0","pid":"459","num":null,"value":null,"sort":"0","values":null,"valid":"1","optdt":null,"optid":"0","receid":null,"recename":null,"explain":null,"comid":"0"},{"id":"461","name":"\u6cc9\u5dde\u8d44\u4ea7","type":"0","pid":"458","num":null,"value":null,"sort":"0","values":null,"valid":"1","optdt":null,"optid":"0","receid":null,"recename":null,"explain":null,"comid":"0"},{"id":"462","name":"booktype_qz\u9009\u9879","type":"0","pid":null,"num":"booktype_qz","value":null,"sort":"0","values":null,"valid":"1","optdt":"2019-06-07 13:26:40","optid":"4","receid":null,"recename":null,"explain":null,"comid":"2"},{"id":"463","name":"\u8ba1\u7b97\u673a","type":"0","pid":"462","num":null,"value":null,"sort":"0","values":null,"valid":"1","optdt":null,"optid":"0","receid":null,"recename":null,"explain":null,"comid":"0"},{"id":"464","name":"\u7f16\u7a0b","type":"0","pid":"463","num":null,"value":null,"sort":"0","values":null,"valid":"1","optdt":null,"optid":"0","receid":null,"recename":null,"explain":null,"comid":"0"},{"id":"465","name":"PC\u9996\u9875\u81ea\u52a8\u5237\u65b0(\u79d2)","type":"0","pid":"401","num":"syshometime","value":"200","sort":"0","values":null,"valid":"1","optdt":null,"optid":"0","receid":null,"recename":null,"explain":"\u81ea\u52a8\u5237\u65b0\u79d2\u6570\u6700\u4f4e5\u79d2","comid":"0"},{"id":"466","name":"\u9875\u9762\u5927\u5c0f\u8bbe\u7f6e","type":"0","pid":"401","num":null,"value":null,"sort":"0","values":null,"valid":"1","optdt":null,"optid":"0","receid":null,"recename":null,"explain":null,"comid":"0"},{"id":"467","name":"\u5f39\u6846\u9ed8\u8ba4\u5927\u5c0f","type":"0","pid":"466","num":"tanwidth","value":"900x800","sort":"0","values":null,"valid":"1","optdt":null,"optid":"0","receid":null,"recename":null,"explain":null,"comid":"0"},{"id":"468","name":"\u5f55\u5165\u9875\u6700\u5927\u5bbd","type":"0","pid":"466","num":"inputwidth","value":"750","sort":"0","values":null,"valid":"1","optdt":null,"optid":"0","receid":null,"recename":null,"explain":null,"comid":"0"},{"id":"469","name":"\u8be6\u60c5\u9875\u6700\u5927\u5bbd","type":"0","pid":"466","num":"xiangwidth","value":"700","sort":"0","values":null,"valid":"1","optdt":null,"optid":"0","receid":null,"recename":null,"explain":null,"comid":"0"},{"id":"471","name":"\u6a21\u5757\u5217\u5b9a\u4e49","type":"0","pid":"-1069","num":"columns_officic_","value":"num,title,unitsame,optdt,caozuo","sort":"0","values":null,"valid":"1","optdt":"2019-07-12 14:05:28","optid":"1","receid":null,"recename":null,"explain":null,"comid":"1"},{"id":"475","name":"APP\u9009\u9879\u8bbe\u7f6e","type":"0","pid":"401","num":null,"value":null,"sort":"0","values":null,"valid":"1","optdt":null,"optid":"0","receid":null,"recename":null,"explain":null,"comid":"0"},{"id":"476","name":"\u9996\u9875\u662f\u5426\u663e\u793a\u5feb\u6377\u5e94\u7528","type":"0","pid":"475","num":"appsy_yyshow","value":"\u662f","sort":"0","values":null,"valid":"1","optdt":null,"optid":"0","receid":null,"recename":null,"explain":"\u4e0d\u663e\u793a\u5bf9\u5e94\u503c\u6539\u6210\u201c\u5426\u201d","comid":"0"},{"id":"477","name":"\u9996\u9875\u662f\u5426\u663e\u793a\u516c\u544a\u6eda\u52a8\u56fe\u7247","type":"0","pid":"475","num":"appsy_ggshow","value":"\u5426","sort":"0","values":null,"valid":"1","optdt":null,"optid":"0","receid":null,"recename":null,"explain":"\u4e0d\u663e\u793a\u5bf9\u5e94\u503c\u6539\u6210\u201c\u5426\u201d","comid":"0"},{"id":"478","name":"\u9996\u9875\u662f\u5426\u663e\u793a\u65b0\u95fb\u6eda\u52a8\u56fe\u7247","type":"0","pid":"475","num":"appsy_xwshow","value":"\u5426","sort":"0","values":null,"valid":"1","optdt":null,"optid":"0","receid":null,"recename":null,"explain":"\u663e\u793a\u5bf9\u5e94\u503c\u6539\u6210\u201c\u662f\u201d","comid":"0"},{"id":"483","name":"\u8bb0\u8d26\u6536\u5165\u7c7b\u578b","type":"0","pid":"130","num":"finjishoutype","value":null,"sort":"0","values":null,"valid":"1","optdt":null,"optid":"0","receid":null,"recename":null,"explain":null,"comid":"0"},{"id":"484","name":"\u8bb0\u8d26\u652f\u51fa\u7c7b\u578b","type":"0","pid":"130","num":"finjizhitype","value":null,"sort":"0","values":null,"valid":"1","optdt":null,"optid":"0","receid":null,"recename":null,"explain":null,"comid":"0"},{"id":"536","name":"\u94f6\u8f6c","type":"0","pid":"483","num":null,"value":null,"sort":"0","values":null,"valid":"1","optdt":null,"optid":"0","receid":null,"recename":null,"explain":null,"comid":"0"},{"id":"539","name":"\u94f6\u6536","type":"0","pid":"483","num":null,"value":null,"sort":"0","values":null,"valid":"1","optdt":null,"optid":"0","receid":null,"recename":null,"explain":null,"comid":"0"},{"id":"487","name":"\u8f6c\u8d26","type":"0","pid":"484","num":null,"value":null,"sort":"0","values":null,"valid":"1","optdt":null,"optid":"0","receid":null,"recename":null,"explain":null,"comid":"0"},{"id":"488","name":"\u5de5\u8d44","type":"0","pid":"484","num":null,"value":null,"sort":"0","values":null,"valid":"1","optdt":null,"optid":"0","receid":null,"recename":null,"explain":null,"comid":"0"},{"id":"489","name":"\u62a5\u9500","type":"0","pid":"484","num":null,"value":null,"sort":"0","values":null,"valid":"1","optdt":null,"optid":"0","receid":null,"recename":null,"explain":null,"comid":"0"},{"id":"490","name":"\u5ba2\u6237\u5408\u540c\u5206\u7c7b","type":"0","pid":"50","num":"crmhtfenlei","value":null,"sort":"0","values":null,"valid":"1","optdt":null,"optid":"0","receid":null,"recename":null,"explain":null,"comid":"0"},{"id":"491","name":"\u5546\u4e1a\u5408\u540c","type":"0","pid":"490","num":null,"value":null,"sort":"0","values":null,"valid":"1","optdt":null,"optid":"0","receid":null,"recename":null,"explain":null,"comid":"0"},{"id":"492","name":null,"type":"0","pid":null,"num":"systemnum","value":"49b660424a6219c20b6c0af274040c23","sort":"0","values":null,"valid":"1","optdt":"2019-12-11 15:07:16","optid":"1","receid":null,"recename":null,"explain":null,"comid":"1"},{"id":"493","name":"\u6a21\u5757\u5217\u5b9a\u4e49","type":"0","pid":"-1036","num":"columns_custfina_fkd","value":"qishu,depart,optname,htnum,dt,custname,type,money,ispay,paydt,explain,createname,caozuo","sort":"0","values":null,"valid":"1","optdt":"2019-12-18 16:45:35","optid":"1","receid":null,"recename":null,"explain":null,"comid":"1"},{"id":"494","name":"\u6a21\u5757\u5217\u5b9a\u4e49","type":"0","pid":"-1093","num":"columns_custfinaa_","value":"paydt,custid,explain,optname,money,type,depart,htnum,paytype,caozuo","sort":"0","values":null,"valid":"1","optdt":"2019-12-27 16:56:35","optid":"1","receid":null,"recename":null,"explain":null,"comid":"1"},{"id":"495","name":"\u6a21\u5757\u5217\u5b9a\u4e49","type":"0","pid":"-1035","num":"columns_custract_","value":"signdt,num,custname,content,startdt,enddt,type,money,tiaoid,yisid,kaipid,moneys,manager,explain,caozuo","sort":"0","values":null,"valid":"1","optdt":"2020-01-07 16:00:38","optid":"1","receid":null,"recename":null,"explain":null,"comid":"1"},{"id":"496","name":null,"type":"0","pid":null,"num":"systaskrun","value":"2020-08-06 11:00:03","sort":"0","values":null,"valid":"1","optdt":"2020-08-06 11:00:03","optid":"0","receid":null,"recename":null,"explain":null,"comid":"1"},{"id":"497","name":"goodstype_0001\u9009\u9879","type":"0","pid":null,"num":"goodstype_0001","value":null,"sort":"0","values":null,"valid":"1","optdt":"2019-12-20 17:13:10","optid":"1","receid":null,"recename":null,"explain":null,"comid":"1"},{"id":"498","name":"\u6a21\u5757\u5217\u5b9a\u4e49","type":"0","pid":"-1065","num":"columns_finkai_all","value":"inorout,money,paydt,fullname,shibieid,paytype,num,caozuo","sort":"0","values":null,"valid":"1","optdt":"2020-01-08 11:24:00","optid":"1","receid":null,"recename":null,"explain":null,"comid":"1"},{"id":"499","name":"\u6a21\u5757\u5217\u5b9a\u4e49","type":"0","pid":"-1010","num":"columns_user_all","value":"source,name,user,sex,mobile,deptname,ranking,superman,tel,companyid,status,type,id,sort,isvcard,caozuo","sort":"0","values":null,"valid":"1","optdt":"2020-07-28 15:27:04","optid":"1","receid":null,"recename":null,"explain":null,"comid":"1"},{"id":"500","name":null,"type":"0","pid":null,"num":"yinghomeshow_1","value":"custfee,flow","sort":"0","values":null,"valid":"1","optdt":"2020-04-04 16:30:21","optid":"1","receid":null,"recename":null,"explain":null,"comid":"1"},{"id":"501","name":null,"type":"0","pid":null,"num":"yinghomeshow_35","value":"custfee,custfinaa,custfkd","sort":"0","values":null,"valid":"1","optdt":"2020-01-01 21:34:27","optid":"35","receid":null,"recename":null,"explain":null,"comid":"30"},{"id":"502","name":null,"type":"0","pid":null,"num":"gerennotodo_61","value":"0","sort":"0","values":null,"valid":"1","optdt":"2020-01-06 18:40:59","optid":"61","receid":null,"recename":null,"explain":null,"comid":"33"},{"id":"503","name":"\u6a21\u5757\u5217\u5b9a\u4e49","type":"0","pid":"-1036","num":"columns_custfina_","value":"custname,accid,paytype,paymtd,depart,htnum,qishu,type,money,ispay,paydt,explain,createname,optname,caozuo","sort":"0","values":null,"valid":"1","optdt":"2020-03-09 05:20:48","optid":"1","receid":null,"recename":null,"explain":null,"comid":"1"},{"id":"510","name":null,"type":"0","pid":null,"num":"qmimgstr_129","value":"upload\/2020-04\/129qming_7564.png","sort":"0","values":null,"valid":"1","optdt":"2020-04-26 22:09:13","optid":"129","receid":null,"recename":null,"explain":null,"comid":"79"},{"id":"505","name":"\u84dd\u724c\u5236\u4f5c","type":"0","pid":"176","num":null,"value":null,"sort":"0","values":null,"valid":"1","optdt":null,"optid":"0","receid":null,"recename":null,"explain":null,"comid":"0"},{"id":"512","name":"\u4e1a\u52a1\u8d39\u7528","type":"0","pid":"136","num":null,"value":null,"sort":"0","values":null,"valid":"1","optdt":null,"optid":"0","receid":null,"recename":null,"explain":null,"comid":"0"},{"id":"541","name":"\u4e2d\u4ecb\u4ecb\u7ecd","type":"0","pid":"52","num":"002","value":null,"sort":"0","values":null,"valid":"1","optdt":null,"optid":"0","receid":null,"recename":null,"explain":null,"comid":"0"},{"id":"507","name":null,"type":"0","pid":null,"num":"gerennotodo_101","value":"0","sort":"0","values":null,"valid":"1","optdt":"2020-03-20 08:01:04","optid":"101","receid":null,"recename":null,"explain":null,"comid":"59"},{"id":"508","name":null,"type":"0","pid":null,"num":"yinghomeshow_98","value":"fybx","sort":"0","values":null,"valid":"1","optdt":"2020-04-12 01:49:50","optid":"98","receid":null,"recename":null,"explain":null,"comid":"57"},{"id":"509","name":"\u6253\u8f66\u8d39","type":"0","pid":"136","num":null,"value":null,"sort":"4","values":null,"valid":"1","optdt":null,"optid":"0","receid":null,"recename":null,"explain":null,"comid":"0"},{"id":"513","name":null,"type":"0","pid":null,"num":"gerennotodo_242","value":"0","sort":"0","values":null,"valid":"1","optdt":"2020-05-26 10:02:47","optid":"242","receid":null,"recename":null,"explain":null,"comid":"116"},{"id":"514","name":"\u5f20\u4e09","type":"0","pid":"135","num":"20200601001","value":null,"sort":"0","values":null,"valid":"1","optdt":null,"optid":"0","receid":null,"recename":null,"explain":null,"comid":"0"},{"id":"522","name":null,"type":"0","pid":null,"num":"gerennotodo_298","value":"0","sort":"0","values":null,"valid":"1","optdt":"2020-06-24 16:03:26","optid":"298","receid":null,"recename":null,"explain":null,"comid":"186"},{"id":"532","name":"\u6d3b\u52a8","type":"0","pid":"176","num":null,"value":null,"sort":"0","values":null,"valid":"1","optdt":null,"optid":"0","receid":null,"recename":null,"explain":null,"comid":"0"},{"id":"520","name":"\u9910\u8d39","type":"0","pid":"136","num":null,"value":null,"sort":"0","values":null,"valid":"1","optdt":null,"optid":"0","receid":null,"recename":null,"explain":null,"comid":"0"},{"id":"521","name":"\u652f\u7968","type":"0","pid":"131","num":"11","value":null,"sort":"0","values":null,"valid":"1","optdt":null,"optid":"0","receid":null,"recename":null,"explain":null,"comid":"0"},{"id":"523","name":null,"type":"0","pid":null,"num":"gerennotodo_335","value":"0","sort":"0","values":null,"valid":"1","optdt":"2020-07-02 09:18:49","optid":"335","receid":null,"recename":null,"explain":null,"comid":"195"},{"id":"524","name":"\u52b3\u52a1\u5408\u540c","type":"0","pid":"490","num":null,"value":null,"sort":"0","values":null,"valid":"1","optdt":null,"optid":"0","receid":null,"recename":null,"explain":null,"comid":"0"},{"id":"525","name":"\u79df\u8d41\u5408\u540c","type":"0","pid":"490","num":null,"value":null,"sort":"0","values":null,"valid":"1","optdt":null,"optid":"0","receid":null,"recename":null,"explain":null,"comid":"0"},{"id":"542","name":"\u6a21\u5757\u5217\u5b9a\u4e49","type":"0","pid":"-1063","num":"columns_company_all","value":"name,regtime,exptime,logo,oaname,num,oanemes,fuzename,city,tel,fax,sort,id,caozuo","sort":"0","values":null,"valid":"1","optdt":"2020-08-03 21:56:15","optid":"1","receid":null,"recename":null,"explain":null,"comid":"1"},{"id":"538","name":"\u73b0\u6536","type":"0","pid":"483","num":null,"value":null,"sort":"0","values":null,"valid":"1","optdt":null,"optid":"0","receid":null,"recename":null,"explain":null,"comid":"0"},{"id":"528","name":null,"type":"0","pid":null,"num":"yinghomeshow_374","value":"customer","sort":"0","values":null,"valid":"1","optdt":"2020-07-12 22:56:52","optid":"374","receid":null,"recename":null,"explain":null,"comid":"204"},{"id":"540","name":"\u4e2d\u4ecb\u4ecb\u7ecd","type":"0","pid":"58","num":"001","value":null,"sort":"0","values":null,"valid":"1","optdt":null,"optid":"0","receid":null,"recename":null,"explain":null,"comid":"0"},{"id":"533","name":"\u6728\u8d28\u6750\u6599","type":"0","pid":"136","num":null,"value":null,"sort":"0","values":null,"valid":"1","optdt":null,"optid":"0","receid":null,"recename":null,"explain":null,"comid":"0"},{"id":"534","name":"\u5899\u6f06\u6750\u6599","type":"0","pid":"136","num":null,"value":null,"sort":"0","values":null,"valid":"1","optdt":null,"optid":"0","receid":null,"recename":null,"explain":null,"comid":"0"}]}}