{"xinhu_kqdw":{"fields":[{"name":"id","type":"smallint","explain":"","types":"smallint(6)","dev":null,"isnull":"NO","lens":null},{"name":"name","type":"varchar","explain":"\u540d\u79f0","types":"varchar(20)","dev":null,"isnull":"YES","lens":"20"},{"name":"location_x","type":"varchar","explain":"","types":"varchar(20)","dev":null,"isnull":"YES","lens":"20"},{"name":"location_y","type":"varchar","explain":"","types":"varchar(20)","dev":null,"isnull":"YES","lens":"20"},{"name":"address","type":"varchar","explain":"\u4f4d\u7f6e\u540d\u79f0","types":"varchar(50)","dev":null,"isnull":"YES","lens":"50"},{"name":"precision","type":"int","explain":"\u5141\u8bb8\u8bef\u5dee\u7c73","types":"int(11)","dev":"0","isnull":"YES","lens":null},{"name":"scale","type":"smallint","explain":"","types":"smallint(6)","dev":"0","isnull":"YES","lens":null},{"name":"wifiname","type":"varchar","explain":"\u6253\u5361wifi\u540d","types":"varchar(100)","dev":null,"isnull":"YES","lens":"100"},{"name":"iswgd","type":"tinyint","explain":"\u662f\u5426\u4e3a\u65e0\u56fa\u5b9a\u5730\u70b9","types":"tinyint(1)","dev":"0","isnull":"YES","lens":null},{"name":"dwids","type":"varchar","explain":"\u5173\u8054\u5bf9\u5e94ID,\u5b9e\u73b0\u591a\u70b9\u5b9a\u4f4d","types":"varchar(50)","dev":null,"isnull":"YES","lens":"50"}],"data":[]}}