{"xinhu_kqxxsj":{"fields":[{"name":"id","type":"int","explain":"","types":"int(11)","dev":null,"isnull":"NO","lens":null},{"name":"name","type":"varchar","explain":"","types":"varchar(30)","dev":null,"isnull":"YES","lens":"30"},{"name":"dt","type":"date","explain":"","types":"date","dev":null,"isnull":"YES","lens":null},{"name":"pid","type":"smallint","explain":"","types":"smallint(6)","dev":"0","isnull":"YES","lens":null},{"name":"type","type":"tinyint","explain":"0\u4f11\u606f\u65e5,1\u5de5\u4f5c\u65e5","types":"tinyint(1)","dev":"0","isnull":"YES","lens":null},{"name":"uid","type":"int","explain":"\u5bf9\u5e94\u7528\u6237\/\u90e8\u95e8Id","types":"int(11)","dev":"0","isnull":"YES","lens":null}],"data":[]}}