{"xinhu_im_history":{"fields":[{"name":"id","type":"int","explain":"","types":"int(11)","dev":null,"isnull":"NO","lens":null},{"name":"type","type":"varchar","explain":"","types":"varchar(10)","dev":null,"isnull":"YES","lens":"10"},{"name":"receid","type":"smallint","explain":"","types":"smallint(6)","dev":"0","isnull":"YES","lens":null},{"name":"uid","type":"smallint","explain":"","types":"smallint(6)","dev":null,"isnull":"YES","lens":null},{"name":"sendid","type":"smallint","explain":"","types":"smallint(6)","dev":"0","isnull":"YES","lens":null},{"name":"optdt","type":"datetime","explain":"","types":"datetime","dev":null,"isnull":"YES","lens":null},{"name":"cont","type":"varchar","explain":"","types":"varchar(200)","dev":null,"isnull":"YES","lens":"200"},{"name":"stotal","type":"smallint","explain":"","types":"smallint(6)","dev":"0","isnull":"YES","lens":null},{"name":"title","type":"varchar","explain":"\u63a8\u9001\u65f6\u6807\u9898","types":"varchar(50)","dev":null,"isnull":"YES","lens":"50"},{"name":"xgurl","type":"varchar","explain":"\u76f8\u5173\u5730\u5740","types":"varchar(200)","dev":null,"isnull":"YES","lens":"200"},{"name":"messid","type":"int","explain":"\u6700\u540e\u4e00\u6761\u6d88\u606fid","types":"int(11)","dev":"0","isnull":"YES","lens":null}],"data":[{"id":"38","type":"agent","receid":"17","uid":"207","sendid":"208","optdt":"2020-05-11 08:33:40","cont":"MDA15bCG5LiA5Liq5a6i5oi344CQ5LiH6L6!5rG96L2m44CR5YWx5Lqr57uZ5L2g","stotal":"1","title":"\u5ba2\u6237\u7ba1\u7406","xgurl":"customer|51","messid":"0"},{"id":"39","type":"agent","receid":"17","uid":"209","sendid":"208","optdt":"2020-05-11 08:33:40","cont":"MDA15bCG5LiA5Liq5a6i5oi344CQ5LiH6L6!5rG96L2m44CR5YWx5Lqr57uZ5L2g","stotal":"1","title":"\u5ba2\u6237\u7ba1\u7406","xgurl":"customer|51","messid":"0"},{"id":"41","type":"agent","receid":"16","uid":"215","sendid":"215","optdt":"2020-05-11 19:05:30","cont":"5L2g5o!Q5Lqk55qEW!i0ueeUqOaKpemUgCzljZXlj7c6RkEtMjAyMDA1MTEtMDAxXeW3suWFqOmDqOWkhOeQhuWujOaIkA::","stotal":"0","title":"\u6d41\u7a0b\u5f85\u529e","xgurl":"finfybx|17","messid":"0"},{"id":"42","type":"agent","receid":"16","uid":"205","sendid":"205","optdt":"2020-05-14 06:31:50","cont":"5L2g5o!Q5Lqk55qEW!i0ueeUqOaKpemUgCzljZXlj7c6RkEtMjAyMDA1MTMtMDAxXeW3suWFqOmDqOWkhOeQhuWujOaIkA::","stotal":"0","title":"\u6d41\u7a0b\u5f85\u529e","xgurl":"finfybx|18","messid":"0"},{"id":"43","type":"agent","receid":"17","uid":"235","sendid":"229","optdt":"2020-05-26 05:55:52","cont":"5pu!5LiA5bCG5LiA5Liq5a6i5oi344CQ5LiH56eR54mp5rWB44CR5YWx5Lqr57uZ5L2g","stotal":"2","title":"\u5ba2\u6237\u7ba1\u7406","xgurl":"customer|56","messid":"0"},{"id":"44","type":"agent","receid":"16","uid":"234","sendid":"235","optdt":"2020-05-26 06:19:55","cont":"5L2g5pyJWzAwM13nmoRb6LS555So5Y2VLOWNleWPtzpGQS0yMDIwMDUyNi0wMDFd6ZyA6KaB5aSE55CG","stotal":"1","title":"003\u7684\u8d39\u7528\u5355","xgurl":"custfee|4","messid":"0"},{"id":"45","type":"agent","receid":"16","uid":"233","sendid":"235","optdt":"2020-05-26 06:21:24","cont":"5L2g5pyJWzAwM13nmoRb6LS555So5oql6ZSALOWNleWPtzpGQS0yMDIwMDUyNi0wMDJd6ZyA6KaB5aSE55CG","stotal":"2","title":"003\u7684\u8d39\u7528\u62a5\u9500","xgurl":"finfybx|20","messid":"0"},{"id":"46","type":"agent","receid":"16","uid":"235","sendid":"235","optdt":"2020-06-01 08:42:57","cont":"5L2g5o!Q5Lqk55qEW!i0ueeUqOaKpemUgCzljZXlj7c6RkEtMjAyMDA1MzEtMDAyXeW3suWFqOmDqOWkhOeQhuWujOaIkA::","stotal":"0","title":"\u6d41\u7a0b\u5f85\u529e","xgurl":"finfybx|25","messid":"0"},{"id":"47","type":"agent","receid":"16","uid":"243","sendid":"247","optdt":"2020-05-28 16:03:48","cont":"5L2g5pyJW!ael!ivl!eQql3nmoRb5byA56WoLOWNleWPtzpGRi0yMDIwMDUyOC0wMDFd6ZyA6KaB5aSE55CG","stotal":"1","title":"\u6797\u8bd7\u742a\u7684\u5f00\u7968","xgurl":"finkai|22","messid":"0"},{"id":"48","type":"agent","receid":"16","uid":"247","sendid":"243","optdt":"2020-05-28 16:07:11","cont":"5L2g5pyJW!ael!ivl!eQql3nmoRb5byA56WoLOWNleWPtzpGRi0yMDIwMDUyOC0wMDFd6ZyA6KaB5aSE55CG","stotal":"1","title":"\u6797\u8bd7\u742a\u7684\u5f00\u7968","xgurl":"finkai|22","messid":"0"},{"id":"49","type":"agent","receid":"16","uid":"252","sendid":"252","optdt":"2020-06-01 16:42:03","cont":"5L2g5o!Q5Lqk55qEW!i0ueeUqOaKpemUgCzljZXlj7c6RkEtMjAyMDA2MDEtMDAxXeW3suWFqOmDqOWkhOeQhuWujOaIkA::","stotal":"0","title":"\u6d41\u7a0b\u5f85\u529e","xgurl":"finfybx|27","messid":"0"},{"id":"50","type":"user","receid":"231","uid":"252","sendid":"231","optdt":"2020-06-01 16:48:39","cont":"77yM77yM77yM","stotal":"1","title":null,"xgurl":null,"messid":"11"},{"id":"51","type":"user","receid":"252","uid":"231","sendid":"231","optdt":"2020-06-01 16:48:39","cont":"77yM77yM77yM","stotal":"0","title":null,"xgurl":null,"messid":"11"},{"id":"52","type":"user","receid":"233","uid":"233","sendid":"233","optdt":"2020-06-03 18:36:07","cont":"W!WPkeWRhl0:","stotal":"0","title":null,"xgurl":null,"messid":"12"},{"id":"53","type":"agent","receid":"16","uid":"231","sendid":"254","optdt":"2020-06-04 10:18:09","cont":"5L2g5pyJW!W8oOazveWotF3nmoRb6LS555So5oql6ZSALOWNleWPtzpGQS0yMDIwMDYwNC0wMDFd6ZyA6KaB5aSE55CG","stotal":"0","title":"\u5f20\u6cfd\u5a34\u7684\u8d39\u7528\u62a5\u9500","xgurl":"finfybx|30","messid":"0"},{"id":"54","type":"agent","receid":"16","uid":"254","sendid":"254","optdt":"2020-06-04 10:20:11","cont":"5L2g5o!Q5Lqk55qEW!W8gOelqCzljZXlj7c6RkYtMjAyMDA2MDQtMDAyXeW3suWFqOmDqOWkhOeQhuWujOaIkA::","stotal":"0","title":"\u6d41\u7a0b\u5f85\u529e","xgurl":"finkai|29","messid":"0"},{"id":"55","type":"user","receid":"261","uid":"260","sendid":"260","optdt":"2020-06-05 12:40:10","cont":"5oKo5aW9","stotal":"0","title":null,"xgurl":null,"messid":"13"},{"id":"56","type":"user","receid":"260","uid":"261","sendid":"260","optdt":"2020-06-05 12:40:10","cont":"5oKo5aW9","stotal":"0","title":null,"xgurl":null,"messid":"13"},{"id":"57","type":"agent","receid":"3","uid":"1","sendid":"260","optdt":"2020-06-11 15:13:51","cont":"5Lul5LiL5pON5L2c5a2Y5Zyo5a6J5YWo6ZqQ5oKj77yM6K!35bC95b!r5YWz6ZetLi4u","stotal":"2","title":"\u98ce\u9669\u63d0\u793a","xgurl":"gong|3","messid":"0"},{"id":"58","type":"agent","receid":"3","uid":"266","sendid":"260","optdt":"2020-06-11 15:13:51","cont":"5Lul5LiL5pON5L2c5a2Y5Zyo5a6J5YWo6ZqQ5oKj77yM6K!35bC95b!r5YWz6ZetLi4u","stotal":"2","title":"\u98ce\u9669\u63d0\u793a","xgurl":"gong|3","messid":"0"},{"id":"60","type":"agent","receid":"3","uid":"264","sendid":"260","optdt":"2020-06-11 15:13:51","cont":"5Lul5LiL5pON5L2c5a2Y5Zyo5a6J5YWo6ZqQ5oKj77yM6K!35bC95b!r5YWz6ZetLi4u","stotal":"2","title":"\u98ce\u9669\u63d0\u793a","xgurl":"gong|3","messid":"0"},{"id":"61","type":"agent","receid":"3","uid":"263","sendid":"260","optdt":"2020-06-11 15:13:51","cont":"5Lul5LiL5pON5L2c5a2Y5Zyo5a6J5YWo6ZqQ5oKj77yM6K!35bC95b!r5YWz6ZetLi4u","stotal":"2","title":"\u98ce\u9669\u63d0\u793a","xgurl":"gong|3","messid":"0"},{"id":"62","type":"agent","receid":"3","uid":"262","sendid":"260","optdt":"2020-06-11 15:13:51","cont":"5Lul5LiL5pON5L2c5a2Y5Zyo5a6J5YWo6ZqQ5oKj77yM6K!35bC95b!r5YWz6ZetLi4u","stotal":"2","title":"\u98ce\u9669\u63d0\u793a","xgurl":"gong|3","messid":"0"},{"id":"63","type":"agent","receid":"3","uid":"260","sendid":"260","optdt":"2020-06-11 15:13:51","cont":"5Lul5LiL5pON5L2c5a2Y5Zyo5a6J5YWo6ZqQ5oKj77yM6K!35bC95b!r5YWz6ZetLi4u","stotal":"0","title":"\u98ce\u9669\u63d0\u793a","xgurl":"gong|3","messid":"0"},{"id":"64","type":"agent","receid":"3","uid":"261","sendid":"260","optdt":"2020-06-11 15:13:51","cont":"5Lul5LiL5pON5L2c5a2Y5Zyo5a6J5YWo6ZqQ5oKj77yM6K!35bC95b!r5YWz6ZetLi4u","stotal":"2","title":"\u98ce\u9669\u63d0\u793a","xgurl":"gong|3","messid":"0"},{"id":"66","type":"agent","receid":"3","uid":"268","sendid":"260","optdt":"2020-06-11 15:13:51","cont":"5Lul5LiL5pON5L2c5a2Y5Zyo5a6J5YWo6ZqQ5oKj77yM6K!35bC95b!r5YWz6ZetLi4u","stotal":"1","title":"\u98ce\u9669\u63d0\u793a","xgurl":"gong|3","messid":"0"},{"id":"73","type":"agent","receid":"16","uid":"324","sendid":"322","optdt":"2020-07-02 14:28:53","cont":"5L2g5pyJW!mZiOWHr13nmoRb6LS555So5oql6ZSALOWNleWPtzpGQS0yMDIwMDcwMi0wMDZd6ZyA6KaB5aSE55CG","stotal":"7","title":"\u9648\u51ef\u7684\u8d39\u7528\u62a5\u9500","xgurl":"finfybx|35","messid":"0"},{"id":"72","type":"agent","receid":"16","uid":"322","sendid":"322","optdt":"2020-07-22 10:36:26","cont":"5L2g5o!Q5Lqk55qEW!i0ueeUqOaKpemUgCzljZXlj7c6RkEtMjAyMDA3MDMtMDAxXeW3suWFqOmDqOWkhOeQhuWujOaIkA::","stotal":"0","title":"\u6d41\u7a0b\u5f85\u529e","xgurl":"finfybx|38","messid":"0"},{"id":"71","type":"agent","receid":"17","uid":"362","sendid":"359","optdt":"2020-06-29 21:56:18","cont":"5p6X6K!X55Cq5bCG5LiA5Liq5a6i5oi344CQ6ZmI5oC744CR5YWx5Lqr57uZ5L2g","stotal":"2","title":"\u5ba2\u6237\u7ba1\u7406","xgurl":"customer|92","messid":"0"},{"id":"68","type":"group","receid":"2","uid":"262","sendid":"260","optdt":"2020-06-11 16:39:12","cont":"6b6Z6Z2S5LqROjE:","stotal":"1","title":null,"xgurl":null,"messid":"14"},{"id":"69","type":"group","receid":"2","uid":"261","sendid":"260","optdt":"2020-06-11 16:39:12","cont":"6b6Z6Z2S5LqROjE:","stotal":"1","title":null,"xgurl":null,"messid":"14"},{"id":"70","type":"group","receid":"2","uid":"260","sendid":"260","optdt":"2020-06-11 16:39:12","cont":"6b6Z6Z2S5LqROjE:","stotal":"0","title":null,"xgurl":null,"messid":"14"},{"id":"74","type":"agent","receid":"16","uid":"325","sendid":"322","optdt":"2020-07-02 14:30:43","cont":"5L2g5pyJW!mZiOWHr13nmoRb6LS555So5oql6ZSALOWNleWPtzpGQS0yMDIwMDcwMi0wMDdd6ZyA6KaB5aSE55CG","stotal":"1","title":"\u9648\u51ef\u7684\u8d39\u7528\u62a5\u9500","xgurl":"finfybx|36","messid":"0"},{"id":"75","type":"user","receid":"322","uid":"322","sendid":"322","optdt":"2020-07-03 17:56:46","cont":"W!W!rueskV0:","stotal":"0","title":null,"xgurl":null,"messid":"15"},{"id":"76","type":"agent","receid":"68","uid":"329","sendid":"329","optdt":"2020-07-22 10:30:58","cont":"5LiA5pys6LSm56eR5oqA6K!E6K665L2g55qEW!S7mOasvuWQiOWQjF3ljZXmja7vvIzor7TmmI465pel5pyf6L!b6KGM5L!u5pS5","stotal":"0","title":"\u4ed8\u6b3e\u5408\u540c","xgurl":"pay_custract|99","messid":"0"},{"id":"77","type":"agent","receid":"16","uid":"341","sendid":"342","optdt":"2020-07-23 16:36:36","cont":"5L2g5pyJW!WQtOaWsOays13nmoRb6LS555So5oql6ZSALOWNleWPtzpGQS0yMDIwMDcyMy0wMDFd6ZyA6KaB5aSE55CG","stotal":"0","title":"\u5434\u65b0\u6cb3\u7684\u8d39\u7528\u62a5\u9500","xgurl":"finfybx|39","messid":"0"},{"id":"78","type":"agent","receid":"16","uid":"342","sendid":"342","optdt":"2020-08-03 10:32:41","cont":"5L2g5o!Q5Lqk55qEW!i0ueeUqOaKpemUgCzljZXlj7c6RkEtMjAyMDA3MjMtMDAxXeW3suWFqOmDqOWkhOeQhuWujOaIkA::","stotal":"0","title":"\u6d41\u7a0b\u5f85\u529e","xgurl":"finfybx|39","messid":"0"},{"id":"79","type":"agent","receid":"16","uid":"329","sendid":"329","optdt":"2020-08-05 15:17:47","cont":"5L2g5pyJW!S4gOacrOi0puenkeaKgF3nmoRb6LS555So5oql6ZSALOWNleWPtzpGQS0yMDIwMDgwNS0wMDFd6ZyA6KaB5aSE55CG","stotal":"0","title":"\u4e00\u672c\u8d26\u79d1\u6280\u7684\u8d39\u7528\u62a5\u9500","xgurl":"finfybx|45","messid":"0"},{"id":"80","type":"agent","receid":"16","uid":"386","sendid":"386","optdt":"2020-07-27 11:06:14","cont":"5L2g5o!Q5Lqk55qEW!i0ueeUqOaKpemUgCzljZXlj7c6RkEtMjAyMDA3MjctMDAxXeW3suWFqOmDqOWkhOeQhuWujOaIkA::","stotal":"0","title":"\u6d41\u7a0b\u5f85\u529e","xgurl":"finfybx|42","messid":"0"}]}}