{"xinhu_project":{"fields":[{"name":"id","type":"int","explain":"","types":"int(11)","dev":null,"isnull":"NO","lens":null},{"name":"pid","type":"smallint","explain":"","types":"smallint(6)","dev":"0","isnull":"YES","lens":null},{"name":"type","type":"varchar","explain":"\u9879\u76ee\u7c7b\u578b","types":"varchar(20)","dev":null,"isnull":"YES","lens":"20"},{"name":"num","type":"varchar","explain":"\u7f16\u53f7","types":"varchar(20)","dev":null,"isnull":"YES","lens":"20"},{"name":"status","type":"tinyint","explain":"","types":"tinyint(1)","dev":"0","isnull":"YES","lens":null},{"name":"title","type":"varchar","explain":"\u9879\u76ee\u540d\u79f0","types":"varchar(100)","dev":null,"isnull":"YES","lens":"100"},{"name":"startdt","type":"datetime","explain":"\u5f00\u59cb\u65f6\u95f4","types":"datetime","dev":null,"isnull":"YES","lens":null},{"name":"enddt","type":"datetime","explain":"\u9884\u8ba1\u7ed3\u675f\u65f6\u95f4","types":"datetime","dev":null,"isnull":"YES","lens":null},{"name":"fuze","type":"varchar","explain":"\u8d1f\u8d23\u4eba","types":"varchar(20)","dev":null,"isnull":"YES","lens":"20"},{"name":"fuzeid","type":"varchar","explain":"","types":"varchar(50)","dev":null,"isnull":"YES","lens":"50"},{"name":"runuser","type":"varchar","explain":"\u6267\u884c\u4eba\u5458","types":"varchar(100)","dev":null,"isnull":"YES","lens":"100"},{"name":"runuserid","type":"varchar","explain":"","types":"varchar(100)","dev":null,"isnull":"YES","lens":"100"},{"name":"progress","type":"smallint","explain":"\u8fdb\u5ea6","types":"smallint(6)","dev":"0","isnull":"YES","lens":null},{"name":"viewuser","type":"varchar","explain":"\u6388\u6743\u67e5\u770b","types":"varchar(100)","dev":null,"isnull":"YES","lens":"100"},{"name":"viewuserid","type":"varchar","explain":"","types":"varchar(100)","dev":null,"isnull":"YES","lens":"100"},{"name":"content","type":"varchar","explain":"\u8bf4\u660e\u5907\u6ce8","types":"varchar(500)","dev":null,"isnull":"YES","lens":"500"},{"name":"optid","type":"smallint","explain":"","types":"smallint(6)","dev":null,"isnull":"YES","lens":null},{"name":"optname","type":"varchar","explain":"\u64cd\u4f5c\u4eba","types":"varchar(20)","dev":null,"isnull":"YES","lens":"20"},{"name":"optdt","type":"datetime","explain":"","types":"datetime","dev":null,"isnull":"YES","lens":null},{"name":"adddt","type":"datetime","explain":"\u6dfb\u52a0\u65f6\u95f4","types":"datetime","dev":null,"isnull":"YES","lens":null},{"name":"sort","type":"smallint","explain":"\u6392\u5e8f","types":"smallint(6)","dev":"0","isnull":"YES","lens":null},{"name":"comid","type":"smallint","explain":"\u5bf9\u5e94\u5355\u4f4did","types":"smallint(6)","dev":"0","isnull":"YES","lens":null}],"data":[]}}