{"xinhu_flow_where":{"fields":[{"name":"id","type":"smallint","explain":"","types":"smallint(6)","dev":null,"isnull":"NO","lens":null},{"name":"setid","type":"smallint","explain":"\u5bf9\u5e94\u6a21\u5757","types":"smallint(6)","dev":"0","isnull":"YES","lens":null},{"name":"num","type":"varchar","explain":"\u7f16\u53f7","types":"varchar(30)","dev":null,"isnull":"YES","lens":"30"},{"name":"pnum","type":"varchar","explain":"\u7f16\u53f7\u5206\u7ec4","types":"varchar(30)","dev":null,"isnull":"YES","lens":"30"},{"name":"name","type":"varchar","explain":"\u6761\u4ef6\u540d\u79f0","types":"varchar(50)","dev":null,"isnull":"YES","lens":"50"},{"name":"wheresstr","type":"varchar","explain":"\u5bf9\u5e94\u8868\u6761\u4ef6","types":"varchar(500)","dev":null,"isnull":"YES","lens":"500"},{"name":"whereustr","type":"varchar","explain":"\u7528\u6237\u6761\u4ef6","types":"varchar(500)","dev":null,"isnull":"YES","lens":"500"},{"name":"wheredstr","type":"varchar","explain":"\u5bf9\u5e94\u90e8\u95e8\u6761\u4ef6","types":"varchar(500)","dev":null,"isnull":"YES","lens":"500"},{"name":"sort","type":"smallint","explain":"","types":"smallint(6)","dev":null,"isnull":"YES","lens":null},{"name":"explain","type":"varchar","explain":"","types":"varchar(200)","dev":null,"isnull":"YES","lens":"200"},{"name":"receid","type":"varchar","explain":"","types":"varchar(200)","dev":null,"isnull":"YES","lens":"200"},{"name":"recename","type":"varchar","explain":"\u5305\u542b\u7528\u6237","types":"varchar(200)","dev":null,"isnull":"YES","lens":"200"},{"name":"nreceid","type":"varchar","explain":"","types":"varchar(200)","dev":null,"isnull":"YES","lens":"200"},{"name":"nrecename","type":"varchar","explain":"\u4e0d\u5305\u542b\u7528\u6237","types":"varchar(200)","dev":null,"isnull":"YES","lens":"200"},{"name":"islb","type":"tinyint","explain":"\u662f\u5426\u5728\u751f\u6210\u5217\u8868\u9875\u9762\u4e0a\u663e\u793a","types":"tinyint(1)","dev":"0","isnull":"YES","lens":null},{"name":"status","type":"tinyint","explain":"\u72b6\u6001","types":"tinyint(1)","dev":"1","isnull":"YES","lens":null},{"name":"syrid","type":"varchar","explain":"","types":"varchar(200)","dev":null,"isnull":"YES","lens":"200"},{"name":"syrname","type":"varchar","explain":"\u6b64\u6761\u4ef6\u53ef\u9002\u7528\u5bf9\u8c61","types":"varchar(200)","dev":null,"isnull":"YES","lens":"200"}],"data":[{"id":"1","setid":"1","num":"my","pnum":null,"name":"\u4e0e\u6211\u76f8\u5173","wheresstr":"YHN0YXR1c2A9MSBhbmQge3JlY2VpZH0:","whereustr":null,"wheredstr":null,"sort":"0","explain":"receid\u5305\u542b\u7528\u6237","receid":null,"recename":null,"nreceid":null,"nrecename":null,"islb":"1","status":"1","syrid":null,"syrname":null},{"id":"2","setid":"5","num":null,"pnum":null,"name":"\u5927\u4e8e3\u5929","wheresstr":"YHRvdGFsc2AgPiAyNA::","whereustr":null,"wheredstr":null,"sort":"0","explain":"\u65f6\u95f4(\u5c0f\u65f6) \u5927\u4e8e 24","receid":null,"recename":null,"nreceid":null,"nrecename":null,"islb":"0","status":"1","syrid":null,"syrname":null},{"id":"3","setid":"34","num":null,"pnum":null,"name":"\u7ba1\u7406\u5458\u5bf9\u5e94\u5f00\u53d1\u90e8","wheresstr":null,"whereustr":null,"wheredstr":null,"sort":"0","explain":null,"receid":"d2","recename":"\u5f00\u53d1\u90e8","nreceid":null,"nrecename":null,"islb":"0","status":"1","syrid":null,"syrname":null},{"id":"4","setid":"4","num":null,"pnum":null,"name":"\u672a\u5206\u914d\u7684\u8bb0\u5f55","wheresstr":"YGRpc3RgIGlzIG51bGw:","whereustr":null,"wheredstr":null,"sort":"20","explain":"\u5206\u914d\u7ed9 \u4e3a\u7a7a ","receid":null,"recename":null,"nreceid":null,"nrecename":null,"islb":"0","status":"1","syrid":null,"syrname":null},{"id":"5","setid":"1","num":"wfb","pnum":null,"name":"\u6211\u53d1\u5e03","wheresstr":"YG9wdGlkYD17dWlkfQ::","whereustr":null,"wheredstr":null,"sort":"1","explain":"optid\u5b57\u6bb5\u7b49\u4e8e\u5f53\u524d\u7528\u6237","receid":null,"recename":null,"nreceid":null,"nrecename":null,"islb":"1","status":"1","syrid":null,"syrname":null},{"id":"7","setid":"3","num":"my","pnum":null,"name":"\u6211\u7684\u65e5\u62a5","wheresstr":"YHVpZGA9e3VpZH0:","whereustr":null,"wheredstr":null,"sort":"0","explain":null,"receid":null,"recename":null,"nreceid":null,"nrecename":null,"islb":"1","status":"1","syrid":null,"syrname":null},{"id":"8","setid":"3","num":"undall","pnum":null,"name":"\u4e0b\u5c5e\u5168\u90e8\u65e5\u62a5","wheresstr":"YHVpZGAgaW4oe2FsbHN1cGVyfSk:","whereustr":null,"wheredstr":null,"sort":"1","explain":null,"receid":null,"recename":null,"nreceid":null,"nrecename":null,"islb":"1","status":"1","syrid":null,"syrname":null},{"id":"9","setid":"3","num":"undwd","pnum":null,"name":"\u5168\u90e8\u4e0b\u5c5e\u672a\u8bfb","wheresstr":"e3VpZCxkb3duYWxsfSBhbmQge3VucmVhZH0:","whereustr":null,"wheredstr":null,"sort":"2","explain":null,"receid":null,"recename":null,"nreceid":null,"nrecename":null,"islb":"1","status":"1","syrid":null,"syrname":null},{"id":"10","setid":"1","num":"wexx","pnum":null,"name":"\u6211\u672a\u8bfb","wheresstr":"YHN0YXR1c2A9MSBhbmQge3JlY2VpZH0gYW5kIHt1bnJlYWR9","whereustr":null,"wheredstr":null,"sort":"2","explain":null,"receid":null,"recename":null,"nreceid":null,"nrecename":null,"islb":"1","status":"1","syrid":null,"syrname":null},{"id":"11","setid":"2","num":"today","pnum":null,"name":"\u4eca\u65e5\u4f1a\u8bae","wheresstr":"YHR5cGVgPTAgYW5kIGBzdGF0dXNgPTEgYW5kIGBzdGFydGR0YCBsaWtlICdbZGF0ZV0lJw::","whereustr":null,"wheredstr":null,"sort":"0","explain":null,"receid":null,"recename":null,"nreceid":null,"nrecename":null,"islb":"1","status":"1","syrid":null,"syrname":null},{"id":"12","setid":"2","num":"bzhy","pnum":null,"name":"\u672c\u5468\u4f1a\u8bae","wheresstr":"YHR5cGVgPTAgYW5kIGBzdGF0dXNgPTEgYW5kIGBzdGFydGR0YCA!PSAne3dlZWtmaXJzdH0n","whereustr":null,"wheredstr":null,"sort":"2","explain":null,"receid":null,"recename":null,"nreceid":null,"nrecename":null,"islb":"1","status":"1","syrid":null,"syrname":null},{"id":"13","setid":"2","num":"all","pnum":null,"name":"\u5168\u90e8\u4f1a\u8bae","wheresstr":"YHR5cGVgPTAgYW5kIGBzdGF0dXNgPTE:","whereustr":null,"wheredstr":null,"sort":"3","explain":null,"receid":null,"recename":null,"nreceid":null,"nrecename":null,"islb":"1","status":"1","syrid":null,"syrname":null},{"id":"14","setid":"2","num":"myfq","pnum":null,"name":"\u6211\u53d1\u8d77\u4f1a\u8bae","wheresstr":"YHR5cGVgPTAgYW5kIGBzdGF0dXNgPTEgYW5kIGBvcHRpZGA9e3VpZH0:","whereustr":null,"wheredstr":null,"sort":"4","explain":null,"receid":null,"recename":null,"nreceid":null,"nrecename":null,"islb":"1","status":"1","syrid":null,"syrname":null},{"id":"15","setid":"13","num":null,"pnum":null,"name":"\u5927\u4e54\u67e5\u770b\u6743\u9650","wheresstr":null,"whereustr":null,"wheredstr":null,"sort":"0","explain":null,"receid":"d3,d4","recename":"\u8d22\u52a1\u90e8,\u884c\u653f\u4eba\u4e8b\u90e8","nreceid":null,"nrecename":null,"islb":"0","status":"1","syrid":null,"syrname":null},{"id":"16","setid":"4","num":"my","pnum":null,"name":"\u6211\u7684\u4efb\u52a1","wheresstr":"e2Rpc3RpZCx1aWRpbn0:","whereustr":null,"wheredstr":null,"sort":"0","explain":null,"receid":null,"recename":null,"nreceid":null,"nrecename":null,"islb":"1","status":"1","syrid":null,"syrname":null},{"id":"17","setid":"4","num":"down","pnum":null,"name":"\u6211\u4e0b\u5c5e\u4efb\u52a1","wheresstr":"e2Rpc3RpZCxkb3dufQ::","whereustr":null,"wheredstr":null,"sort":"2","explain":null,"receid":null,"recename":null,"nreceid":null,"nrecename":null,"islb":"1","status":"1","syrid":null,"syrname":null},{"id":"18","setid":"4","num":"wcj","pnum":null,"name":"\u6211\u521b\u5efa\u4efb\u52a1","wheresstr":"YG9wdGlkYD17dWlkfQ::","whereustr":null,"wheredstr":null,"sort":"3","explain":null,"receid":null,"recename":null,"nreceid":null,"nrecename":null,"islb":"1","status":"1","syrid":null,"syrname":null},{"id":"19","setid":"4","num":"dd","pnum":null,"name":"\u6211\u7763\u5bfc\u4efb\u52a1","wheresstr":"e2RkaWQsdWlkaW59","whereustr":null,"wheredstr":null,"sort":"4","explain":null,"receid":null,"recename":null,"nreceid":null,"nrecename":null,"islb":"1","status":"1","syrid":null,"syrname":null},{"id":"20","setid":"4","num":"wwc","pnum":null,"name":"\u6211\u672a\u5b8c\u6210\u4efb\u52a1","wheresstr":"YHN0YXR1c2AgaW4oMyw0KSBhbmQge2Rpc3RpZCx1aWRpbn0:","whereustr":null,"wheredstr":null,"sort":"1","explain":null,"receid":null,"recename":null,"nreceid":null,"nrecename":null,"islb":"1","status":"1","syrid":null,"syrname":null},{"id":"21","setid":"4","num":"all","pnum":"all","name":"\u6240\u6709\u4efb\u52a1","wheresstr":"MT0x","whereustr":null,"wheredstr":null,"sort":"5","explain":null,"receid":null,"recename":null,"nreceid":null,"nrecename":null,"islb":"1","status":"1","syrid":null,"syrname":null},{"id":"22","setid":"22","num":"my","pnum":null,"name":"\u6211\u6267\u884c\u9879\u76ee","wheresstr":"e3J1bnVzZXJpZCxyZWNlbm90fQ::","whereustr":null,"wheredstr":null,"sort":"0","explain":null,"receid":null,"recename":null,"nreceid":null,"nrecename":null,"islb":"1","status":"1","syrid":null,"syrname":null},{"id":"23","setid":"22","num":"wwc","pnum":null,"name":"\u6211\u672a\u5b8c\u6210\u9879\u76ee","wheresstr":"e3J1bnVzZXJpZCxyZWNlbm90fSBhbmQgYHN0YXR1c2AgaW4oMCwzKQ::","whereustr":null,"wheredstr":null,"sort":"1","explain":null,"receid":null,"recename":null,"nreceid":null,"nrecename":null,"islb":"1","status":"1","syrid":null,"syrname":null},{"id":"24","setid":"22","num":"myfz","pnum":null,"name":"\u6211\u8d1f\u8d23\u9879\u76ee","wheresstr":"e2Z1emVpZCx1aWRpbn0:","whereustr":null,"wheredstr":null,"sort":"2","explain":null,"receid":null,"recename":null,"nreceid":null,"nrecename":null,"islb":"1","status":"1","syrid":null,"syrname":null},{"id":"25","setid":"22","num":"mycj","pnum":null,"name":"\u6211\u521b\u5efa\u9879\u76ee","wheresstr":"YG9wdGlkYD17dWlkfQ::","whereustr":null,"wheredstr":null,"sort":"3","explain":null,"receid":null,"recename":null,"nreceid":null,"nrecename":null,"islb":"1","status":"1","syrid":null,"syrname":null},{"id":"26","setid":"22","num":"all","pnum":"all","name":"\u6240\u6709\u9879\u76ee","wheresstr":"MT0x","whereustr":null,"wheredstr":null,"sort":"5","explain":null,"receid":null,"recename":null,"nreceid":null,"nrecename":null,"islb":"1","status":"1","syrid":null,"syrname":null},{"id":"27","setid":"12","num":"my","pnum":null,"name":"\u6211\u7684\u65e5\u7a0b","wheresstr":"YHVpZGA9e3VpZH0:","whereustr":null,"wheredstr":null,"sort":"0","explain":null,"receid":null,"recename":null,"nreceid":null,"nrecename":null,"islb":"1","status":"1","syrid":null,"syrname":null},{"id":"28","setid":"12","num":"rece","pnum":null,"name":"\u63d0\u9192\u7ed9\u6211\u7684","wheresstr":"e3JlY2VpZCxyZWNlbm90fQ::","whereustr":null,"wheredstr":null,"sort":"1","explain":null,"receid":null,"recename":null,"nreceid":null,"nrecename":null,"islb":"1","status":"1","syrid":null,"syrname":null},{"id":"29","setid":"4","num":"ywc","pnum":null,"name":"\u5df2\u5b8c\u6210\u4efb\u52a1","wheresstr":"e2Rpc3RpZCx1aWRpbn0gYW5kIGBzdGF0dXNgPTE:","whereustr":null,"wheredstr":null,"sort":"0","explain":null,"receid":null,"recename":null,"nreceid":null,"nrecename":null,"islb":"0","status":"1","syrid":null,"syrname":null},{"id":"30","setid":"7","num":"my","pnum":null,"name":"\u6211\u7684\u5ba2\u6237","wheresstr":"YHVpZGA9e3VpZH0gYW5kIGBzdGF0dXNgPTE:","whereustr":null,"wheredstr":null,"sort":"0","explain":null,"receid":null,"recename":null,"nreceid":null,"nrecename":null,"islb":"1","status":"0","syrid":null,"syrname":null},{"id":"31","setid":"7","num":"gxgw","pnum":"shate","name":"\u5171\u4eab\u7ed9\u6211\u7684","wheresstr":"e3NoYXRlaWQsdWlkaW59","whereustr":null,"wheredstr":null,"sort":"21","explain":null,"receid":null,"recename":null,"nreceid":null,"nrecename":null,"islb":"1","status":"0","syrid":null,"syrname":null},{"id":"32","setid":"7","num":"myall","pnum":null,"name":"\u6211\u5168\u90e8\u5ba2\u6237","wheresstr":"YHVpZGA9e3VpZH0:","whereustr":null,"wheredstr":null,"sort":"1","explain":null,"receid":null,"recename":null,"nreceid":null,"nrecename":null,"islb":"1","status":"1","syrid":null,"syrname":null},{"id":"33","setid":"7","num":"my_ting","pnum":null,"name":"\u6211\u505c\u7528\u5ba2\u6237","wheresstr":"dWlkPXt1aWR9IGFuZCBgc3RhdHVzYD0w","whereustr":null,"wheredstr":null,"sort":"3","explain":null,"receid":null,"recename":null,"nreceid":null,"nrecename":null,"islb":"1","status":"0","syrid":null,"syrname":null},{"id":"34","setid":"7","num":"downall","pnum":"down","name":"\u4e0b\u5c5e\u5168\u90e8\u5ba2\u6237","wheresstr":"YHVpZGAgaW4oe3N1cGVyfSk:","whereustr":null,"wheredstr":null,"sort":"9","explain":null,"receid":null,"recename":null,"nreceid":null,"nrecename":null,"islb":"1","status":"1","syrid":null,"syrname":null},{"id":"35","setid":"7","num":"downty","pnum":"down","name":"\u4e0b\u5c5e\u505c\u7528","wheresstr":"YHVpZGAgaW4oe3N1cGVyfSkgYW5kIGBzdGF0dXNgPTA:","whereustr":null,"wheredstr":null,"sort":"10","explain":null,"receid":null,"recename":null,"nreceid":null,"nrecename":null,"islb":"1","status":"1","syrid":null,"syrname":null},{"id":"36","setid":"7","num":"downstat","pnum":"down","name":"\u4e0b\u5c5e\u6807\u2605","wheresstr":"YHVpZGAgaW4oe3N1cGVyfSkgYW5kIGBpc3N0YXRgPTE:","whereustr":null,"wheredstr":null,"sort":"11","explain":null,"receid":null,"recename":null,"nreceid":null,"nrecename":null,"islb":"1","status":"1","syrid":null,"syrname":null},{"id":"37","setid":"7","num":"mystat","pnum":null,"name":"\u6211\u6807\u2605\u5ba2\u6237","wheresstr":"YHVpZGA9e3VpZH0gYW5kIGBpc3N0YXRgPTE:","whereustr":null,"wheredstr":null,"sort":"2","explain":null,"receid":null,"recename":null,"nreceid":null,"nrecename":null,"islb":"1","status":"0","syrid":null,"syrname":null},{"id":"38","setid":"7","num":"distdfp","pnum":"dist","name":"\u5f85\u5206\u914d\u5ba2\u6237","wheresstr":"KGB1aWRgPXt1aWR9IG9yIGBmemlkYD17dWlkfSBvciBgY3JlYXRlaWRgPXt1aWR9IG9yIGB1aWRgIGluKHtzdXBlcn0pKSBhbmQgYHVpZGA9MA::","whereustr":null,"wheredstr":null,"sort":"31","explain":null,"receid":null,"recename":null,"nreceid":null,"nrecename":null,"islb":"1","status":"1","syrid":null,"syrname":null},{"id":"39","setid":"7","num":"distyfp","pnum":"dist","name":"\u5df2\u5206\u914d\u7684","wheresstr":"KGB1aWRgPXt1aWR9IG9yIGBmemlkYD17dWlkfSBvciBgY3JlYXRlaWRgPXt1aWR9ICBvciBgdWlkYCBpbih7c3VwZXJ9KSkgYW5kIGB1aWRgPjA:","whereustr":null,"wheredstr":null,"sort":"32","explain":null,"receid":null,"recename":null,"nreceid":null,"nrecename":null,"islb":"1","status":"1","syrid":null,"syrname":null},{"id":"40","setid":"7","num":"distall","pnum":"dist","name":"\u5168\u90e8\u5206\u914d\u72b6\u6001","wheresstr":"KGB1aWRgPXt1aWR9IG9yIGBmemlkYD17dWlkfSBvciBgY3JlYXRlaWRgPXt1aWR9ICBvciBgdWlkYCBpbih7c3VwZXJ9KSk:","whereustr":null,"wheredstr":null,"sort":"33","explain":null,"receid":null,"recename":null,"nreceid":null,"nrecename":null,"islb":"1","status":"1","syrid":null,"syrname":null},{"id":"41","setid":"7","num":"mycj","pnum":null,"name":"\u6211\u521b\u5efa","wheresstr":"YGNyZWF0ZWlkYD17dWlkfQ::","whereustr":null,"wheredstr":null,"sort":"4","explain":null,"receid":null,"recename":null,"nreceid":null,"nrecename":null,"islb":"1","status":"0","syrid":null,"syrname":null},{"id":"42","setid":"7","num":"all","pnum":"all","name":"\u6240\u6709\u5ba2\u6237","wheresstr":"MT0x","whereustr":null,"wheredstr":null,"sort":"50","explain":null,"receid":null,"recename":null,"nreceid":null,"nrecename":null,"islb":"1","status":"1","syrid":null,"syrname":null},{"id":"43","setid":"7","num":"allty","pnum":"all","name":"\u6240\u6709\u505c\u7528\u5ba2\u6237","wheresstr":"YHN0YXR1c2A9MA::","whereustr":null,"wheredstr":null,"sort":"51","explain":null,"receid":null,"recename":null,"nreceid":null,"nrecename":null,"islb":"1","status":"1","syrid":null,"syrname":null},{"id":"44","setid":"29","num":"my","pnum":null,"name":"\u6211\u7684\u6863\u6848","wheresstr":"W0FdYGlkYD17dWlkfQ::","whereustr":null,"wheredstr":null,"sort":"0","explain":null,"receid":null,"recename":null,"nreceid":null,"nrecename":null,"islb":"1","status":"1","syrid":null,"syrname":null},{"id":"45","setid":"34","num":"my","pnum":null,"name":"\u6211\u7684\u85aa\u8d44","wheresstr":"YHh1aWRgPXt1aWR9","whereustr":null,"wheredstr":null,"sort":"0","explain":null,"receid":null,"recename":null,"nreceid":null,"nrecename":null,"islb":"0","status":"1","syrid":null,"syrname":null},{"id":"46","setid":"8","num":"mygx","pnum":null,"name":"\u6211\u9700\u8ddf\u8fdb","wheresstr":"YHVpZGA9e3VpZH0gYW5kIGBzdGF0ZWA9MA::","whereustr":null,"wheredstr":null,"sort":"0","explain":null,"receid":null,"recename":null,"nreceid":null,"nrecename":null,"islb":"1","status":"1","syrid":null,"syrname":null},{"id":"47","setid":"8","num":"mycj","pnum":null,"name":"\u5df2\u6210\u4ea4","wheresstr":"YHVpZGA9e3VpZH0gYW5kIGBzdGF0ZWA9MQ::","whereustr":null,"wheredstr":null,"sort":"1","explain":null,"receid":null,"recename":null,"nreceid":null,"nrecename":null,"islb":"1","status":"1","syrid":null,"syrname":null},{"id":"48","setid":"8","num":"myds","pnum":null,"name":"\u5df2\u4e22\u5931","wheresstr":"YHVpZGA9e3VpZH0gYW5kIGBzdGF0ZWA9Mg::","whereustr":null,"wheredstr":null,"sort":"2","explain":null,"receid":null,"recename":null,"nreceid":null,"nrecename":null,"islb":"1","status":"1","syrid":null,"syrname":null},{"id":"49","setid":"8","num":"myall","pnum":null,"name":"\u6211\u6240\u6709\u9500\u552e\u673a\u4f1a","wheresstr":"YHVpZGA9e3VpZH0g","whereustr":null,"wheredstr":null,"sort":"3","explain":null,"receid":null,"recename":null,"nreceid":null,"nrecename":null,"islb":"1","status":"1","syrid":null,"syrname":null},{"id":"50","setid":"8","num":"downgj","pnum":"down","name":"\u4e0b\u5c5e\u9700\u8ddf\u8fdb","wheresstr":"YHVpZGAgaW4oe3N1cGVyfSkgYW5kIGBzdGF0ZWA9MA::","whereustr":null,"wheredstr":null,"sort":"11","explain":null,"receid":null,"recename":null,"nreceid":null,"nrecename":null,"islb":"1","status":"1","syrid":null,"syrname":null},{"id":"51","setid":"8","num":"downcj","pnum":"down","name":"\u4e0b\u5c5e\u5df2\u6210\u4ea4","wheresstr":"YHVpZGAgaW4oe3N1cGVyfSkgYW5kIGBzdGF0ZWA9MQ::","whereustr":null,"wheredstr":null,"sort":"12","explain":null,"receid":null,"recename":null,"nreceid":null,"nrecename":null,"islb":"1","status":"1","syrid":null,"syrname":null},{"id":"52","setid":"8","num":"downds","pnum":"down","name":"\u4e0b\u5c5e\u5df2\u4e22\u5931","wheresstr":"YHVpZGAgaW4oe3N1cGVyfSkgYW5kIGBzdGF0ZWA9Mg::","whereustr":null,"wheredstr":null,"sort":"13","explain":null,"receid":null,"recename":null,"nreceid":null,"nrecename":null,"islb":"1","status":"1","syrid":null,"syrname":null},{"id":"53","setid":"8","num":"downall","pnum":"down","name":"\u4e0b\u5c5e\u6240\u6709\u9500\u552e\u673a\u4f1a","wheresstr":"YHVpZGAgaW4oe3N1cGVyfSkg","whereustr":null,"wheredstr":null,"sort":"14","explain":null,"receid":null,"recename":null,"nreceid":null,"nrecename":null,"islb":"1","status":"1","syrid":null,"syrname":null},{"id":"54","setid":"8","num":"all","pnum":"all","name":"\u6240\u6709\u9500\u552e\u673a\u4f1a","wheresstr":"MT0x","whereustr":null,"wheredstr":null,"sort":"22","explain":null,"receid":null,"recename":null,"nreceid":null,"nrecename":null,"islb":"1","status":"1","syrid":null,"syrname":null},{"id":"55","setid":"8","num":"allgj","pnum":"all","name":"\u6240\u6709\u9700\u8ddf\u8fdb","wheresstr":"YHN0YXRlYD0w","whereustr":null,"wheredstr":null,"sort":"21","explain":null,"receid":null,"recename":null,"nreceid":null,"nrecename":null,"islb":"1","status":"1","syrid":null,"syrname":null},{"id":"56","setid":"8","num":"allcj","pnum":"all","name":"\u6240\u6709\u5df2\u6210\u4ea4","wheresstr":"YHN0YXRlYD0x","whereustr":null,"wheredstr":null,"sort":"23","explain":null,"receid":null,"recename":null,"nreceid":null,"nrecename":null,"islb":"1","status":"1","syrid":null,"syrname":null},{"id":"57","setid":"8","num":"allds","pnum":"all","name":"\u6240\u6709\u5df2\u4e22\u5931","wheresstr":"YHN0YXRlYD0y","whereustr":null,"wheredstr":null,"sort":"24","explain":null,"receid":null,"recename":null,"nreceid":null,"nrecename":null,"islb":"1","status":"1","syrid":null,"syrname":null},{"id":"58","setid":"38","num":"my","pnum":null,"name":"\u6211\u7684\u8c03\u52a8","wheresstr":"W0FdYHRyYW51aWRgPXt1aWR9","whereustr":null,"wheredstr":null,"sort":"0","explain":null,"receid":null,"recename":null,"nreceid":null,"nrecename":null,"islb":"1","status":"1","syrid":null,"syrname":null},{"id":"59","setid":"38","num":"mysq","pnum":null,"name":"\u6211\u7533\u8bf7\u8c03\u52a8","wheresstr":"YHVpZGA9e3VpZH0:","whereustr":null,"wheredstr":null,"sort":"1","explain":null,"receid":null,"recename":null,"nreceid":null,"nrecename":null,"islb":"1","status":"1","syrid":null,"syrname":null},{"id":"60","setid":"38","num":"all","pnum":"all","name":"\u6240\u6709\u8c03\u52a8","wheresstr":"MT0x","whereustr":null,"wheredstr":null,"sort":"0","explain":null,"receid":null,"recename":null,"nreceid":null,"nrecename":null,"islb":"1","status":"1","syrid":null,"syrname":null},{"id":"61","setid":"32","num":"my","pnum":null,"name":"\u6211\u7684\u7533\u8bf7","wheresstr":"YHVpZGA9e3VpZH0:","whereustr":null,"wheredstr":null,"sort":"0","explain":null,"receid":null,"recename":null,"nreceid":null,"nrecename":null,"islb":"1","status":"1","syrid":null,"syrname":null},{"id":"62","setid":"32","num":"all","pnum":"all","name":"\u6240\u6709\u7533\u8bf7","wheresstr":"MT0x","whereustr":null,"wheredstr":null,"sort":"0","explain":null,"receid":null,"recename":null,"nreceid":null,"nrecename":null,"islb":"1","status":"1","syrid":null,"syrname":null},{"id":"63","setid":"33","num":"my","pnum":null,"name":"\u6211\u7684\u7533\u8bf7","wheresstr":"YHVpZGA9e3VpZH0:","whereustr":null,"wheredstr":null,"sort":"0","explain":null,"receid":null,"recename":null,"nreceid":null,"nrecename":null,"islb":"1","status":"1","syrid":null,"syrname":null},{"id":"64","setid":"33","num":"all","pnum":"all","name":"\u6240\u6709\u7533\u8bf7","wheresstr":"MT0x","whereustr":null,"wheredstr":null,"sort":"0","explain":null,"receid":null,"recename":null,"nreceid":null,"nrecename":null,"islb":"1","status":"1","syrid":null,"syrname":null},{"id":"65","setid":"37","num":"my","pnum":null,"name":"\u6211\u7684\u7533\u8bf7","wheresstr":"YHVpZGA9e3VpZH0:","whereustr":null,"wheredstr":null,"sort":"0","explain":null,"receid":null,"recename":null,"nreceid":null,"nrecename":null,"islb":"1","status":"1","syrid":null,"syrname":null},{"id":"66","setid":"37","num":"all","pnum":"all","name":"\u6240\u6709\u7533\u8bf7","wheresstr":"MT0x","whereustr":null,"wheredstr":null,"sort":"0","explain":null,"receid":null,"recename":null,"nreceid":null,"nrecename":null,"islb":"1","status":"1","syrid":null,"syrname":null},{"id":"67","setid":"39","num":"objmy","pnum":null,"name":"\u5956\u60e9\u5bf9\u8c61\u662f\u6211","wheresstr":"YG9iamVjdGlkYD17dWlkfQ::","whereustr":null,"wheredstr":null,"sort":"0","explain":null,"receid":null,"recename":null,"nreceid":null,"nrecename":null,"islb":"1","status":"1","syrid":null,"syrname":null},{"id":"68","setid":"39","num":"my","pnum":null,"name":"\u6211\u7533\u8bf7\u7684","wheresstr":"YHVpZGA9e3VpZH0:","whereustr":null,"wheredstr":null,"sort":"1","explain":null,"receid":null,"recename":null,"nreceid":null,"nrecename":null,"islb":"1","status":"1","syrid":null,"syrname":null},{"id":"69","setid":"39","num":"all","pnum":"all","name":"\u6240\u6709\u5956\u60e9","wheresstr":"MT0x","whereustr":null,"wheredstr":null,"sort":"0","explain":null,"receid":null,"recename":null,"nreceid":null,"nrecename":null,"islb":"1","status":"1","syrid":null,"syrname":null},{"id":"70","setid":"1","num":"all","pnum":"all","name":"\u6240\u6709\u516c\u544a","wheresstr":"MT0x","whereustr":null,"wheredstr":null,"sort":"0","explain":null,"receid":null,"recename":null,"nreceid":null,"nrecename":null,"islb":"1","status":"1","syrid":null,"syrname":null},{"id":"71","setid":"11","num":"downall","pnum":"all","name":"\u4e0b\u5c5e\u7684\u8d39\u7528\u62a5\u9500","wheresstr":"e3VpZCxkZXB0c3VifQ::","whereustr":null,"wheredstr":null,"sort":"1","explain":null,"receid":null,"recename":null,"nreceid":null,"nrecename":null,"islb":"1","status":"1","syrid":null,"syrname":null},{"id":"72","setid":"11","num":"all","pnum":"all","name":"\u6211\u7684\u62a5\u9500","wheresstr":"YHVpZGA9e3VpZH0:","whereustr":null,"wheredstr":null,"sort":"0","explain":null,"receid":null,"recename":null,"nreceid":null,"nrecename":null,"islb":"1","status":"1","syrid":null,"syrname":null},{"id":"73","setid":"25","num":"all","pnum":"all","name":"\u6240\u6709\u51fa\u5dee\u62a5\u9500","wheresstr":"MT0x","whereustr":null,"wheredstr":null,"sort":"0","explain":null,"receid":null,"recename":null,"nreceid":null,"nrecename":null,"islb":"1","status":"1","syrid":null,"syrname":null},{"id":"74","setid":"25","num":"my","pnum":null,"name":"\u6211\u7684\u51fa\u5dee\u62a5\u9500","wheresstr":"YHVpZGA9e3VpZH0:","whereustr":null,"wheredstr":null,"sort":"0","explain":null,"receid":null,"recename":null,"nreceid":null,"nrecename":null,"islb":"1","status":"1","syrid":null,"syrname":null},{"id":"75","setid":"26","num":"all","pnum":"all","name":"\u6240\u6709\u501f\u6b3e\u5355","wheresstr":"MT0x","whereustr":null,"wheredstr":null,"sort":"0","explain":null,"receid":null,"recename":null,"nreceid":null,"nrecename":null,"islb":"1","status":"1","syrid":null,"syrname":null},{"id":"76","setid":"26","num":"my","pnum":null,"name":"\u6211\u7684\u501f\u6b3e\u5355","wheresstr":"YHVpZGA9e3VpZH0:","whereustr":null,"wheredstr":null,"sort":"0","explain":null,"receid":null,"recename":null,"nreceid":null,"nrecename":null,"islb":"1","status":"1","syrid":null,"syrname":null},{"id":"77","setid":"27","num":"all","pnum":"all","name":"\u6240\u6709\u8fd8\u6b3e\u5355","wheresstr":"MT0x","whereustr":null,"wheredstr":null,"sort":"0","explain":null,"receid":null,"recename":null,"nreceid":null,"nrecename":null,"islb":"1","status":"1","syrid":null,"syrname":null},{"id":"78","setid":"27","num":"my","pnum":null,"name":"\u6211\u7684\u8fd8\u6b3e\u5355","wheresstr":"YHVpZGA9e3VpZH0:","whereustr":null,"wheredstr":null,"sort":"0","explain":null,"receid":null,"recename":null,"nreceid":null,"nrecename":null,"islb":"1","status":"1","syrid":null,"syrname":null},{"id":"79","setid":"49","num":"all","pnum":"all","name":"\u6240\u6709\u5370\u7ae0\u7533\u8bf7","wheresstr":"MT0x","whereustr":null,"wheredstr":null,"sort":"0","explain":null,"receid":null,"recename":null,"nreceid":null,"nrecename":null,"islb":"1","status":"1","syrid":null,"syrname":null},{"id":"80","setid":"49","num":"my","pnum":null,"name":"\u6211\u7684\u7533\u8bf7","wheresstr":"YHVpZGA9e3VpZH0:","whereustr":null,"wheredstr":null,"sort":"0","explain":null,"receid":null,"recename":null,"nreceid":null,"nrecename":null,"islb":"1","status":"1","syrid":null,"syrname":null},{"id":"81","setid":"44","num":"all","pnum":"all","name":"\u6240\u6709\u8f66\u8f86\u9884\u5b9a","wheresstr":"MT0x","whereustr":null,"wheredstr":null,"sort":"0","explain":null,"receid":null,"recename":null,"nreceid":null,"nrecename":null,"islb":"1","status":"1","syrid":null,"syrname":null},{"id":"82","setid":"44","num":"my","pnum":null,"name":"\u6211\u7684\u9884\u5b9a","wheresstr":"YHVpZGA9e3VpZH0:","whereustr":null,"wheredstr":null,"sort":"0","explain":null,"receid":null,"recename":null,"nreceid":null,"nrecename":null,"islb":"1","status":"1","syrid":null,"syrname":null},{"id":"83","setid":"44","num":"myjia","pnum":null,"name":"\u9a7e\u9a76\u5458\u662f\u6211","wheresstr":"e2ppYWlkLHVpZGlufQ::","whereustr":null,"wheredstr":null,"sort":"1","explain":null,"receid":null,"recename":null,"nreceid":null,"nrecename":null,"islb":"1","status":"1","syrid":null,"syrname":null},{"id":"84","setid":"44","num":"myuse","pnum":null,"name":"\u4f7f\u7528\u4eba\u5305\u542b\u6211","wheresstr":"e3VzZWlkLHJlY2VhbGx9","whereustr":null,"wheredstr":null,"sort":"2","explain":null,"receid":null,"recename":null,"nreceid":null,"nrecename":null,"islb":"1","status":"1","syrid":null,"syrname":null},{"id":"85","setid":"46","num":"all","pnum":"all","name":"\u6240\u6709\u56fe\u4e66\u501f\u9605","wheresstr":"MT0x","whereustr":null,"wheredstr":null,"sort":"0","explain":null,"receid":null,"recename":null,"nreceid":null,"nrecename":null,"islb":"1","status":"1","syrid":null,"syrname":null},{"id":"86","setid":"46","num":"my","pnum":null,"name":"\u6211\u7684\u501f\u9605","wheresstr":"YHVpZGA9e3VpZH0:","whereustr":null,"wheredstr":null,"sort":"0","explain":null,"receid":null,"recename":null,"nreceid":null,"nrecename":null,"islb":"1","status":"1","syrid":null,"syrname":null},{"id":"87","setid":"29","num":"all","pnum":"all","name":"\u6240\u6709\u6863\u6848","wheresstr":"MT0x","whereustr":null,"wheredstr":null,"sort":"0","explain":null,"receid":null,"recename":null,"nreceid":null,"nrecename":null,"islb":"1","status":"1","syrid":null,"syrname":null},{"id":"88","setid":"3","num":"all","pnum":"all","name":"\u6240\u6709\u65e5\u62a5","wheresstr":"MT0x","whereustr":null,"wheredstr":null,"sort":"0","explain":null,"receid":null,"recename":null,"nreceid":null,"nrecename":null,"islb":"1","status":"1","syrid":null,"syrname":null},{"id":"89","setid":"56","num":"all","pnum":"all","name":"\u6240\u6709\u57f9\u8bad","wheresstr":"MT0x","whereustr":null,"wheredstr":null,"sort":"0","explain":null,"receid":null,"recename":null,"nreceid":null,"nrecename":null,"islb":"1","status":"1","syrid":null,"syrname":null},{"id":"90","setid":"43","num":"all","pnum":"all","name":"\u6240\u6709\u9898\u5e93","wheresstr":"MT0x","whereustr":null,"wheredstr":null,"sort":"0","explain":null,"receid":null,"recename":null,"nreceid":null,"nrecename":null,"islb":"1","status":"1","syrid":null,"syrname":null},{"id":"91","setid":"43","num":"weidu","pnum":null,"name":"\u6211\u672a\u8bfb","wheresstr":"e3VucmVhZH0:","whereustr":null,"wheredstr":null,"sort":"0","explain":null,"receid":null,"recename":null,"nreceid":null,"nrecename":null,"islb":"1","status":"1","syrid":null,"syrname":null},{"id":"167","setid":"20","num":"all","pnum":"all","name":"\u6240\u6709\u6536\u6587\u5355","wheresstr":"MT0x","whereustr":null,"wheredstr":null,"sort":"0","explain":null,"receid":null,"recename":null,"nreceid":null,"nrecename":null,"islb":"1","status":"1","syrid":null,"syrname":null},{"id":"93","setid":"58","num":"all","pnum":"all","name":"\u6240\u6709\u767b\u8bb0","wheresstr":"MT0x","whereustr":null,"wheredstr":null,"sort":"0","explain":null,"receid":null,"recename":null,"nreceid":null,"nrecename":null,"islb":"1","status":"1","syrid":null,"syrname":null},{"id":"94","setid":"42","num":"all","pnum":"all","name":"\u6240\u6709\u8f66\u8f86","wheresstr":"MT0x","whereustr":null,"wheredstr":null,"sort":"0","explain":null,"receid":null,"recename":null,"nreceid":null,"nrecename":null,"islb":"1","status":"1","syrid":null,"syrname":null},{"id":"95","setid":"42","num":"public","pnum":"all","name":"\u53ef\u9884\u5b9a\u8f66\u8f86","wheresstr":"YGlzcHVibGljYD0x","whereustr":null,"wheredstr":null,"sort":"1","explain":null,"receid":null,"recename":null,"nreceid":null,"nrecename":null,"islb":"1","status":"1","syrid":null,"syrname":null},{"id":"96","setid":"58","num":"kydq","pnum":"all","name":"7\u5929\u5185\u5230\u671f","wheresstr":"YGVuZGR0YCBpcyBub3QgbnVsbCBhbmQgYGVuZGR0YDx7ZGF0ZSs3fSBhbmQgYGVuZGR0YD49e2RhdGV9","whereustr":null,"wheredstr":null,"sort":"1","explain":null,"receid":null,"recename":null,"nreceid":null,"nrecename":null,"islb":"1","status":"1","syrid":null,"syrname":null},{"id":"98","setid":"35","num":"ygq","pnum":null,"name":"\u5df2\u8fc7\u671f","wheresstr":"YHVpZGA9e3VpZH0gYW5kIGBlbmRkdGA8e2RhdGV9","whereustr":null,"wheredstr":null,"sort":"1","explain":null,"receid":null,"recename":null,"nreceid":null,"nrecename":null,"islb":"0","status":"0","syrid":null,"syrname":null},{"id":"99","setid":"35","num":"daisfk","pnum":null,"name":"\u5f85\u6536\/\u4ed8\u6b3e","wheresstr":"YHVpZGA9e3VpZH0gYW5kIGBpc3BheWA9MA::","whereustr":null,"wheredstr":null,"sort":"2","explain":null,"receid":null,"recename":null,"nreceid":null,"nrecename":null,"islb":"0","status":"0","syrid":null,"syrname":null},{"id":"100","setid":"35","num":"qbsfk","pnum":null,"name":"\u5df2\u5168\u90e8\u6536\/\u4ed8\u6b3e","wheresstr":"YHVpZGA9e3VpZH0gYW5kIGBpc3BheWA9MQ::","whereustr":null,"wheredstr":null,"sort":"3","explain":null,"receid":null,"recename":null,"nreceid":null,"nrecename":null,"islb":"0","status":"0","syrid":null,"syrname":null},{"id":"101","setid":"35","num":"bfsfk","pnum":null,"name":"\u90e8\u5206\u6536\/\u4ed8\u6b3e","wheresstr":"YHVpZGA9e3VpZH0gYW5kIGBpc3BheWA9Mg::","whereustr":null,"wheredstr":null,"sort":"4","explain":null,"receid":null,"recename":null,"nreceid":null,"nrecename":null,"islb":"0","status":"0","syrid":null,"syrname":null},{"id":"102","setid":"35","num":"downall","pnum":null,"name":"\u4e0b\u5c5e\u5408\u540c","wheresstr":"KHt1aWQsZGVwdHN1Yn0gb3Ige21hbmFnZXJpZCxkZXB0c3VifSkgYW5kIGB0eXBlYD0w","whereustr":null,"wheredstr":null,"sort":"1","explain":"\u6211\u4e0b\u5c5e\u521b\u5efa\u7684\u5408\u540c,\u6216\u8005\u6211\u5ba2\u6237\u7ecf\u7406\u662f\u6211\u7684\u4e0b\u5c5e\u7684\u5408\u540c","receid":null,"recename":null,"nreceid":null,"nrecename":null,"islb":"1","status":"1","syrid":null,"syrname":null},{"id":"103","setid":"35","num":"downygq","pnum":"down","name":"\u5df2\u8fc7\u671f","wheresstr":"IHt1aWQsZG93bn0gYW5kIGBlbmRkdGA8e2RhdGV9","whereustr":null,"wheredstr":null,"sort":"1","explain":null,"receid":null,"recename":null,"nreceid":null,"nrecename":null,"islb":"0","status":"0","syrid":null,"syrname":null},{"id":"104","setid":"35","num":"all","pnum":null,"name":"\u6240\u6709\u5408\u540c","wheresstr":"KHt1aWQsZGVwdHN1Yn0gb3Ige21hbmFnZXJpZCxkZXB0c3VifSkgYW5kIGB0eXBlYD0w","whereustr":null,"wheredstr":null,"sort":"2","explain":null,"receid":null,"recename":null,"nreceid":null,"nrecename":null,"islb":"0","status":"0","syrid":null,"syrname":null},{"id":"105","setid":"36","num":"myskd","pnum":null,"name":"\u6211\u6536\u6b3e\u5355","wheresstr":"YHVpZGA9e3VpZH0gYW5kIGB0eXBlYD0w","whereustr":null,"wheredstr":null,"sort":"0","explain":null,"receid":null,"recename":null,"nreceid":null,"nrecename":null,"islb":"1","status":"1","syrid":null,"syrname":null},{"id":"106","setid":"36","num":"myskdys","pnum":null,"name":"\u6211\u5df2\u6536\u6b3e","wheresstr":"YHVpZGA9e3VpZH0gYW5kIGB0eXBlYD0wIGFuZCBgaXNwYXlgPTE:","whereustr":null,"wheredstr":null,"sort":"1","explain":null,"receid":null,"recename":null,"nreceid":null,"nrecename":null,"islb":"1","status":"1","syrid":null,"syrname":null},{"id":"107","setid":"36","num":"myskdws","pnum":null,"name":"\u6211\u672a\u6536\u6b3e","wheresstr":"YHVpZGA9e3VpZH0gYW5kIGB0eXBlYD0wIGFuZCBgaXNwYXlgPTA:","whereustr":null,"wheredstr":null,"sort":"2","explain":null,"receid":null,"recename":null,"nreceid":null,"nrecename":null,"islb":"1","status":"1","syrid":null,"syrname":null},{"id":"108","setid":"36","num":"downskd","pnum":"downskd","name":"\u4e0b\u5c5e\u6536\u6b3e\u5355","wheresstr":"IHt1aWQsZG93bn0gYW5kIGB0eXBlYD0w","whereustr":null,"wheredstr":null,"sort":"0","explain":null,"receid":null,"recename":null,"nreceid":null,"nrecename":null,"islb":"1","status":"1","syrid":null,"syrname":null},{"id":"109","setid":"36","num":"downskdys","pnum":"downskd","name":"\u4e0b\u5c5e\u5df2\u6536\u6b3e","wheresstr":"e3VpZCxkb3dufSBhbmQgYHR5cGVgPTAgYW5kIGBpc3BheWA9MQ::","whereustr":null,"wheredstr":null,"sort":"1","explain":null,"receid":null,"recename":null,"nreceid":null,"nrecename":null,"islb":"1","status":"1","syrid":null,"syrname":null},{"id":"110","setid":"36","num":"downskdwsk","pnum":"downskd","name":"\u4e0b\u5c5e\u672a\u6536\u6b3e","wheresstr":"e3VpZCxkb3dufSBhbmQgYHR5cGVgPTAgYW5kIGBpc3BheWA9MA::","whereustr":null,"wheredstr":null,"sort":"2","explain":null,"receid":null,"recename":null,"nreceid":null,"nrecename":null,"islb":"1","status":"1","syrid":null,"syrname":null},{"id":"111","setid":"36","num":"allskd","pnum":"allskd","name":"\u6240\u6709\u6536\u6b3e\u5355","wheresstr":"YHR5cGVgPTA:","whereustr":null,"wheredstr":null,"sort":"0","explain":null,"receid":null,"recename":null,"nreceid":null,"nrecename":null,"islb":"1","status":"1","syrid":null,"syrname":null},{"id":"112","setid":"36","num":"allskdys","pnum":"allskd","name":"\u6240\u6709\u5df2\u6536\u6b3e","wheresstr":"YHR5cGVgPTAgYW5kIGBpc3BheWA9MQ::","whereustr":null,"wheredstr":null,"sort":"1","explain":null,"receid":null,"recename":null,"nreceid":null,"nrecename":null,"islb":"1","status":"1","syrid":null,"syrname":null},{"id":"113","setid":"36","num":"allskdwsk","pnum":"allskd","name":"\u6240\u6709\u672a\u6536\u6b3e","wheresstr":"YHR5cGVgPTAgYW5kIGBpc3BheWA9MA::","whereustr":null,"wheredstr":null,"sort":"2","explain":null,"receid":null,"recename":null,"nreceid":null,"nrecename":null,"islb":"1","status":"1","syrid":null,"syrname":null},{"id":"114","setid":"36","num":"myfkd","pnum":"fkd","name":"\u6211\u7684\u4ed8\u6b3e\u5355","wheresstr":"YHVpZGA9e3VpZH0gYW5kIGB0eXBlYD0x","whereustr":null,"wheredstr":null,"sort":"0","explain":null,"receid":null,"recename":null,"nreceid":null,"nrecename":null,"islb":"1","status":"1","syrid":null,"syrname":null},{"id":"115","setid":"36","num":"myfkdyf","pnum":"fkd","name":"\u6211\u5df2\u4ed8\u6b3e","wheresstr":"YHVpZGA9e3VpZH0gYW5kIGB0eXBlYD0xIGFuZCBgaXNwYXlgPTE:","whereustr":null,"wheredstr":null,"sort":"1","explain":null,"receid":null,"recename":null,"nreceid":null,"nrecename":null,"islb":"1","status":"1","syrid":null,"syrname":null},{"id":"116","setid":"36","num":"myfkdwf","pnum":"fkd","name":"\u6211\u672a\u4ed8\u6b3e","wheresstr":"YHVpZGA9e3VpZH0gYW5kIGB0eXBlYD0xIGFuZCBgaXNwYXlgPTA:","whereustr":null,"wheredstr":null,"sort":"2","explain":null,"receid":null,"recename":null,"nreceid":null,"nrecename":null,"islb":"1","status":"1","syrid":null,"syrname":null},{"id":"117","setid":"36","num":"downfkd","pnum":"downfkd","name":"\u4e0b\u5c5e\u4ed8\u6b3e\u5355","wheresstr":"e3VpZCxkb3dufSBhbmQgYHR5cGVgPTE:","whereustr":null,"wheredstr":null,"sort":"0","explain":null,"receid":null,"recename":null,"nreceid":null,"nrecename":null,"islb":"1","status":"1","syrid":null,"syrname":null},{"id":"118","setid":"36","num":"downfkdyf","pnum":"downfkd","name":"\u4e0b\u5c5e\u5df2\u4ed8\u6b3e","wheresstr":"e3VpZCxkb3dufSBhbmQgYHR5cGVgPTEgYW5kIGBpc3BheWA9MQ::","whereustr":null,"wheredstr":null,"sort":"1","explain":null,"receid":null,"recename":null,"nreceid":null,"nrecename":null,"islb":"1","status":"1","syrid":null,"syrname":null},{"id":"119","setid":"36","num":"downfkdwf","pnum":"downfkd","name":"\u4e0b\u5c5e\u672a\u4ed8\u6b3e","wheresstr":"e3VpZCxkb3dufSBhbmQgYHR5cGVgPTEgYW5kIGBpc3BheWA9MA::","whereustr":null,"wheredstr":null,"sort":"2","explain":null,"receid":null,"recename":null,"nreceid":null,"nrecename":null,"islb":"1","status":"1","syrid":null,"syrname":null},{"id":"120","setid":"36","num":"allfkd","pnum":"allfkd","name":"\u6240\u6709\u4ed8\u6b3e\u5355","wheresstr":"YHR5cGVgPTE:","whereustr":null,"wheredstr":null,"sort":"0","explain":null,"receid":null,"recename":null,"nreceid":null,"nrecename":null,"islb":"1","status":"1","syrid":null,"syrname":null},{"id":"121","setid":"36","num":"allfkdyf","pnum":"allfkd","name":"\u6240\u6709\u5df2\u4ed8\u6b3e","wheresstr":"YHR5cGVgPTEgYW5kIGBpc3BheWA9MQ::","whereustr":null,"wheredstr":null,"sort":"1","explain":null,"receid":null,"recename":null,"nreceid":null,"nrecename":null,"islb":"1","status":"1","syrid":null,"syrname":null},{"id":"122","setid":"36","num":"allfkdwf","pnum":"allfkd","name":"\u6240\u6709\u672a\u4ed8\u6b3e","wheresstr":"YHR5cGVgPTEgYW5kIGBpc3BheWA9MA::","whereustr":null,"wheredstr":null,"sort":"2","explain":null,"receid":null,"recename":null,"nreceid":null,"nrecename":null,"islb":"1","status":"1","syrid":null,"syrname":null},{"id":"123","setid":"59","num":"all","pnum":"all","name":"\u6240\u6709\u7ef4\u4fee","wheresstr":"MT0x","whereustr":null,"wheredstr":null,"sort":"0","explain":null,"receid":null,"recename":null,"nreceid":null,"nrecename":null,"islb":"1","status":"1","syrid":null,"syrname":null},{"id":"124","setid":"60","num":"all","pnum":"all","name":"\u6240\u6709\u4fdd\u517b\u8bb0\u5f55","wheresstr":"MT0x","whereustr":null,"wheredstr":null,"sort":"0","explain":null,"receid":null,"recename":null,"nreceid":null,"nrecename":null,"islb":"1","status":"1","syrid":null,"syrname":null},{"id":"125","setid":"59","num":"my","pnum":null,"name":"\u6211\u7684\u7533\u8bf7","wheresstr":"YHVpZGA9e3VpZH0:","whereustr":null,"wheredstr":null,"sort":"0","explain":null,"receid":null,"recename":null,"nreceid":null,"nrecename":null,"islb":"1","status":"1","syrid":null,"syrname":null},{"id":"126","setid":"59","num":"myjia","pnum":null,"name":"\u9a7e\u9a76\u5458\u5305\u542b\u6211","wheresstr":"e2ppYWlkLHVpZGlufQ::","whereustr":null,"wheredstr":null,"sort":"1","explain":null,"receid":null,"recename":null,"nreceid":null,"nrecename":null,"islb":"1","status":"1","syrid":null,"syrname":null},{"id":"127","setid":"60","num":"my","pnum":null,"name":"\u6211\u7684\u7533\u8bf7","wheresstr":"YHVpZGA9e3VpZH0:","whereustr":null,"wheredstr":null,"sort":"0","explain":null,"receid":null,"recename":null,"nreceid":null,"nrecename":null,"islb":"1","status":"1","syrid":null,"syrname":null},{"id":"128","setid":"60","num":"myjia","pnum":null,"name":"\u9a7e\u9a76\u5458\u5305\u542b\u6211","wheresstr":"IHtqaWFpZCx1aWRpbn0:","whereustr":null,"wheredstr":null,"sort":"1","explain":null,"receid":null,"recename":null,"nreceid":null,"nrecename":null,"islb":"1","status":"1","syrid":null,"syrname":null},{"id":"129","setid":"6","num":"allfee","pnum":"all","name":"\u52a0\u73ed\u8d39\u5355\u636e","wheresstr":"YGppYXR5cGVgPTE:","whereustr":null,"wheredstr":null,"sort":"1","explain":null,"receid":null,"recename":null,"nreceid":null,"nrecename":null,"islb":"1","status":"1","syrid":null,"syrname":null},{"id":"130","setid":"6","num":"all","pnum":"all","name":"\u6240\u6709\u52a0\u73ed\u5355","wheresstr":"MT0x","whereustr":null,"wheredstr":null,"sort":"0","explain":null,"receid":null,"recename":null,"nreceid":null,"nrecename":null,"islb":"1","status":"1","syrid":null,"syrname":null},{"id":"131","setid":"6","num":"my","pnum":null,"name":"\u6211\u7684\u52a0\u73ed\u5355","wheresstr":"YHVpZGA9e3VpZH0:","whereustr":null,"wheredstr":null,"sort":"0","explain":null,"receid":null,"recename":null,"nreceid":null,"nrecename":null,"islb":"1","status":"1","syrid":null,"syrname":null},{"id":"132","setid":"5","num":"my","pnum":null,"name":"\u6211\u7684\u8bf7\u5047\u6761","wheresstr":"YHVpZGA9e3VpZH0:","whereustr":null,"wheredstr":null,"sort":"0","explain":null,"receid":null,"recename":null,"nreceid":null,"nrecename":null,"islb":"1","status":"1","syrid":null,"syrname":null},{"id":"133","setid":"5","num":"all","pnum":"all","name":"\u6240\u6709\u8bf7\u5047\u6761","wheresstr":"MT0x","whereustr":null,"wheredstr":null,"sort":"0","explain":null,"receid":null,"recename":null,"nreceid":null,"nrecename":null,"islb":"1","status":"1","syrid":null,"syrname":null},{"id":"136","setid":"42","num":"my","pnum":null,"name":"\u53ef\u9884\u5b9a\u8f66\u8f86","wheresstr":"YGlzcHVibGljYD0x","whereustr":null,"wheredstr":null,"sort":"0","explain":null,"receid":null,"recename":null,"nreceid":null,"nrecename":null,"islb":"1","status":"1","syrid":null,"syrname":null},{"id":"137","setid":"61","num":"my","pnum":null,"name":"\u6211\u7684\u8bbe\u7f6e","wheresstr":"YHVpZGA9e3VpZH0:","whereustr":null,"wheredstr":null,"sort":"0","explain":null,"receid":null,"recename":null,"nreceid":null,"nrecename":null,"islb":"1","status":"1","syrid":null,"syrname":null},{"id":"138","setid":"62","num":"my","pnum":null,"name":"\u6211\u7684\u62a5\u4fee","wheresstr":"YHVpZGA9e3VpZH0:","whereustr":null,"wheredstr":null,"sort":"0","explain":null,"receid":null,"recename":null,"nreceid":null,"nrecename":null,"islb":"1","status":"1","syrid":null,"syrname":null},{"id":"139","setid":"62","num":"all","pnum":"all","name":"\u6240\u6709\u62a5\u4fee","wheresstr":"MT0x","whereustr":null,"wheredstr":null,"sort":"0","explain":null,"receid":null,"recename":null,"nreceid":null,"nrecename":null,"islb":"1","status":"1","syrid":null,"syrname":null},{"id":"140","setid":"62","num":"allsx","pnum":"all","name":"\u9700\u8981\u5916\u4fee","wheresstr":"YGlzd3hgPTE:","whereustr":null,"wheredstr":null,"sort":"1","explain":null,"receid":null,"recename":null,"nreceid":null,"nrecename":null,"islb":"1","status":"1","syrid":null,"syrname":null},{"id":"141","setid":"63","num":"all","pnum":"all","name":"\u6240\u6709\u516c\u53f8\u5355\u4f4d","wheresstr":"MT0x","whereustr":null,"wheredstr":null,"sort":"0","explain":null,"receid":null,"recename":null,"nreceid":null,"nrecename":null,"islb":"1","status":"1","syrid":null,"syrname":null},{"id":"142","setid":"31","num":"my","pnum":null,"name":"\u6211\u7684\u5408\u540c","wheresstr":"YHVpZGA9e3VpZH0:","whereustr":null,"wheredstr":null,"sort":"0","explain":null,"receid":null,"recename":null,"nreceid":null,"nrecename":null,"islb":"1","status":"1","syrid":null,"syrname":null},{"id":"143","setid":"31","num":"all","pnum":"all","name":"\u6240\u6709\u5408\u540c","wheresstr":"MT0x","whereustr":null,"wheredstr":null,"sort":"0","explain":null,"receid":null,"recename":null,"nreceid":null,"nrecename":null,"islb":"1","status":"1","syrid":null,"syrname":null},{"id":"144","setid":"31","num":"all30","pnum":"all","name":"30\u5929\u5185\u8fc7\u671f","wheresstr":"YGVuZGR0YDw9e2RhdGUrMzB9IGFuZCBgc3RhdGVgPTE:","whereustr":null,"wheredstr":null,"sort":"1","explain":null,"receid":null,"recename":null,"nreceid":null,"nrecename":null,"islb":"1","status":"1","syrid":null,"syrname":null},{"id":"145","setid":"31","num":"allsxz","pnum":"all","name":"\u751f\u6548\u4e2d","wheresstr":"YHN0YXRlYD0x","whereustr":null,"wheredstr":null,"sort":"2","explain":null,"receid":null,"recename":null,"nreceid":null,"nrecename":null,"islb":"1","status":"1","syrid":null,"syrname":null},{"id":"146","setid":"31","num":"allyzz","pnum":"all","name":"\u5df2\u7ec8\u6b62","wheresstr":"YHN0YXRlYD0y","whereustr":null,"wheredstr":null,"sort":"3","explain":null,"receid":null,"recename":null,"nreceid":null,"nrecename":null,"islb":"1","status":"1","syrid":null,"syrname":null},{"id":"147","setid":"10","num":"all","pnum":"all","name":"\u6240\u6709\u7528\u6237","wheresstr":"MT0x","whereustr":null,"wheredstr":null,"sort":"0","explain":null,"receid":null,"recename":null,"nreceid":null,"nrecename":null,"islb":"1","status":"1","syrid":null,"syrname":null},{"id":"148","setid":"10","num":"allty","pnum":"all","name":"\u5df2\u505c\u7528","wheresstr":"YHN0YXR1c2A9MA::","whereustr":null,"wheredstr":null,"sort":"1","explain":null,"receid":null,"recename":null,"nreceid":null,"nrecename":null,"islb":"0","status":"0","syrid":null,"syrname":null},{"id":"149","setid":"10","num":"allgly","pnum":"all","name":"\u7ba1\u7406\u5458\u7528\u6237","wheresstr":"YHR5cGVgPTE:","whereustr":null,"wheredstr":null,"sort":"2","explain":null,"receid":null,"recename":null,"nreceid":null,"nrecename":null,"islb":"0","status":"0","syrid":null,"syrname":null},{"id":"150","setid":"10","num":"txlmy","pnum":"txl","name":"\u901a\u8baf\u5f55","wheresstr":"YHN0YXR1c2A9MSBhbmQgYGlzdmNhcmRgPTE:","whereustr":null,"wheredstr":null,"sort":"0","explain":null,"receid":null,"recename":null,"nreceid":null,"nrecename":null,"islb":"0","status":"0","syrid":null,"syrname":null},{"id":"151","setid":"10","num":"txldown","pnum":"txl","name":"\u6211\u76f4\u5c5e\u4e0b\u7ea7","wheresstr":"YHN0YXR1c2A9MSBhbmQgYGlzdmNhcmRgPTEgYW5kIHtpZCxkb3dufQ::","whereustr":null,"wheredstr":null,"sort":"1","explain":null,"receid":null,"recename":null,"nreceid":null,"nrecename":null,"islb":"1","status":"0","syrid":null,"syrname":null},{"id":"152","setid":"10","num":"txldownall","pnum":"txl","name":"\u6211\u5168\u90e8\u4e0b\u5c5e","wheresstr":"YHN0YXR1c2A9MSBhbmQgYGlzdmNhcmRgPTEgYW5kIHtpZCxkb3duYWxsfQ::","whereustr":null,"wheredstr":null,"sort":"2","explain":null,"receid":null,"recename":null,"nreceid":null,"nrecename":null,"islb":"1","status":"0","syrid":null,"syrname":null},{"id":"153","setid":"64","num":"my","pnum":null,"name":"\u6211\u7684\u7533\u8bf7","wheresstr":"YHVpZGA9e3VpZH0:","whereustr":null,"wheredstr":null,"sort":"0","explain":null,"receid":null,"recename":null,"nreceid":null,"nrecename":null,"islb":"1","status":"1","syrid":null,"syrname":null},{"id":"154","setid":"64","num":"all","pnum":"all","name":"\u6240\u6709\u7533\u8bf7","wheresstr":"MT0x","whereustr":null,"wheredstr":null,"sort":"0","explain":null,"receid":null,"recename":null,"nreceid":null,"nrecename":null,"islb":"1","status":"1","syrid":null,"syrname":null},{"id":"155","setid":"65","num":"all","pnum":"all","name":"\u6211\u7684\u7533\u8bf7","wheresstr":"YHVpZGA9e3VpZH0:","whereustr":null,"wheredstr":null,"sort":"0","explain":null,"receid":null,"recename":null,"nreceid":null,"nrecename":null,"islb":"1","status":"1","syrid":null,"syrname":null},{"id":"156","setid":"65","num":"downall","pnum":"all","name":"\u4e0b\u5c5e\u7684\u7533\u8bf7","wheresstr":"e3VpZCxkZXB0c3VifQ::","whereustr":null,"wheredstr":null,"sort":"1","explain":null,"receid":null,"recename":null,"nreceid":null,"nrecename":null,"islb":"1","status":"1","syrid":null,"syrname":null},{"id":"157","setid":"23","num":"my","pnum":null,"name":"\u6211\u7684\u5916\u51fa\u51fa\u5dee","wheresstr":"YHVpZGA9e3VpZH0:","whereustr":null,"wheredstr":null,"sort":"0","explain":null,"receid":null,"recename":null,"nreceid":null,"nrecename":null,"islb":"1","status":"1","syrid":null,"syrname":null},{"id":"158","setid":"23","num":"all","pnum":"all","name":"\u6240\u6709\u5916\u51fa\u51fa\u5dee","wheresstr":"MT0x","whereustr":null,"wheredstr":null,"sort":"0","explain":null,"receid":null,"recename":null,"nreceid":null,"nrecename":null,"islb":"1","status":"1","syrid":null,"syrname":null},{"id":"159","setid":"23","num":"mytoday","pnum":null,"name":"\u6211\u4eca\u65e5\u5916\u51fa","wheresstr":"YHVpZGA9e3VpZH0gYW5kIGBpbnRpbWVgID4gJ1tkYXRlXScgYW5kIGBvdXR0aW1lYDwgJ1tkYXRlXSAyMzo1OTo1OSc:","whereustr":null,"wheredstr":null,"sort":"1","explain":null,"receid":null,"recename":null,"nreceid":null,"nrecename":null,"islb":"1","status":"1","syrid":null,"syrname":null},{"id":"160","setid":"23","num":"alltoday","pnum":"all","name":"\u6240\u6709\u4eca\u65e5\u5916\u51fa","wheresstr":"YGludGltZWAgPiAnW2RhdGVdJyBhbmQgYG91dHRpbWVgPCAnW2RhdGVdIDIzOjU5OjU5Jw::","whereustr":null,"wheredstr":null,"sort":"1","explain":null,"receid":null,"recename":null,"nreceid":null,"nrecename":null,"islb":"1","status":"1","syrid":null,"syrname":null},{"id":"161","setid":"23","num":"downtoday","pnum":"down","name":"\u4e0b\u5c5e\u4eca\u65e5\u5916\u51fa","wheresstr":"e3VpZCxkb3dufSBhbmQgYGludGltZWAgPiAnW2RhdGVdJyBhbmQgYG91dHRpbWVgPCAnW2RhdGVdIDIzOjU5OjU5Jw::","whereustr":null,"wheredstr":null,"sort":"0","explain":null,"receid":null,"recename":null,"nreceid":null,"nrecename":null,"islb":"1","status":"1","syrid":null,"syrname":null},{"id":"162","setid":"23","num":"downall","pnum":"down","name":"\u4e0b\u5c5e\u6240\u6709\u5916\u51fa","wheresstr":"e3VpZCxkb3dufQ::","whereustr":null,"wheredstr":null,"sort":"1","explain":null,"receid":null,"recename":null,"nreceid":null,"nrecename":null,"islb":"1","status":"1","syrid":null,"syrname":null},{"id":"163","setid":"51","num":"my","pnum":null,"name":"\u6211\u7684\u6253\u5361\u5f02\u5e38","wheresstr":"YHVpZGA9e3VpZH0:","whereustr":null,"wheredstr":null,"sort":"0","explain":null,"receid":null,"recename":null,"nreceid":null,"nrecename":null,"islb":"1","status":"1","syrid":null,"syrname":null},{"id":"164","setid":"51","num":"all","pnum":"all","name":"\u6240\u6709\u6253\u5361\u5f02\u5e38","wheresstr":"MT0x","whereustr":null,"wheredstr":null,"sort":"0","explain":null,"receid":null,"recename":null,"nreceid":null,"nrecename":null,"islb":"1","status":"1","syrid":null,"syrname":null},{"id":"165","setid":"19","num":"all","pnum":"all","name":"\u6240\u6709\u53d1\u6587","wheresstr":"MT0x","whereustr":null,"wheredstr":null,"sort":"0","explain":null,"receid":null,"recename":null,"nreceid":null,"nrecename":null,"islb":"1","status":"1","syrid":null,"syrname":null},{"id":"166","setid":"19","num":"my","pnum":null,"name":"\u6211\u7684\u53d1\u6587","wheresstr":"YHVpZGA9e3VpZH0:","whereustr":null,"wheredstr":null,"sort":"0","explain":null,"receid":null,"recename":null,"nreceid":null,"nrecename":null,"islb":"1","status":"1","syrid":null,"syrname":null},{"id":"168","setid":"20","num":"my","pnum":null,"name":"\u6211\u7684\u6536\u6587\u5355","wheresstr":"YHVpZGA9e3VpZH0:","whereustr":null,"wheredstr":null,"sort":"0","explain":null,"receid":null,"recename":null,"nreceid":null,"nrecename":null,"islb":"1","status":"1","syrid":null,"syrname":null},{"id":"169","setid":"67","num":"my","pnum":null,"name":"\u6211\u7684\u8ba2\u9605\u7ba1\u7406","wheresstr":"YG9wdGlkYD17dWlkfQ::","whereustr":null,"wheredstr":null,"sort":"0","explain":null,"receid":null,"recename":null,"nreceid":null,"nrecename":null,"islb":"1","status":"1","syrid":null,"syrname":null},{"id":"170","setid":"67","num":"all","pnum":"all","name":"\u6240\u6709\u8ba2\u9605\u7ba1\u7406","wheresstr":"MT0x","whereustr":null,"wheredstr":null,"sort":"0","explain":null,"receid":null,"recename":null,"nreceid":null,"nrecename":null,"islb":"1","status":"1","syrid":null,"syrname":null},{"id":"171","setid":"68","num":"my","pnum":null,"name":"\u7ed9\u6211\u7684\u8ba2\u9605","wheresstr":"e3JlY2VpZCx1aWRpbn0:","whereustr":null,"wheredstr":null,"sort":"0","explain":null,"receid":null,"recename":null,"nreceid":null,"nrecename":null,"islb":"1","status":"1","syrid":null,"syrname":null},{"id":"172","setid":"68","num":"all","pnum":"all","name":"\u6240\u6709\u8ba2\u9605\u62a5\u8868","wheresstr":"MT0x","whereustr":null,"wheredstr":null,"sort":"0","explain":null,"receid":null,"recename":null,"nreceid":null,"nrecename":null,"islb":"1","status":"1","syrid":null,"syrname":null},{"id":"173","setid":"67","num":"shate","pnum":null,"name":"\u5171\u4eab\u7ed9\u6211\u8ba2\u9605","wheresstr":"e3NoYXRlaWQscmVjZW5vdH0:","whereustr":null,"wheredstr":null,"sort":"1","explain":null,"receid":null,"recename":null,"nreceid":null,"nrecename":null,"islb":"1","status":"1","syrid":null,"syrname":null},{"id":"174","setid":"69","num":"my","pnum":null,"name":"\u9700\u6211\u67e5\u9605\u516c\u6587","wheresstr":"KHtyZWNlaWQscmVjZW5vdH0p","whereustr":null,"wheredstr":null,"sort":"0","explain":null,"receid":null,"recename":null,"nreceid":null,"nrecename":null,"islb":"1","status":"1","syrid":null,"syrname":null},{"id":"175","setid":"69","num":"mywcy","pnum":null,"name":"\u672a\u67e5\u9605\u516c\u6587","wheresstr":"e3JlY2VpZCxyZWNlbm90fSBhbmQge3VucmVhZH0:","whereustr":null,"wheredstr":null,"sort":"0","explain":null,"receid":null,"recename":null,"nreceid":null,"nrecename":null,"islb":"1","status":"1","syrid":null,"syrname":null},{"id":"176","setid":"70","num":"all","pnum":"all","name":"\u6240\u6709\u8003\u52e4\u673a\u8bbe\u5907","wheresstr":"MT0x","whereustr":null,"wheredstr":null,"sort":"0","explain":null,"receid":null,"recename":null,"nreceid":null,"nrecename":null,"islb":"1","status":"1","syrid":null,"syrname":null},{"id":"177","setid":"70","num":"offline","pnum":"all","name":"\u4e0d\u5728\u7ebf\u8bbe\u5907","wheresstr":"KGBsYXN0ZHRgIGlzIG51bGwgb3IgYGxhc3RkdGA8e3NlY29uZC0zMDB9KQ::","whereustr":null,"wheredstr":null,"sort":"1","explain":"\u6700\u540e\u8bf7\u6c42\u57285\u5206\u949f\u4e4b\u524d\u5c31\u4e0d\u5728\u7ebf","receid":null,"recename":null,"nreceid":null,"nrecename":null,"islb":"1","status":"1","syrid":null,"syrname":null},{"id":"178","setid":"29","num":"nowbirty","pnum":"all","name":"\u5f53\u6708\u4eba\u5458\u751f\u65e5","wheresstr":"TUlEKGBiaXJ0aGRheWAsNiwyKT1kYXRlX2Zvcm1hdChub3coKSwnJW0nKQ::","whereustr":null,"wheredstr":null,"sort":"1","explain":null,"receid":null,"recename":null,"nreceid":null,"nrecename":null,"islb":"1","status":"1","syrid":null,"syrname":null},{"id":"179","setid":"71","num":"all","pnum":"all","name":"\u6240\u6709\u8003\u6838\u8bc4\u5206","wheresstr":"MT0x","whereustr":null,"wheredstr":null,"sort":"0","explain":null,"receid":null,"recename":null,"nreceid":null,"nrecename":null,"islb":"1","status":"1","syrid":null,"syrname":null},{"id":"180","setid":"71","num":"my","pnum":null,"name":"\u6211\u7684\u8003\u6838\u8bc4\u5206","wheresstr":"YHVpZGA9e3VpZH0:","whereustr":null,"wheredstr":null,"sort":"0","explain":null,"receid":null,"recename":null,"nreceid":null,"nrecename":null,"islb":"1","status":"1","syrid":null,"syrname":null},{"id":"181","setid":"72","num":"all","pnum":"all","name":"\u6240\u6709\u6f14\u793a\u6570\u636e","wheresstr":"MT0x","whereustr":null,"wheredstr":null,"sort":"0","explain":null,"receid":null,"recename":null,"nreceid":null,"nrecename":null,"islb":"1","status":"1","syrid":null,"syrname":null},{"id":"182","setid":"73","num":"all","pnum":"all","name":"\u4ed3\u5e93\u7ba1\u7406","wheresstr":"MT0x","whereustr":null,"wheredstr":null,"sort":"0","explain":null,"receid":null,"recename":null,"nreceid":null,"nrecename":null,"islb":"1","status":"1","syrid":null,"syrname":null},{"id":"183","setid":"73","num":"my","pnum":null,"name":"\u6211\u7ba1\u7406\u7684\u4ed3\u5e93","wheresstr":"e2NnaWQsdWlkaW59","whereustr":null,"wheredstr":null,"sort":"0","explain":null,"receid":null,"recename":null,"nreceid":null,"nrecename":null,"islb":"1","status":"1","syrid":null,"syrname":null},{"id":"184","setid":"7","num":"gys","pnum":"gys","name":"\u4f9b\u5e94\u5546\u7ba1\u7406","wheresstr":"YGlzZ3lzYD0x","whereustr":null,"wheredstr":null,"sort":"0","explain":null,"receid":null,"recename":null,"nreceid":null,"nrecename":null,"islb":"1","status":"1","syrid":null,"syrname":null},{"id":"185","setid":"28","num":"all","pnum":"all","name":"\u6240\u6709\u91c7\u8d2d\u5355","wheresstr":"MT0x","whereustr":null,"wheredstr":null,"sort":"0","explain":null,"receid":null,"recename":null,"nreceid":null,"nrecename":null,"islb":"1","status":"1","syrid":null,"syrname":null},{"id":"186","setid":"24","num":"all","pnum":"all","name":"\u6240\u6709\u9886\u7528\u5355","wheresstr":"MT0x","whereustr":null,"wheredstr":null,"sort":"0","explain":null,"receid":null,"recename":null,"nreceid":null,"nrecename":null,"islb":"1","status":"1","syrid":null,"syrname":null},{"id":"187","setid":"24","num":"my","pnum":null,"name":"\u6211\u7684\u9886\u7528\u5355","wheresstr":"YHVpZGA9e3VpZH0:","whereustr":null,"wheredstr":null,"sort":"0","explain":null,"receid":null,"recename":null,"nreceid":null,"nrecename":null,"islb":"1","status":"1","syrid":null,"syrname":null},{"id":"188","setid":"28","num":"my","pnum":null,"name":"\u6211\u7684\u91c7\u8d2d\u5355","wheresstr":"YHVpZGA9e3VpZH0:","whereustr":null,"wheredstr":null,"sort":"0","explain":null,"receid":null,"recename":null,"nreceid":null,"nrecename":null,"islb":"1","status":"1","syrid":null,"syrname":null},{"id":"189","setid":"24","num":"alldck","pnum":"all","name":"\u5f85\u9886\u7528\u51fa\u5e93","wheresstr":"YHN0YXR1c2A9MSBhbmQgYHN0YXRlYDw!MQ::","whereustr":null,"wheredstr":null,"sort":"1","explain":null,"receid":null,"recename":null,"nreceid":null,"nrecename":null,"islb":"1","status":"1","syrid":null,"syrname":null},{"id":"190","setid":"28","num":"alldrk","pnum":"all","name":"\u5f85\u91c7\u8d2d\u5165\u5e93","wheresstr":"YHN0YXR1c2A9MSBhbmQgYHN0YXRlYDw!MQ::","whereustr":null,"wheredstr":null,"sort":"1","explain":null,"receid":null,"recename":null,"nreceid":null,"nrecename":null,"islb":"1","status":"1","syrid":null,"syrname":null},{"id":"191","setid":"74","num":"all","pnum":"all","name":"\u6240\u6709\u6587\u6863\u5206\u533a","wheresstr":"MT0x","whereustr":null,"wheredstr":null,"sort":"0","explain":null,"receid":null,"recename":null,"nreceid":null,"nrecename":null,"islb":"1","status":"1","syrid":null,"syrname":null},{"id":"192","setid":"74","num":"my","pnum":null,"name":"\u6211\u7684\u6587\u6863\u5206\u533a","wheresstr":"YHVpZGA9e3VpZH0:","whereustr":null,"wheredstr":null,"sort":"0","explain":null,"receid":null,"recename":null,"nreceid":null,"nrecename":null,"islb":"1","status":"1","syrid":null,"syrname":null},{"id":"193","setid":"76","num":"my","pnum":null,"name":"\u6211\u7684\u8c03\u62e8\u5355","wheresstr":"YHVpZGA9e3VpZH0:","whereustr":null,"wheredstr":null,"sort":"0","explain":null,"receid":null,"recename":null,"nreceid":null,"nrecename":null,"islb":"1","status":"1","syrid":null,"syrname":null},{"id":"194","setid":"76","num":"all","pnum":"all","name":"\u6240\u6709\u8c03\u62e8\u5355","wheresstr":"MT0x","whereustr":null,"wheredstr":null,"sort":"0","explain":null,"receid":null,"recename":null,"nreceid":null,"nrecename":null,"islb":"1","status":"1","syrid":null,"syrname":null},{"id":"195","setid":"76","num":"alldck","pnum":"all","name":"\u5f85\u8c03\u62e8\u5165\u5e93","wheresstr":"YHN0YXR1c2A9MSBhbmQgYHN0YXRlYDw!MQ::","whereustr":null,"wheredstr":null,"sort":"1","explain":null,"receid":null,"recename":null,"nreceid":null,"nrecename":null,"islb":"1","status":"1","syrid":null,"syrname":null},{"id":"196","setid":"7","num":"allgh","pnum":"ghai","name":"\u6240\u6709\u516c\u6d77\u5e93","wheresstr":"YGlzZ2hgPTE:","whereustr":null,"wheredstr":null,"sort":"0","explain":null,"receid":null,"recename":null,"nreceid":null,"nrecename":null,"islb":"1","status":"1","syrid":null,"syrname":null},{"id":"197","setid":"77","num":"my","pnum":null,"name":"\u6211\u7684\u7533\u8bf7","wheresstr":"YHVpZGA9e3VpZH0:","whereustr":null,"wheredstr":null,"sort":"0","explain":null,"receid":null,"recename":null,"nreceid":null,"nrecename":null,"islb":"1","status":"1","syrid":null,"syrname":null},{"id":"198","setid":"77","num":"all","pnum":"all","name":"\u6240\u6709\u7533\u8bf7","wheresstr":"MT0x","whereustr":null,"wheredstr":null,"sort":"2","explain":null,"receid":null,"recename":null,"nreceid":null,"nrecename":null,"islb":"1","status":"1","syrid":null,"syrname":null},{"id":"199","setid":"77","num":"down","pnum":null,"name":"\u6211\u4e0b\u7ea7\u7533\u8bf7","wheresstr":"e3VpZCxkb3duYWxsfQ::","whereustr":null,"wheredstr":null,"sort":"1","explain":null,"receid":null,"recename":null,"nreceid":null,"nrecename":null,"islb":"1","status":"1","syrid":null,"syrname":null},{"id":"200","setid":"29","num":"lizhi","pnum":"all","name":"\u79bb\u804c\u4eba\u5458","wheresstr":"YHF1aXRkdGAgaXMgbm90IG51bGw:","whereustr":null,"wheredstr":null,"sort":"2","explain":null,"receid":null,"recename":null,"nreceid":null,"nrecename":null,"islb":"1","status":"1","syrid":null,"syrname":null},{"id":"201","setid":"78","num":"my","pnum":null,"name":"\u6211\u7684\u7533\u8bf7","wheresstr":"YHVpZGA9e3VpZH0:","whereustr":null,"wheredstr":null,"sort":"0","explain":null,"receid":null,"recename":null,"nreceid":null,"nrecename":null,"islb":"1","status":"1","syrid":null,"syrname":null},{"id":"202","setid":"78","num":"all","pnum":"all","name":"\u6240\u6709\u9700\u6c42","wheresstr":"MT0x","whereustr":null,"wheredstr":null,"sort":"0","explain":null,"receid":null,"recename":null,"nreceid":null,"nrecename":null,"islb":"1","status":"1","syrid":null,"syrname":null},{"id":"203","setid":"79","num":"my","pnum":null,"name":"\u6211\u7684\u5b89\u6392","wheresstr":"YHVpZGA9e3VpZH0:","whereustr":null,"wheredstr":null,"sort":"0","explain":null,"receid":null,"recename":null,"nreceid":null,"nrecename":null,"islb":"1","status":"1","syrid":null,"syrname":null},{"id":"204","setid":"79","num":"myms","pnum":null,"name":"\u6211\u7684\u9762\u8bd5","wheresstr":"e21zdXNlcmlkLHVpZGlufQ::","whereustr":null,"wheredstr":null,"sort":"1","explain":null,"receid":null,"recename":null,"nreceid":null,"nrecename":null,"islb":"1","status":"1","syrid":null,"syrname":null},{"id":"205","setid":"79","num":"all","pnum":"all","name":"\u6240\u6709\u9762\u8bd5","wheresstr":"MT0x","whereustr":null,"wheredstr":null,"sort":"0","explain":null,"receid":null,"recename":null,"nreceid":null,"nrecename":null,"islb":"1","status":"1","syrid":null,"syrname":null},{"id":"206","setid":"80","num":"my","pnum":null,"name":"\u6211\u672a\u56de\u6267\u786e\u8ba4","wheresstr":"MT0x","whereustr":null,"wheredstr":null,"sort":"0","explain":null,"receid":null,"recename":null,"nreceid":null,"nrecename":null,"islb":"1","status":"1","syrid":null,"syrname":null},{"id":"207","setid":"80","num":"myall","pnum":null,"name":"\u6211\u5168\u90e8\u56de\u6267\u786e\u8ba4","wheresstr":"MT0x","whereustr":null,"wheredstr":null,"sort":"0","explain":null,"receid":null,"recename":null,"nreceid":null,"nrecename":null,"islb":"1","status":"1","syrid":null,"syrname":null},{"id":"208","setid":"80","num":"my\u521b\u5efa","pnum":null,"name":"\u6211\u521b\u5efa\u7684","wheresstr":"YHVpZGA9e3VpZH0:","whereustr":null,"wheredstr":null,"sort":"2","explain":null,"receid":null,"recename":null,"nreceid":null,"nrecename":null,"islb":"1","status":"1","syrid":null,"syrname":null},{"id":"209","setid":"80","num":"all","pnum":"all","name":"\u6240\u6709\u56de\u6267\u786e\u8ba4","wheresstr":"MT0x","whereustr":null,"wheredstr":null,"sort":"0","explain":null,"receid":null,"recename":null,"nreceid":null,"nrecename":null,"islb":"1","status":"1","syrid":null,"syrname":null},{"id":"210","setid":"81","num":"all","pnum":"all","name":"\u6240\u6709\u8003\u6838\u9879\u76ee","wheresstr":"MT0x","whereustr":null,"wheredstr":null,"sort":"0","explain":null,"receid":null,"recename":null,"nreceid":null,"nrecename":null,"islb":"1","status":"1","syrid":null,"syrname":null},{"id":"211","setid":"81","num":"my","pnum":null,"name":"\u6211\u7684\u8003\u6838\u9879\u76ee","wheresstr":"e3JlY2VpZH0:","whereustr":null,"wheredstr":null,"sort":"0","explain":null,"receid":null,"recename":null,"nreceid":null,"nrecename":null,"islb":"1","status":"1","syrid":null,"syrname":null},{"id":"212","setid":"71","num":"wopf","pnum":null,"name":"\u9700\u6211\u8bc4\u5206","wheresstr":"IHtwZnJlbmlkLHVpZGlufQ::","whereustr":null,"wheredstr":null,"sort":"2","explain":null,"receid":null,"recename":null,"nreceid":null,"nrecename":null,"islb":"1","status":"1","syrid":null,"syrname":null},{"id":"213","setid":"71","num":"wowpf","pnum":null,"name":"\u9700\u6211\u672a\u8bc4\u5206","wheresstr":"e3BmcmVuaWRzLHVpZGlufQ::","whereustr":null,"wheredstr":null,"sort":"1","explain":null,"receid":null,"recename":null,"nreceid":null,"nrecename":null,"islb":"1","status":"1","syrid":null,"syrname":null},{"id":"214","setid":"71","num":"tjall","pnum":"tjall","name":"\u8003\u6838\u8bc4\u5206\u8be6\u60c5","wheresstr":"MT0x","whereustr":null,"wheredstr":null,"sort":"0","explain":null,"receid":null,"recename":null,"nreceid":null,"nrecename":null,"islb":"1","status":"1","syrid":null,"syrname":null},{"id":"215","setid":"10","num":"notall","pnum":"all","name":"\u672a\u901a\u8baf\u5f55\u663e\u793a","wheresstr":"YGlzdmNhcmRgPTA:","whereustr":null,"wheredstr":null,"sort":"3","explain":null,"receid":null,"recename":null,"nreceid":null,"nrecename":null,"islb":"1","status":"0","syrid":null,"syrname":null},{"id":"216","setid":"48","num":"all","pnum":"all","name":"\u6240\u6709","wheresstr":"MT0x","whereustr":null,"wheredstr":null,"sort":"0","explain":null,"receid":null,"recename":null,"nreceid":null,"nrecename":null,"islb":"1","status":"1","syrid":null,"syrname":null},{"id":"217","setid":"83","num":"all","pnum":"all","name":"\u6240\u6709\u6a21\u7248","wheresstr":"MT0x","whereustr":null,"wheredstr":null,"sort":"0","explain":null,"receid":null,"recename":null,"nreceid":null,"nrecename":null,"islb":"1","status":"1","syrid":null,"syrname":null},{"id":"218","setid":"84","num":"all","pnum":"all","name":"\u6240\u6709\u8bb0\u5f55","wheresstr":"MT0x","whereustr":null,"wheredstr":null,"sort":"0","explain":null,"receid":null,"recename":null,"nreceid":null,"nrecename":null,"islb":"1","status":"1","syrid":null,"syrname":null},{"id":"220","setid":"34","num":null,"pnum":null,"name":"\u672c\u90e8\u95e8\u4eba\u5458","wheresstr":"e3h1aWQsZGVwdGFsbH0:","whereustr":null,"wheredstr":null,"sort":"0","explain":null,"receid":null,"recename":null,"nreceid":null,"nrecename":null,"islb":"0","status":"1","syrid":null,"syrname":null},{"id":"221","setid":"34","num":"all","pnum":"all","name":"\u6240\u6709\u4eba\u85aa\u8d44","wheresstr":"MT0x","whereustr":null,"wheredstr":null,"sort":"0","explain":null,"receid":null,"recename":null,"nreceid":null,"nrecename":null,"islb":"1","status":"1","syrid":null,"syrname":null},{"id":"222","setid":"85","num":"shou","pnum":"all","name":"\u6536\u5230\u7684\u53d1\u7968","wheresstr":"YHR5cGVgPTE:","whereustr":null,"wheredstr":null,"sort":"0","explain":null,"receid":null,"recename":null,"nreceid":null,"nrecename":null,"islb":"1","status":"1","syrid":null,"syrname":null},{"id":"223","setid":"85","num":"kai","pnum":"all","name":"\u5f00\u51fa\u53bb\u7684\u53d1\u7968","wheresstr":"YHR5cGVgPTA:","whereustr":null,"wheredstr":null,"sort":"1","explain":null,"receid":null,"recename":null,"nreceid":null,"nrecename":null,"islb":"1","status":"1","syrid":null,"syrname":null},{"id":"224","setid":"85","num":"my","pnum":null,"name":"\u6211\u6dfb\u52a0\u7684\u53d1\u7968","wheresstr":"YG9wdGlkYD17dWlkfQ::","whereustr":null,"wheredstr":null,"sort":"0","explain":null,"receid":null,"recename":null,"nreceid":null,"nrecename":null,"islb":"1","status":"1","syrid":null,"syrname":null},{"id":"225","setid":"9","num":null,"pnum":null,"name":"\u7269\u54c1\u5e93\u5b58\u5c0f\u4e8e10","wheresstr":"YHN0b2NrYDw9MTA:","whereustr":null,"wheredstr":null,"sort":"0","explain":null,"receid":null,"recename":null,"nreceid":null,"nrecename":null,"islb":"0","status":"1","syrid":null,"syrname":null},{"id":"226","setid":"29","num":"zaizhi","pnum":"all","name":"\u5728\u804c\u4eba\u5458","wheresstr":"YHF1aXRkdGAgaXMgbnVsbA::","whereustr":null,"wheredstr":null,"sort":"3","explain":null,"receid":null,"recename":null,"nreceid":null,"nrecename":null,"islb":"1","status":"1","syrid":null,"syrname":null},{"id":"227","setid":"86","num":"myxie","pnum":null,"name":"\u9700\u6211\u534f\u4f5c","wheresstr":"KGBvcHRpZGA9e3VpZH0gb3Ige3hpZW5hbWVpZCxyZWNlbm90fSk:","whereustr":null,"wheredstr":null,"sort":"0","explain":null,"receid":null,"recename":null,"nreceid":null,"nrecename":null,"islb":"1","status":"1","syrid":null,"syrname":null},{"id":"228","setid":"86","num":"myview","pnum":null,"name":"\u6211\u53ef\u67e5\u770b","wheresstr":"KGBvcHRpZGA9e3VpZH0gb3Ige3JlY2VpZCxyZWNlbm90fSk:","whereustr":null,"wheredstr":null,"sort":"0","explain":null,"receid":null,"recename":null,"nreceid":null,"nrecename":null,"islb":"1","status":"1","syrid":null,"syrname":null},{"id":"229","setid":"86","num":"my","pnum":null,"name":"\u6211\u521b\u5efa","wheresstr":"YG9wdGlkYD17dWlkfQ::","whereustr":null,"wheredstr":null,"sort":"0","explain":null,"receid":null,"recename":null,"nreceid":null,"nrecename":null,"islb":"1","status":"1","syrid":null,"syrname":null},{"id":"230","setid":"87","num":"my","pnum":null,"name":"\u6211\u7684\u4f20\u9001","wheresstr":"YHVpZGA9e3VpZH0:","whereustr":null,"wheredstr":null,"sort":"0","explain":null,"receid":null,"recename":null,"nreceid":null,"nrecename":null,"islb":"1","status":"1","syrid":null,"syrname":null},{"id":"231","setid":"87","num":"tomy","pnum":null,"name":"\u63a5\u6536\u4eba\u662f\u6211","wheresstr":"e3FpYW5uYW1laWQsdWlkaW59","whereustr":null,"wheredstr":null,"sort":"1","explain":null,"receid":null,"recename":null,"nreceid":null,"nrecename":null,"islb":"1","status":"1","syrid":null,"syrname":null},{"id":"232","setid":"2","num":"all","pnum":"all","name":"\u6240\u6709\u4f1a\u8bae","wheresstr":"YHR5cGVgPTA:","whereustr":null,"wheredstr":null,"sort":"0","explain":null,"receid":null,"recename":null,"nreceid":null,"nrecename":null,"islb":"1","status":"1","syrid":null,"syrname":null},{"id":"233","setid":"2","num":"allgd","pnum":"all","name":"\u56fa\u5b9a\u4f1a\u8bae","wheresstr":"YHR5cGVgPTE:","whereustr":null,"wheredstr":null,"sort":"1","explain":null,"receid":null,"recename":null,"nreceid":null,"nrecename":null,"islb":"1","status":"1","syrid":null,"syrname":null},{"id":"234","setid":"88","num":"all","pnum":"all","name":"\u6240\u6709\u8bb0\u5f55","wheresstr":"MT0x","whereustr":null,"wheredstr":null,"sort":"0","explain":null,"receid":null,"recename":null,"nreceid":null,"nrecename":null,"islb":"1","status":"1","syrid":null,"syrname":null},{"id":"235","setid":"88","num":"my","pnum":null,"name":"\u53d1\u7ed9\u6211\u7684","wheresstr":"YHN0YXR1c2A9MSBhbmQge3JlY2VpZH0:","whereustr":null,"wheredstr":null,"sort":"0","explain":null,"receid":null,"recename":null,"nreceid":null,"nrecename":null,"islb":"1","status":"1","syrid":null,"syrname":null},{"id":"236","setid":"88","num":"wfb","pnum":null,"name":"\u6211\u53d1\u5e03\u7684","wheresstr":"YG9wdGlkYD17dWlkfQ::","whereustr":null,"wheredstr":null,"sort":"1","explain":null,"receid":null,"recename":null,"nreceid":null,"nrecename":null,"islb":"1","status":"1","syrid":null,"syrname":null},{"id":"239","setid":"19","num":"mymb","pnum":"hong","name":"\u6240\u6709\u9700\u5957\u7ea2\u516c\u6587","wheresstr":"YHN0YXR1c2A9MQ::","whereustr":null,"wheredstr":null,"sort":"1","explain":"\u5fc5\u987b\u5df2\u5ba1\u6838\u7684","receid":null,"recename":null,"nreceid":null,"nrecename":null,"islb":"1","status":"1","syrid":null,"syrname":null},{"id":"240","setid":"19","num":"xuth","pnum":"hong","name":"\u9700\u5957\u7ea2\u516c\u6587","wheresstr":"YHN0YXR1c2A9MSBhbmQgYHRoaWRgPTA:","whereustr":null,"wheredstr":null,"sort":"0","explain":"\u5fc5\u987b\u5df2\u5ba1\u6838\u7684","receid":null,"recename":null,"nreceid":null,"nrecename":null,"islb":"1","status":"1","syrid":null,"syrname":null},{"id":"241","setid":"19","num":"yuth","pnum":"hong","name":"\u5df2\u5957\u7ea2\u516c\u6587","wheresstr":"YHN0YXR1c2A9MSBhbmQgYHRoaWRgPjA:","whereustr":null,"wheredstr":null,"sort":"2","explain":"\u5fc5\u987b\u5df2\u5ba1\u6838\u7684","receid":null,"recename":null,"nreceid":null,"nrecename":null,"islb":"1","status":"1","syrid":null,"syrname":null},{"id":"242","setid":"19","num":"wgz","pnum":"gaiz","name":"\u672a\u7533\u8bf7\u76d6\u7ae0","wheresstr":"YHVpZGA9e3VpZH0gYW5kIGBzdGF0dXNgPTEgYW5kIGB0aGlkYD4wIGFuZCBgeXppZGA9MA::","whereustr":null,"wheredstr":null,"sort":"0","explain":"\u9700\u5957\u7ea2\u540e\u624d\u53ef\u4ee5\u76d6\u7ae0","receid":null,"recename":null,"nreceid":null,"nrecename":null,"islb":"1","status":"1","syrid":null,"syrname":null},{"id":"243","setid":"19","num":"bygz","pnum":"gaiz","name":"\u4e0d\u9700\u8981\u76d6\u7ae0","wheresstr":"YHVpZGA9e3VpZH0gYW5kIGBzdGF0dXNgPTEgYW5kIGB0aGlkYD4wIGFuZCBgeXppZGA9LTE:","whereustr":null,"wheredstr":null,"sort":"1","explain":"\u9700\u5957\u7ea2\u540e\u624d\u53ef\u4ee5\u76d6\u7ae0","receid":null,"recename":null,"nreceid":null,"nrecename":null,"islb":"1","status":"1","syrid":null,"syrname":null},{"id":"244","setid":"19","num":"ygz","pnum":"gaiz","name":"\u5df2\u7533\u8bf7\u76d6\u7ae0\u7684","wheresstr":"YHVpZGA9e3VpZH0gYW5kIGBzdGF0dXNgPTEgYW5kIGB0aGlkYD4wIGFuZCBgeXppZGA!MA::","whereustr":null,"wheredstr":null,"sort":"2","explain":"\u9700\u5957\u7ea2\u540e\u624d\u53ef\u4ee5\u76d6\u7ae0","receid":null,"recename":null,"nreceid":null,"nrecename":null,"islb":"1","status":"1","syrid":null,"syrname":null},{"id":"245","setid":"19","num":"allgz","pnum":"gaiz","name":"\u6240\u6709\u9700\u76d6\u7ae0","wheresstr":"YHVpZGA9e3VpZH0gYW5kIGBzdGF0dXNgPTEgYW5kIGB0aGlkYD4w","whereustr":null,"wheredstr":null,"sort":"3","explain":null,"receid":null,"recename":null,"nreceid":null,"nrecename":null,"islb":"1","status":"1","syrid":null,"syrname":null},{"id":"246","setid":"19","num":"ffall","pnum":"ffa","name":"\u516c\u6587\u5206\u53d1","wheresstr":"YHVpZGA9e3VpZH0gYW5kIGBzdGF0dXNgPTEgYW5kIGB0aGlkYD4wIGFuZCAoYHl6aWRgPjAgb3IgYHl6aWRgPS0xKQ::","whereustr":null,"wheredstr":null,"sort":"0","explain":"\u9700\u5df2\u5957\u7ea2\u548c\u76d6\u7ae0\u7684","receid":null,"recename":null,"nreceid":null,"nrecename":null,"islb":"1","status":"1","syrid":null,"syrname":null},{"id":"247","setid":"19","num":"dfefa","pnum":"ffa","name":"\u5f85\u5206\u53d1\u516c\u6587","wheresstr":"YHVpZGA9e3VpZH0gYW5kIGBzdGF0dXNgPTEgYW5kIGB0aGlkYD4wIGFuZCAoYHl6aWRgPjAgb3IgYHl6aWRgPS0xKSBhbmQgaWZudWxsKGByZWNlaWRgLCcnKT0nJyA:","whereustr":null,"wheredstr":null,"sort":"1","explain":null,"receid":null,"recename":null,"nreceid":null,"nrecename":null,"islb":"1","status":"1","syrid":null,"syrname":null},{"id":"249","setid":"92","num":"my","pnum":null,"name":"\u6211\u7684\u9500\u552e","wheresstr":"YHVpZGA9e3VpZH0:","whereustr":null,"wheredstr":null,"sort":"0","explain":null,"receid":null,"recename":null,"nreceid":null,"nrecename":null,"islb":"1","status":"1","syrid":null,"syrname":null},{"id":"250","setid":"92","num":"downall","pnum":"down","name":"\u4e0b\u5c5e\u7684\u9500\u552e","wheresstr":"YHVpZGAgaW4oe3N1cGVyfSk:","whereustr":null,"wheredstr":null,"sort":"0","explain":null,"receid":null,"recename":null,"nreceid":null,"nrecename":null,"islb":"1","status":"1","syrid":null,"syrname":null},{"id":"251","setid":"92","num":"all","pnum":"all","name":"\u6240\u6709\u9500\u552e","wheresstr":"MT0x","whereustr":null,"wheredstr":null,"sort":"0","explain":null,"receid":null,"recename":null,"nreceid":null,"nrecename":null,"islb":"1","status":"1","syrid":null,"syrname":null},{"id":"252","setid":"52","num":"my","pnum":null,"name":"\u6211\u7684\u7533\u8bf7","wheresstr":"YHVpZGA9e3VpZH0:","whereustr":null,"wheredstr":null,"sort":"0","explain":null,"receid":null,"recename":null,"nreceid":null,"nrecename":null,"islb":"1","status":"1","syrid":null,"syrname":null},{"id":"253","setid":"7","num":"alllizi","pnum":"all","name":"\u79bb\u804c\u4eba\u5458\u5ba2\u6237","wheresstr":"YHVpZGA!MCBhbmQgYHVpZGAgbm90IGluKHNlbGVjdCBpZCBmcm9tIFtRXWFkbWluIHdoZXJlIHN0YXR1cz0xKQ::","whereustr":null,"wheredstr":null,"sort":"52","explain":"\u65e0\u4e3b\u5ba2\u6237","receid":null,"recename":null,"nreceid":null,"nrecename":null,"islb":"1","status":"1","syrid":null,"syrname":null},{"id":"254","setid":"69","num":"all","pnum":"all","name":"\u6240\u6709\u67e5\u9605","wheresstr":"MT0x","whereustr":null,"wheredstr":null,"sort":"0","explain":null,"receid":null,"recename":null,"nreceid":null,"nrecename":null,"islb":"1","status":"1","syrid":null,"syrname":null},{"id":"260","setid":"10","num":"lookall","pnum":"lookall","name":"\u770b\u5168\u90e8\u4eba\u5458","wheresstr":"IHtjb21wYW55aWQsZGVwdGFsbH0:","whereustr":null,"wheredstr":null,"sort":"0","explain":null,"receid":"u1","recename":"\u7ba1\u7406\u5458","nreceid":null,"nrecename":null,"islb":"1","status":"1","syrid":null,"syrname":null},{"id":"261","setid":"100","num":"account1","pnum":"account1","name":"\u8d26\u6237\u7ef4\u62a4\u8868","wheresstr":"MT0x","whereustr":null,"wheredstr":null,"sort":"0","explain":null,"receid":null,"recename":null,"nreceid":null,"nrecename":null,"islb":"0","status":"1","syrid":null,"syrname":null},{"id":"262","setid":"98","num":"allfeiyong","pnum":"allfeiyong","name":"\u6240\u6709\u8d39\u7528\u8868","wheresstr":"MT0x","whereustr":null,"wheredstr":null,"sort":"0","explain":null,"receid":null,"recename":null,"nreceid":null,"nrecename":null,"islb":"1","status":"1","syrid":null,"syrname":null},{"id":"263","setid":"102","num":"fapiao1","pnum":"fapiao1","name":"\u53d1\u7968\u8d39\u7387","wheresstr":"MT0x","whereustr":null,"wheredstr":null,"sort":"0","explain":null,"receid":null,"recename":null,"nreceid":null,"nrecename":null,"islb":"1","status":"1","syrid":null,"syrname":null},{"id":"264","setid":"103","num":"feetyp1","pnum":"feetyp1","name":"\u8d39\u7528\u7c7b\u578b\u8868","wheresstr":"MT0x","whereustr":null,"wheredstr":null,"sort":"0","explain":null,"receid":null,"recename":null,"nreceid":null,"nrecename":null,"islb":"1","status":"1","syrid":null,"syrname":null},{"id":"265","setid":"99","num":"alltiaozhang","pnum":"alltiaozhang","name":"\u6240\u6709\u8c03\u8d26\u5355","wheresstr":"MT0x","whereustr":null,"wheredstr":null,"sort":"0","explain":null,"receid":null,"recename":null,"nreceid":null,"nrecename":null,"islb":"1","status":"1","syrid":null,"syrname":null},{"id":"266","setid":"10","num":"source","pnum":"source","name":"\u524d\u7aef\u6ce8\u518c","wheresstr":"YHNvdXJjZWA9MQ::","whereustr":null,"wheredstr":null,"sort":"0","explain":null,"receid":null,"recename":null,"nreceid":null,"nrecename":null,"islb":"1","status":"0","syrid":null,"syrname":null},{"id":"271","setid":"105","num":"my","pnum":null,"name":"\u6211\u8d1f\u8d23\u7684\u5408\u540c","wheresstr":"e21hbmFnZXJpZCx1aWRpbn0gYW5kIGB0eXBlYD0x","whereustr":null,"wheredstr":null,"sort":"0","explain":"\u5ba2\u6237\u7ecf\u7406\u662f\u6211","receid":null,"recename":null,"nreceid":null,"nrecename":null,"islb":"1","status":"1","syrid":null,"syrname":null},{"id":"270","setid":"35","num":"my","pnum":null,"name":"\u6211\u8d1f\u8d23\u7684\u5408\u540c","wheresstr":"IHttYW5hZ2VyaWQsdWlkaW59IGFuZCBgdHlwZWA9MA::","whereustr":null,"wheredstr":null,"sort":"0","explain":"\u5ba2\u6237\u7ecf\u7406\u662f\u6211","receid":null,"recename":null,"nreceid":null,"nrecename":null,"islb":"1","status":"1","syrid":null,"syrname":null},{"id":"272","setid":"105","num":"pay_downall","pnum":null,"name":"\u4e0b\u5c5e\u5408\u540c","wheresstr":"KHt1aWQsZGVwdHN1Yn0gb3Ige21hbmFnZXJpZCxkZXB0c3VifSkgYW5kIGB0eXBlYD0x","whereustr":null,"wheredstr":null,"sort":"1","explain":"\u6211\u4e0b\u5c5e\u521b\u5efa\u7684\u5408\u540c,\u6216\u8005\u6211\u5ba2\u6237\u7ecf\u7406\u662f\u6211\u7684\u4e0b\u5c5e\u7684\u5408\u540c","receid":null,"recename":null,"nreceid":null,"nrecename":null,"islb":"1","status":"1","syrid":null,"syrname":null},{"id":"273","setid":"105","num":"allpaypustract","pnum":null,"name":"\u6240\u6709\u5408\u540c","wheresstr":"YHR5cGVgPTEgYW5kIHt1aWQsY29tcGFueX0:","whereustr":"","wheredstr":"","sort":"3","explain":null,"receid":null,"recename":null,"nreceid":null,"nrecename":null,"islb":"0","status":"0","syrid":null,"syrname":null},{"id":"274","setid":"107","num":null,"pnum":null,"name":"\u6211\u672a\u4ed8\u6b3e","wheresstr":"YHVpZGA9e3VpZH0gYW5kIGB0eXBlYD0wIGFuZCBgaXNwYXlgPTA:","whereustr":null,"wheredstr":null,"sort":"0","explain":null,"receid":null,"recename":null,"nreceid":null,"nrecename":null,"islb":"1","status":"1","syrid":null,"syrname":null},{"id":"275","setid":"107","num":null,"pnum":null,"name":"\u6211\u5df2\u4ed8\u6b3e","wheresstr":"YHVpZGA9e3VpZH0gYW5kIGB0eXBlYD0wIGFuZCBgaXNwYXlgPTE:","whereustr":null,"wheredstr":null,"sort":"1","explain":null,"receid":null,"recename":null,"nreceid":null,"nrecename":null,"islb":"1","status":"1","syrid":null,"syrname":null},{"id":"276","setid":"107","num":"myfkd","pnum":null,"name":"\u6211\u4ed8\u6b3e\u5355","wheresstr":"YHVpZGA9e3VpZH0gYW5kIGB0eXBlYD0x","whereustr":null,"wheredstr":null,"sort":"2","explain":null,"receid":null,"recename":null,"nreceid":null,"nrecename":null,"islb":"1","status":"1","syrid":null,"syrname":null}]}}