{"xinhu_carms":{"fields":[{"name":"id","type":"int","explain":"","types":"int(11)","dev":null,"isnull":"NO","lens":null},{"name":"carid","type":"int","explain":"\u8f66\u8f86Id","types":"int(11)","dev":"0","isnull":"YES","lens":null},{"name":"otype","type":"varchar","explain":"\u7c7b\u578b,\u52a0\u6cb9","types":"varchar(20)","dev":null,"isnull":"YES","lens":"20"},{"name":"startdt","type":"date","explain":"","types":"date","dev":null,"isnull":"YES","lens":null},{"name":"enddt","type":"date","explain":"\u622a\u6b62\u65f6\u95f4","types":"date","dev":null,"isnull":"YES","lens":null},{"name":"money","type":"decimal","explain":"\u82b1\u8d39\u91d1\u989d","types":"decimal(8,2)","dev":"0.00","isnull":"YES","lens":null},{"name":"optid","type":"int","explain":"\u6dfb\u52a0\u4ebaid","types":"int(11)","dev":"0","isnull":"YES","lens":null},{"name":"optdt","type":"datetime","explain":"","types":"datetime","dev":null,"isnull":"YES","lens":null},{"name":"optname","type":"varchar","explain":"\u6dfb\u52a0\u4eba","types":"varchar(20)","dev":null,"isnull":"YES","lens":"20"},{"name":"status","type":"tinyint","explain":"\u72b6\u6001","types":"tinyint(1)","dev":"0","isnull":"YES","lens":null},{"name":"explain","type":"varchar","explain":"\u8bf4\u660e","types":"varchar(500)","dev":null,"isnull":"YES","lens":"500"},{"name":"unitname","type":"varchar","explain":"\u5bf9\u5e94\u540d\u79f0","types":"varchar(50)","dev":null,"isnull":"YES","lens":"50"},{"name":"applydt","type":"date","explain":"\u7533\u8bf7\u65e5\u671f","types":"date","dev":null,"isnull":"YES","lens":null},{"name":"address","type":"varchar","explain":"\u5730\u70b9","types":"varchar(100)","dev":null,"isnull":"YES","lens":"100"},{"name":"jiaid","type":"varchar","explain":"","types":"varchar(30)","dev":null,"isnull":"YES","lens":"30"},{"name":"jianame","type":"varchar","explain":"\u9a7e\u9a76\u5458","types":"varchar(30)","dev":null,"isnull":"YES","lens":"30"},{"name":"comid","type":"smallint","explain":"\u5bf9\u5e94\u5355\u4f4did","types":"smallint(6)","dev":"0","isnull":"YES","lens":null}],"data":[]}}