{"xinhu_knowtiku":{"fields":[{"name":"id","type":"int","explain":"","types":"int(11)","dev":null,"isnull":"NO","lens":null},{"name":"title","type":"varchar","explain":"\u6807\u9898","types":"varchar(500)","dev":null,"isnull":"YES","lens":"500"},{"name":"typeid","type":"smallint","explain":"","types":"smallint(6)","dev":"0","isnull":"YES","lens":null},{"name":"type","type":"tinyint","explain":"0\u5355\u9009,1\u591a\u9009,2\u5224\u65ad\u9898","types":"tinyint(1)","dev":"0","isnull":"YES","lens":null},{"name":"ana","type":"varchar","explain":"\u7b54\u6848A","types":"varchar(300)","dev":null,"isnull":"YES","lens":"300"},{"name":"anb","type":"varchar","explain":"\u7b54\u6848B","types":"varchar(300)","dev":null,"isnull":"YES","lens":"300"},{"name":"anc","type":"varchar","explain":"\u7b54\u6848C","types":"varchar(300)","dev":null,"isnull":"YES","lens":"300"},{"name":"and","type":"varchar","explain":"\u7b54\u6848D","types":"varchar(300)","dev":null,"isnull":"YES","lens":"300"},{"name":"ane","type":"varchar","explain":"\u7b54\u6848E","types":"varchar(300)","dev":null,"isnull":"YES","lens":"300"},{"name":"answer","type":"varchar","explain":"","types":"varchar(10)","dev":null,"isnull":"YES","lens":"10"},{"name":"sort","type":"smallint","explain":"","types":"smallint(6)","dev":"0","isnull":"YES","lens":null},{"name":"adddt","type":"datetime","explain":"","types":"datetime","dev":null,"isnull":"YES","lens":null},{"name":"optdt","type":"datetime","explain":"","types":"datetime","dev":null,"isnull":"YES","lens":null},{"name":"explain","type":"varchar","explain":"","types":"varchar(500)","dev":null,"isnull":"YES","lens":"500"},{"name":"status","type":"tinyint","explain":"\u72b6\u6001","types":"tinyint(1)","dev":"1","isnull":"YES","lens":null},{"name":"content","type":"varchar","explain":"","types":"varchar(1000)","dev":null,"isnull":"YES","lens":"1000"},{"name":"optid","type":"smallint","explain":"","types":"smallint(6)","dev":"0","isnull":"YES","lens":null},{"name":"imgurl","type":"varchar","explain":"\u76f8\u5173\u56fe\u7247\u5730\u5740","types":"varchar(100)","dev":null,"isnull":"YES","lens":"100"},{"name":"comid","type":"smallint","explain":"\u5bf9\u5e94\u5355\u4f4did","types":"smallint(6)","dev":"0","isnull":"YES","lens":null}],"data":[]}}