{"xinhu_hrsalars":{"fields":[{"name":"id","type":"int","explain":"","types":"int(11)","dev":null,"isnull":"NO","lens":null},{"name":"mid","type":"smallint","explain":"\u5bf9\u5e94\u4e3b\u8868hrsalarm.id","types":"smallint(6)","dev":"0","isnull":"YES","lens":null},{"name":"sort","type":"smallint","explain":"\u6392\u5e8f\u53f7","types":"smallint(6)","dev":"0","isnull":"YES","lens":null},{"name":"name","type":"varchar","explain":"\u540d\u79f0","types":"varchar(50)","dev":null,"isnull":"YES","lens":"50"},{"name":"fields","type":"varchar","explain":"\u5bf9\u5e94\u5b57\u6bb5","types":"varchar(50)","dev":null,"isnull":"YES","lens":"50"},{"name":"gongsi","type":"varchar","explain":"\u516c\u5f0f","types":"varchar(1000)","dev":null,"isnull":"YES","lens":"1000"},{"name":"type","type":"tinyint","explain":"0\u5b57\u6bb5,1\u589e\u52a0,2\u51cf\u5c11","types":"tinyint(1)","dev":"0","isnull":"YES","lens":null},{"name":"beizhu","type":"varchar","explain":"\u5907\u6ce8","types":"varchar(200)","dev":null,"isnull":"YES","lens":"200"},{"name":"devzhi","type":"varchar","explain":"\u9ed8\u8ba4\u503c","types":"varchar(20)","dev":null,"isnull":"YES","lens":"20"},{"name":"comid","type":"smallint","explain":"\u5bf9\u5e94\u5355\u4f4did","types":"smallint(6)","dev":"0","isnull":"YES","lens":null}],"data":[{"id":"1","mid":"1","sort":"0","name":"\u57fa\u672c\u5de5\u8d44","fields":"base","gongsi":null,"type":"1","beizhu":"\u53a6\u95e8\u5e02\u6700\u4f4e\u5de5\u8d44","devzhi":"1700","comid":"0"},{"id":"2","mid":"8","sort":"0","name":"\u5176\u5b83\u589e\u52a0","fields":"otherzj","gongsi":null,"type":"1","beizhu":null,"devzhi":"0","comid":"0"},{"id":"3","mid":"2","sort":"0","name":"\u7ee9\u6548\u57fa\u6570","fields":"jxjs","gongsi":null,"type":"0","beizhu":null,"devzhi":"2000","comid":"0"},{"id":"4","mid":"2","sort":"1","name":"\u7ee9\u6548\u7cfb\u6570","fields":"jxxs","gongsi":null,"type":"0","beizhu":null,"devzhi":"1.5","comid":"0"},{"id":"5","mid":"2","sort":"2","name":"\u7ee9\u6548\u5206\u6570","fields":"jxdf","gongsi":null,"type":"0","beizhu":null,"devzhi":"0","comid":"0"},{"id":"6","mid":"2","sort":"3","name":"\u7ee9\u6548\u6536\u5165","fields":"jtpost","gongsi":"{jxjs}*{jxxs}*{jxdf}*0.01","type":"1","beizhu":null,"devzhi":"0","comid":"0"},{"id":"7","mid":"3","sort":"0","name":"\u5e94\u51fa\u52e4\u5929\u6570","fields":"ysbtime","gongsi":null,"type":"0","beizhu":null,"devzhi":"0","comid":"0"},{"id":"8","mid":"3","sort":"1","name":"\u51fa\u52e4\u5929\u6570","fields":"zsbtime","gongsi":null,"type":"0","beizhu":null,"devzhi":"0","comid":"0"},{"id":"9","mid":"9","sort":"0","name":"\u4e2a\u7a0e\u8d77\u5f81\u70b9","fields":"taxbase","gongsi":null,"type":"0","beizhu":null,"devzhi":"5000","comid":"0"},{"id":"10","mid":"9","sort":"1","name":"\u4e2a\u4eba\u6240\u5f97\u7a0e","fields":"taxes","gongsi":"faxgerenn({mones}-{taxbase})","type":"4","beizhu":null,"devzhi":"0","comid":"0"},{"id":"11","mid":"7","sort":"0","name":"\u4ea4\u901a\u8865\u8d34","fields":"travelbt","gongsi":"last","type":"1","beizhu":null,"devzhi":"0","comid":"0"},{"id":"12","mid":"4","sort":"1","name":"\u4e2a\u4eba\u6240\u5f97\u7a0e","fields":"taxes","gongsi":"faxgeren({mones}-{taxbase})","type":"4","beizhu":null,"devzhi":"0","comid":"0"},{"id":"13","mid":"4","sort":"0","name":"\u4e2a\u7a0e\u8d77\u5f81\u70b9","fields":"taxbase","gongsi":null,"type":"0","beizhu":null,"devzhi":"3500","comid":"0"},{"id":"14","mid":"3","sort":"2","name":"\u5956\u52b1","fields":"reward","gongsi":null,"type":"1","beizhu":null,"devzhi":"0","comid":"0"},{"id":"15","mid":"3","sort":"3","name":"\u5904\u7f5a","fields":"punish","gongsi":null,"type":"2","beizhu":null,"devzhi":"0","comid":"0"},{"id":"16","mid":"3","sort":"4","name":"\u52a0\u73ed(\u5c0f\u65f6)","fields":"jiaban","gongsi":null,"type":"0","beizhu":null,"devzhi":"0","comid":"0"},{"id":"17","mid":"3","sort":"5","name":"\u52a0\u73ed\u8865\u8d34","fields":"jiabans","gongsi":null,"type":"1","beizhu":null,"devzhi":"0","comid":"0"},{"id":"18","mid":"5","sort":"0","name":"\u4e2a\u4eba\u793e\u4fdd","fields":"socials","gongsi":null,"type":"2","beizhu":null,"devzhi":"0","comid":"0"},{"id":"19","mid":"5","sort":"1","name":"\u5355\u4f4d\u793e\u4fdd\u7f34\u8d39","fields":"socialsunit","gongsi":null,"type":"0","beizhu":null,"devzhi":"0","comid":"0"},{"id":"20","mid":"5","sort":"2","name":"\u516c\u79ef\u91d1\u4e2a\u4eba","fields":"gonggeren","gongsi":null,"type":"2","beizhu":null,"devzhi":"0","comid":"0"},{"id":"21","mid":"5","sort":"3","name":"\u516c\u79ef\u91d1\u5355\u4f4d","fields":"gongunit","gongsi":null,"type":"0","beizhu":null,"devzhi":"0","comid":"0"},{"id":"22","mid":"6","sort":"4","name":"\u65e9\u9000(\u6b21)","fields":"zaotui","gongsi":null,"type":"0","beizhu":null,"devzhi":"0","comid":"0"},{"id":"23","mid":"6","sort":"2","name":"\u8fdf\u5230(\u6b21)","fields":"cidao","gongsi":null,"type":"0","beizhu":null,"devzhi":"0","comid":"0"},{"id":"24","mid":"6","sort":"3","name":"\u8fdf\u5230\u5904\u7f5a","fields":"cidaos","gongsi":null,"type":"2","beizhu":null,"devzhi":"0","comid":"0"},{"id":"25","mid":"8","sort":"2","name":"\u8ba1\u4ef6\u6536\u5165","fields":"jiansr","gongsi":null,"type":"1","beizhu":null,"devzhi":"0","comid":"0"},{"id":"26","mid":"8","sort":"1","name":"\u5176\u5b83\u51cf\u5c11","fields":"otherjs","gongsi":null,"type":"2","beizhu":null,"devzhi":"0","comid":"0"},{"id":"27","mid":"7","sort":"6","name":"\u5176\u4ed6\u8865\u8d34","fields":"otherbt","gongsi":null,"type":"1","beizhu":null,"devzhi":"0","comid":"0"},{"id":"28","mid":"7","sort":"5","name":"\u7535\u8111\u8865\u8d34","fields":"dnbt","gongsi":"last","type":"1","beizhu":null,"devzhi":"0","comid":"0"},{"id":"29","mid":"7","sort":"4","name":"\u9ad8\u6e29\u6d25\u8d34","fields":"hotbt","gongsi":"last","type":"1","beizhu":null,"devzhi":"0","comid":"0"},{"id":"30","mid":"7","sort":"3","name":"\u9910\u8865\u8d34","fields":"foodbt","gongsi":"last","type":"1","beizhu":null,"devzhi":"0","comid":"0"},{"id":"31","mid":"7","sort":"1","name":"\u901a\u4fe1\u8865\u8d34","fields":"telbt","gongsi":"last","type":"1","beizhu":null,"devzhi":"0","comid":"0"},{"id":"32","mid":"7","sort":"2","name":"\u6280\u80fd\u6d25\u8d34","fields":"skilljt","gongsi":"last","type":"1","beizhu":null,"devzhi":"0","comid":"0"},{"id":"33","mid":"6","sort":"5","name":"\u65e9\u9000\u5904\u7f5a","fields":"zaotuis","gongsi":null,"type":"2","beizhu":null,"devzhi":"0","comid":"0"},{"id":"34","mid":"6","sort":"6","name":"\u672a\u6253\u5361(\u6b21)","fields":"weidk","gongsi":null,"type":"0","beizhu":null,"devzhi":"0","comid":"0"},{"id":"35","mid":"6","sort":"7","name":"\u672a\u6253\u5361\u5904\u7f5a","fields":"weidks","gongsi":null,"type":"2","beizhu":null,"devzhi":"0","comid":"0"},{"id":"36","mid":"6","sort":"8","name":"\u8bf7\u5047(\u5c0f\u65f6)","fields":"leave","gongsi":null,"type":"0","beizhu":null,"devzhi":"0","comid":"0"},{"id":"37","mid":"6","sort":"9","name":"\u8bf7\u5047\u51cf\u5c11","fields":"leaves","gongsi":null,"type":"2","beizhu":null,"devzhi":"0","comid":"0"},{"id":"38","mid":"6","sort":"0","name":"\u5e94\u51fa\u52e4\u5929\u6570","fields":"ysbtime","gongsi":null,"type":"0","beizhu":null,"devzhi":"0","comid":"0"},{"id":"39","mid":"6","sort":"1","name":"\u51fa\u52e4\u5929\u6570","fields":"zsbtime","gongsi":null,"type":"0","beizhu":null,"devzhi":"0","comid":"0"},{"id":"40","mid":"6","sort":"10","name":"\u5956\u52b1","fields":"reward","gongsi":null,"type":"1","beizhu":null,"devzhi":"0","comid":"0"},{"id":"41","mid":"6","sort":"11","name":"\u5904\u7f5a","fields":"punish","gongsi":null,"type":"2","beizhu":null,"devzhi":"0","comid":"0"},{"id":"42","mid":"6","sort":"12","name":"\u52a0\u73ed(\u5c0f\u65f6)","fields":"jiaban","gongsi":null,"type":"0","beizhu":null,"devzhi":"0","comid":"0"},{"id":"43","mid":"6","sort":"13","name":"\u52a0\u73ed\u8865\u8d34","fields":"jiabans","gongsi":null,"type":"1","beizhu":null,"devzhi":"0","comid":"0"}]}}