{"xinhu_custsale":{"fields":[{"name":"id","type":"int","explain":"","types":"int(11)","dev":null,"isnull":"NO","lens":null},{"name":"custid","type":"int","explain":"","types":"int(11)","dev":"0","isnull":"YES","lens":null},{"name":"custname","type":"varchar","explain":"","types":"varchar(50)","dev":null,"isnull":"YES","lens":"50"},{"name":"uid","type":"smallint","explain":"","types":"smallint(6)","dev":"0","isnull":"YES","lens":null},{"name":"optname","type":"varchar","explain":"","types":"varchar(10)","dev":null,"isnull":"YES","lens":"10"},{"name":"optdt","type":"datetime","explain":"","types":"datetime","dev":null,"isnull":"YES","lens":null},{"name":"state","type":"tinyint","explain":"\u72b6\u6001","types":"tinyint(4)","dev":"0","isnull":"YES","lens":null},{"name":"explain","type":"varchar","explain":"","types":"varchar(500)","dev":null,"isnull":"YES","lens":"500"},{"name":"money","type":"decimal","explain":"","types":"decimal(10,2)","dev":"0.00","isnull":"YES","lens":null},{"name":"applydt","type":"date","explain":"","types":"date","dev":null,"isnull":"YES","lens":null},{"name":"dealdt","type":"datetime","explain":"\u6210\u4ea4\u65f6\u95f4","types":"datetime","dev":null,"isnull":"YES","lens":null},{"name":"adddt","type":"datetime","explain":"","types":"datetime","dev":null,"isnull":"YES","lens":null},{"name":"laiyuan","type":"varchar","explain":"\u9500\u552e\u6765\u6e90","types":"varchar(20)","dev":null,"isnull":"YES","lens":"20"},{"name":"createid","type":"smallint","explain":"","types":"smallint(6)","dev":"0","isnull":"YES","lens":null},{"name":"createname","type":"varchar","explain":"","types":"varchar(20)","dev":null,"isnull":"YES","lens":"20"},{"name":"htid","type":"smallint","explain":"\u5408\u540cID","types":"smallint(6)","dev":"0","isnull":"YES","lens":null},{"name":"comid","type":"smallint","explain":"\u5bf9\u5e94\u5355\u4f4did","types":"smallint(6)","dev":"0","isnull":"YES","lens":null}],"data":[]}}