{"xinhu_fininfos":{"fields":[{"name":"id","type":"int","explain":"","types":"int(11)","dev":null,"isnull":"NO","lens":null},{"name":"mid","type":"smallint","explain":"\u5bf9\u5e94\u4e3b\u8868fininfom.id","types":"smallint(6)","dev":"0","isnull":"YES","lens":null},{"name":"sort","type":"smallint","explain":"\u6392\u5e8f\u53f7","types":"smallint(6)","dev":"0","isnull":"YES","lens":null},{"name":"sdt","type":"date","explain":"\u53d1\u751f\u65e5\u671f","types":"date","dev":null,"isnull":"YES","lens":null},{"name":"name","type":"varchar","explain":"\u6240\u5c5e\u9879\u76ee","types":"varchar(20)","dev":null,"isnull":"YES","lens":"20"},{"name":"money","type":"decimal","explain":"\u91d1\u989d","types":"decimal(10,2)","dev":"0.00","isnull":"YES","lens":null},{"name":"sm","type":"varchar","explain":"\u8bf4\u660e","types":"varchar(100)","dev":null,"isnull":"YES","lens":"100"},{"name":"didian","type":"varchar","explain":"\u53d1\u751f\u5730\u70b9","types":"varchar(50)","dev":null,"isnull":"YES","lens":"50"},{"name":"comid","type":"smallint","explain":"\u5bf9\u5e94\u5355\u4f4did","types":"smallint(6)","dev":"0","isnull":"YES","lens":null}],"data":[{"id":"21","mid":"33","sort":"0","sdt":"2020-06-25","name":"\u4e1a\u52a1\u8d39\u7528","money":"888.00","sm":"\u5ba2\u6237\u4f4f\u5bbf","didian":null,"comid":"189"},{"id":"22","mid":"34","sort":"0","sdt":"2020-06-30","name":"\u6253\u8f66\u8d39","money":"200.00","sm":"\u5ba2\u6237\u9762\u8c08","didian":null,"comid":"189"},{"id":"23","mid":"35","sort":"0","sdt":"2020-05-25","name":"\u6253\u8f66\u8d39","money":"185.00","sm":"\u7ea6\u89c1\u5ba2\u6237","didian":null,"comid":"189"},{"id":"24","mid":"36","sort":"0","sdt":"2020-06-10","name":"\u5e02\u5185\u4ea4\u901a\u8d39","money":"98.00","sm":"\u9762\u89c1\u5ba2\u6237","didian":null,"comid":"189"},{"id":"25","mid":"38","sort":"0","sdt":"2020-07-03","name":"\u7535\u8bdd\u8d39","money":"12.00","sm":null,"didian":null,"comid":"189"},{"id":"26","mid":"38","sort":"1","sdt":"2020-07-03","name":"\u7535\u8bdd\u8d39","money":"12.00","sm":null,"didian":null,"comid":"189"},{"id":"27","mid":"39","sort":"0","sdt":"2020-07-01","name":"\u6728\u8d28\u6750\u6599","money":"2000.00","sm":"\u91c7\u8d2d\u539f\u6599","didian":null,"comid":"193"},{"id":"28","mid":"40","sort":"0","sdt":"2020-07-07","name":"\u5899\u6f06\u6750\u6599","money":"3500.00","sm":null,"didian":null,"comid":"193"},{"id":"29","mid":"42","sort":"0","sdt":"2020-07-08","name":"\u5feb\u9012\u8d39","money":"99.00","sm":null,"didian":null,"comid":"211"},{"id":"30","mid":"43","sort":"0","sdt":"2020-07-27","name":"\u5e02\u5185\u4ea4\u901a\u8d39","money":"100.00","sm":null,"didian":null,"comid":"193"},{"id":"32","mid":"45","sort":"0","sdt":"2020-08-04","name":"\u5e02\u5185\u4ea4\u901a\u8d39","money":"100.00","sm":null,"didian":null,"comid":"193"},{"id":"33","mid":"45","sort":"1","sdt":"2020-08-03","name":"\u5e02\u5185\u4ea4\u901a\u8d39","money":"100.00","sm":null,"didian":null,"comid":"193"}]}}