{"xinhu_officialmb":{"fields":[{"name":"id","type":"int","explain":"","types":"int(11)","dev":null,"isnull":"NO","lens":null},{"name":"title","type":"varchar","explain":"\u6a21\u7248\u6807\u9898","types":"varchar(100)","dev":null,"isnull":"YES","lens":"100"},{"name":"fenlei","type":"varchar","explain":"\u5206\u7c7b","types":"varchar(20)","dev":null,"isnull":"YES","lens":"20"},{"name":"receid","type":"varchar","explain":"","types":"varchar(1000)","dev":null,"isnull":"YES","lens":"1000"},{"name":"recename","type":"varchar","explain":"\u53ef\u4f7f\u7528\u4eba","types":"varchar(1000)","dev":null,"isnull":"YES","lens":"1000"},{"name":"content","type":"varchar","explain":"\u5185\u5bb9","types":"varchar(4000)","dev":null,"isnull":"YES","lens":"4000"},{"name":"optid","type":"int","explain":"","types":"int(11)","dev":null,"isnull":"YES","lens":null},{"name":"optname","type":"varchar","explain":"","types":"varchar(50)","dev":null,"isnull":"YES","lens":"50"},{"name":"optdt","type":"datetime","explain":"","types":"datetime","dev":null,"isnull":"YES","lens":null},{"name":"sort","type":"int","explain":"\u6392\u5e8f\u53f7","types":"int(11)","dev":"0","isnull":"YES","lens":null},{"name":"status","type":"tinyint","explain":"\u72b6\u6001","types":"tinyint(1)","dev":"0","isnull":"YES","lens":null},{"name":"explain","type":"varchar","explain":"\u8bf4\u660e","types":"varchar(2000)","dev":null,"isnull":"YES","lens":"2000"}],"data":[]}}