{"xinhu_kqdisv":{"fields":[{"name":"id","type":"int","explain":"","types":"int(11)","dev":null,"isnull":"NO","lens":null},{"name":"plx","type":"tinyint","explain":"1\u7ec4\u6392\u73ed,2\u4eba\u5458","types":"tinyint(1)","dev":"1","isnull":"YES","lens":null},{"name":"receid","type":"int","explain":"\u7ec4id,\u4eba\u5458Id","types":"int(11)","dev":"0","isnull":"YES","lens":null},{"name":"dt","type":"date","explain":"\u65e5\u671f","types":"date","dev":null,"isnull":"YES","lens":null},{"name":"type","type":"tinyint","explain":"0\u8003\u52e4\u65f6\u95f4,1\u4f11\u606f,2\u5de5\u4f5c\u65e5","types":"tinyint(1)","dev":"0","isnull":"YES","lens":null},{"name":"mid","type":"int","explain":"\u5bf9\u5e94\u4e3bID","types":"int(11)","dev":"0","isnull":"YES","lens":null}],"data":[]}}