{"xinhu_news":{"fields":[{"name":"id","type":"int","explain":"","types":"int(11)","dev":null,"isnull":"NO","lens":null},{"name":"title","type":"varchar","explain":"","types":"varchar(200)","dev":null,"isnull":"YES","lens":"200"},{"name":"optdt","type":"datetime","explain":"","types":"datetime","dev":null,"isnull":"YES","lens":null},{"name":"typename","type":"varchar","explain":"","types":"varchar(20)","dev":null,"isnull":"YES","lens":"20"},{"name":"content","type":"text","explain":"","types":"text","dev":null,"isnull":"YES","lens":"65535"},{"name":"url","type":"varchar","explain":"","types":"varchar(200)","dev":null,"isnull":"YES","lens":"200"},{"name":"receid","type":"varchar","explain":"\u63a5\u6536\u4ebaId","types":"varchar(2000)","dev":null,"isnull":"YES","lens":"2000"},{"name":"recename","type":"varchar","explain":"","types":"varchar(4000)","dev":null,"isnull":"YES","lens":"4000"},{"name":"optid","type":"int","explain":"","types":"int(11)","dev":"0","isnull":"YES","lens":null},{"name":"optname","type":"varchar","explain":"","types":"varchar(20)","dev":null,"isnull":"YES","lens":"20"},{"name":"enddt","type":"date","explain":"\u622a\u6b62\u65f6\u95f4","types":"date","dev":null,"isnull":"YES","lens":null},{"name":"startdt","type":"date","explain":"\u5f00\u59cb\u65f6\u95f4","types":"date","dev":null,"isnull":"YES","lens":null},{"name":"zuozhe","type":"varchar","explain":"\u53d1\u5e03\u8005","types":"varchar(30)","dev":null,"isnull":"YES","lens":"30"},{"name":"indate","type":"date","explain":"\u65e5\u671f","types":"date","dev":null,"isnull":"YES","lens":null},{"name":"status","type":"tinyint","explain":"\u72b6\u6001","types":"tinyint(1)","dev":"1","isnull":"YES","lens":null},{"name":"fengmian","type":"varchar","explain":"\u5c01\u9762\u56fe\u7247","types":"varchar(100)","dev":null,"isnull":"YES","lens":"100"},{"name":"mintou","type":"smallint","explain":"\u81f3\u5c11\u6295\u7968","types":"smallint(6)","dev":"0","isnull":"YES","lens":null},{"name":"maxtou","type":"smallint","explain":"\u6700\u591a\u6295\u6295\u79680\u4e0d\u9650\u5236","types":"smallint(6)","dev":"0","isnull":"YES","lens":null},{"name":"issms","type":"tinyint","explain":"\u662f\u5426\u53d1\u77ed\u4fe1","types":"tinyint(1)","dev":"0","isnull":"YES","lens":null},{"name":"istop","type":"tinyint","explain":"\u6392\u5e8f\u53f7\u8d8a\u5927\u8d8a\u9760\u524d","types":"tinyint(1)","dev":"0","isnull":"YES","lens":null},{"name":"comid","type":"smallint","explain":"\u5bf9\u5e94\u5355\u4f4did","types":"smallint(6)","dev":"0","isnull":"YES","lens":null},{"name":"appxs","type":"tinyint","explain":"app\u9996\u9875\u663e\u793a","types":"tinyint(1)","dev":"0","isnull":"YES","lens":null}],"data":[]}}