{"xinhu_sjoin":{"fields":[{"name":"id","type":"int","explain":"","types":"int(11)","dev":null,"isnull":"NO","lens":null},{"name":"type","type":"varchar","explain":"\u7c7b\u578b","types":"varchar(10)","dev":null,"isnull":"YES","lens":"10"},{"name":"mid","type":"int","explain":"","types":"int(11)","dev":null,"isnull":"YES","lens":null},{"name":"sid","type":"int","explain":"","types":"int(11)","dev":null,"isnull":"YES","lens":null},{"name":"indate","type":"datetime","explain":"","types":"datetime","dev":null,"isnull":"YES","lens":null}],"data":[{"id":"1","type":"ug","mid":"12","sid":"79","indate":"2020-01-10 16:11:38"},{"id":"1419","type":"ug","mid":"108","sid":"7","indate":"2020-03-19 23:59:08"},{"id":"1420","type":"ug","mid":"12","sid":"111","indate":"2020-04-02 10:25:00"},{"id":"1368","type":"ug","mid":"107","sid":"7","indate":"2020-03-19 21:42:39"},{"id":"1369","type":"ug","mid":"105","sid":"7","indate":"2020-03-19 21:50:55"},{"id":"2716","type":"ug","mid":"12","sid":"166","indate":"2020-05-01 10:49:57"},{"id":"2715","type":"ug","mid":"162","sid":"12","indate":"2020-05-01 00:34:38"},{"id":"2888","type":"gm","mid":"12","sid":"338","indate":"2020-05-02 01:36:17"},{"id":"2887","type":"gm","mid":"12","sid":"337","indate":"2020-05-02 01:36:17"},{"id":"2886","type":"gm","mid":"12","sid":"336","indate":"2020-05-02 01:36:17"},{"id":"2885","type":"gm","mid":"12","sid":"335","indate":"2020-05-02 01:36:17"},{"id":"2884","type":"gm","mid":"12","sid":"334","indate":"2020-05-02 01:36:17"},{"id":"2883","type":"gm","mid":"12","sid":"332","indate":"2020-05-02 01:36:17"},{"id":"2882","type":"gm","mid":"12","sid":"331","indate":"2020-05-02 01:36:17"},{"id":"2881","type":"gm","mid":"12","sid":"330","indate":"2020-05-02 01:36:17"},{"id":"2880","type":"gm","mid":"12","sid":"329","indate":"2020-05-02 01:36:17"},{"id":"2879","type":"gm","mid":"12","sid":"328","indate":"2020-05-02 01:36:17"},{"id":"2878","type":"gm","mid":"12","sid":"327","indate":"2020-05-02 01:36:17"},{"id":"2877","type":"gm","mid":"12","sid":"326","indate":"2020-05-02 01:36:17"},{"id":"2876","type":"gm","mid":"12","sid":"325","indate":"2020-05-02 01:36:17"},{"id":"2875","type":"gm","mid":"12","sid":"324","indate":"2020-05-02 01:36:17"},{"id":"2874","type":"gm","mid":"12","sid":"323","indate":"2020-05-02 01:36:17"},{"id":"2873","type":"gm","mid":"12","sid":"321","indate":"2020-05-02 01:36:17"},{"id":"2872","type":"gm","mid":"12","sid":"320","indate":"2020-05-02 01:36:17"},{"id":"2871","type":"gm","mid":"12","sid":"319","indate":"2020-05-02 01:36:17"},{"id":"2870","type":"gm","mid":"12","sid":"318","indate":"2020-05-02 01:36:17"},{"id":"2869","type":"gm","mid":"12","sid":"317","indate":"2020-05-02 01:36:17"},{"id":"2868","type":"gm","mid":"12","sid":"280","indate":"2020-05-02 01:36:17"},{"id":"2867","type":"gm","mid":"12","sid":"279","indate":"2020-05-02 01:36:17"},{"id":"2866","type":"gm","mid":"12","sid":"230","indate":"2020-05-02 01:36:17"},{"id":"2865","type":"gm","mid":"12","sid":"220","indate":"2020-05-02 01:36:17"},{"id":"2864","type":"gm","mid":"12","sid":"207","indate":"2020-05-02 01:36:17"},{"id":"2863","type":"gm","mid":"12","sid":"191","indate":"2020-05-02 01:36:17"},{"id":"2862","type":"gm","mid":"12","sid":"187","indate":"2020-05-02 01:36:17"},{"id":"2861","type":"gm","mid":"12","sid":"176","indate":"2020-05-02 01:36:17"},{"id":"58","type":"ug","mid":"79","sid":"12","indate":"2020-01-10 16:25:28"},{"id":"59","type":"ug","mid":"12","sid":"80","indate":"2020-01-10 16:56:34"},{"id":"3880","type":"ug","mid":"247","sid":"9","indate":"2020-05-28 15:59:07"},{"id":"116","type":"ug","mid":"12","sid":"81","indate":"2020-01-10 17:24:57"},{"id":"3879","type":"ug","mid":"246","sid":"12","indate":"2020-05-28 15:05:39"},{"id":"173","type":"ug","mid":"12","sid":"82","indate":"2020-01-10 17:29:12"},{"id":"3878","type":"ug","mid":"245","sid":"12","indate":"2020-05-28 14:46:04"},{"id":"230","type":"ug","mid":"12","sid":"83","indate":"2020-01-13 11:06:28"},{"id":"3877","type":"ug","mid":"244","sid":"12","indate":"2020-05-28 00:26:31"},{"id":"2962","type":"ug","mid":"12","sid":"183","indate":"2020-05-06 06:45:03"},{"id":"287","type":"ug","mid":"12","sid":"84","indate":"2020-01-13 20:33:08"},{"id":"3876","type":"ug","mid":"243","sid":"12","indate":"2020-05-27 09:24:44"},{"id":"2961","type":"ug","mid":"182","sid":"9","indate":"2020-05-04 20:35:58"},{"id":"344","type":"ug","mid":"85","sid":"8","indate":"2020-01-13 20:36:41"},{"id":"345","type":"ug","mid":"86","sid":"7","indate":"2020-01-13 20:37:15"},{"id":"750","type":"ug","mid":"12","sid":"98","indate":"2020-03-15 00:32:48"},{"id":"347","type":"ug","mid":"12","sid":"88","indate":"2020-01-13 21:49:38"},{"id":"4577","type":"ug","mid":"393","sid":"12","indate":"2020-07-31 10:22:09"},{"id":"4576","type":"gm","mid":"8","sid":"344","indate":"2020-07-31 09:58:33"},{"id":"4575","type":"gm","mid":"8","sid":"342","indate":"2020-07-31 09:58:33"},{"id":"4574","type":"gm","mid":"8","sid":"341","indate":"2020-07-31 09:58:33"},{"id":"3047","type":"ug","mid":"12","sid":"194","indate":"2020-05-08 08:39:26"},{"id":"2960","type":"ug","mid":"180","sid":"9","indate":"2020-05-04 20:34:33"},{"id":"404","type":"ug","mid":"12","sid":"89","indate":"2020-01-15 15:09:17"},{"id":"4573","type":"gm","mid":"8","sid":"339","indate":"2020-07-31 09:58:33"},{"id":"3010","type":"ug","mid":"190","sid":"9","indate":"2020-05-06 07:04:24"},{"id":"3011","type":"ug","mid":"191","sid":"9","indate":"2020-05-06 07:04:57"},{"id":"3012","type":"ug","mid":"192","sid":"9","indate":"2020-05-06 07:06:11"},{"id":"3013","type":"ug","mid":"193","sid":"9","indate":"2020-05-06 07:06:47"},{"id":"2959","type":"ug","mid":"179","sid":"9","indate":"2020-05-04 20:33:58"},{"id":"461","type":"ug","mid":"12","sid":"90","indate":"2020-01-15 17:49:24"},{"id":"4572","type":"gm","mid":"8","sid":"338","indate":"2020-07-31 09:58:33"},{"id":"3006","type":"ug","mid":"186","sid":"12","indate":"2020-05-06 07:01:21"},{"id":"3007","type":"ug","mid":"187","sid":"8","indate":"2020-05-06 07:02:28"},{"id":"3008","type":"ug","mid":"188","sid":"7","indate":"2020-05-06 07:03:07"},{"id":"3009","type":"ug","mid":"189","sid":"7","indate":"2020-05-06 07:03:41"},{"id":"2958","type":"ug","mid":"178","sid":"7","indate":"2020-05-04 20:33:26"},{"id":"518","type":"ug","mid":"12","sid":"91","indate":"2020-03-07 15:09:10"},{"id":"4571","type":"gm","mid":"8","sid":"337","indate":"2020-07-31 09:58:33"},{"id":"3004","type":"ug","mid":"184","sid":"12","indate":"2020-05-06 06:59:50"},{"id":"3005","type":"ug","mid":"185","sid":"12","indate":"2020-05-06 07:00:38"},{"id":"2956","type":"ug","mid":"177","sid":"7","indate":"2020-05-04 20:32:28"},{"id":"575","type":"ug","mid":"92","sid":"7","indate":"2020-03-07 15:23:11"},{"id":"577","type":"ug","mid":"12","sid":"94","indate":"2020-03-09 02:45:24"},{"id":"4570","type":"gm","mid":"8","sid":"336","indate":"2020-07-31 09:58:33"},{"id":"2955","type":"ug","mid":"176","sid":"7","indate":"2020-05-04 20:31:49"},{"id":"634","type":"ug","mid":"95","sid":"8","indate":"2020-03-09 04:16:35"},{"id":"635","type":"ug","mid":"12","sid":"96","indate":"2020-03-14 20:59:25"},{"id":"4569","type":"gm","mid":"8","sid":"335","indate":"2020-07-31 09:58:33"},{"id":"2954","type":"ug","mid":"175","sid":"8","indate":"2020-05-04 20:30:53"},{"id":"2676","type":"ug","mid":"164","sid":"12","indate":"2020-05-01 00:14:05"},{"id":"693","type":"ug","mid":"12","sid":"97","indate":"2020-03-14 21:36:21"},{"id":"4568","type":"gm","mid":"8","sid":"334","indate":"2020-07-31 09:58:33"},{"id":"2953","type":"ug","mid":"174","sid":"12","indate":"2020-05-04 20:30:13"},{"id":"4567","type":"gm","mid":"8","sid":"332","indate":"2020-07-31 09:58:33"},{"id":"2898","type":"ug","mid":"148","sid":"8","indate":"2020-05-02 22:14:07"},{"id":"2900","type":"ug","mid":"149","sid":"12","indate":"2020-05-02 22:14:17"},{"id":"2902","type":"ug","mid":"171","sid":"7","indate":"2020-05-04 10:28:26"},{"id":"2952","type":"ug","mid":"173","sid":"12","indate":"2020-05-04 20:30:02"},{"id":"3212","type":"gm","mid":"7","sid":"341","indate":"2020-05-09 20:20:31"},{"id":"3211","type":"gm","mid":"7","sid":"332","indate":"2020-05-09 20:20:31"},{"id":"3210","type":"gm","mid":"7","sid":"331","indate":"2020-05-09 20:20:31"},{"id":"3209","type":"gm","mid":"7","sid":"323","indate":"2020-05-09 20:20:31"},{"id":"3208","type":"gm","mid":"7","sid":"317","indate":"2020-05-09 20:20:31"},{"id":"3207","type":"gm","mid":"7","sid":"230","indate":"2020-05-09 20:20:31"},{"id":"3206","type":"gm","mid":"7","sid":"207","indate":"2020-05-09 20:20:31"},{"id":"3205","type":"gm","mid":"7","sid":"187","indate":"2020-05-09 20:20:31"},{"id":"3204","type":"gm","mid":"7","sid":"64","indate":"2020-05-09 20:20:31"},{"id":"992","type":"ug","mid":"12","sid":"100","indate":"2020-03-15 16:01:41"},{"id":"2899","type":"ug","mid":"149","sid":"8","indate":"2020-05-02 22:14:17"},{"id":"2860","type":"gm","mid":"12","sid":"175","indate":"2020-05-02 01:36:17"},{"id":"1104","type":"ug","mid":"12","sid":"101","indate":"2020-03-16 06:39:43"},{"id":"2901","type":"ug","mid":"150","sid":"8","indate":"2020-05-02 22:14:27"},{"id":"4566","type":"gm","mid":"8","sid":"331","indate":"2020-07-31 09:58:33"},{"id":"1161","type":"ug","mid":"12","sid":"103","indate":"2020-03-17 02:04:30"},{"id":"2893","type":"ug","mid":"152","sid":"8","indate":"2020-05-02 07:55:27"},{"id":"4565","type":"gm","mid":"8","sid":"330","indate":"2020-07-31 09:58:33"},{"id":"2892","type":"ug","mid":"151","sid":"8","indate":"2020-05-02 07:55:18"},{"id":"1470","type":"ug","mid":"12","sid":"112","indate":"2020-04-09 22:09:58"},{"id":"2891","type":"gm","mid":"12","sid":"342","indate":"2020-05-02 01:36:17"},{"id":"1520","type":"ug","mid":"12","sid":"117","indate":"2020-04-12 16:16:59"},{"id":"1570","type":"ug","mid":"12","sid":"118","indate":"2020-04-12 16:24:34"},{"id":"1620","type":"ug","mid":"12","sid":"119","indate":"2020-04-12 16:26:47"},{"id":"1670","type":"ug","mid":"12","sid":"120","indate":"2020-04-12 16:28:37"},{"id":"3674","type":"ug","mid":"224","sid":"12","indate":"2020-05-13 00:37:05"},{"id":"1720","type":"ug","mid":"12","sid":"121","indate":"2020-04-12 16:29:18"},{"id":"3632","type":"ug","mid":"223","sid":"12","indate":"2020-05-13 00:34:52"},{"id":"1770","type":"ug","mid":"12","sid":"122","indate":"2020-04-12 16:30:54"},{"id":"3716","type":"ug","mid":"225","sid":"12","indate":"2020-05-13 00:56:54"},{"id":"3589","type":"ug","mid":"221","sid":"12","indate":"2020-05-12 23:40:12"},{"id":"3547","type":"ug","mid":"12","sid":"221","indate":"2020-05-12 23:37:48"},{"id":"3546","type":"ug","mid":"218","sid":"12","indate":"2020-05-12 19:23:09"},{"id":"3544","type":"ug","mid":"220","sid":"8","indate":"2020-05-12 09:57:19"},{"id":"1820","type":"ug","mid":"12","sid":"123","indate":"2020-04-12 16:31:22"},{"id":"3502","type":"ug","mid":"12","sid":"219","indate":"2020-05-12 09:52:41"},{"id":"1870","type":"ug","mid":"12","sid":"124","indate":"2020-04-12 16:32:44"},{"id":"3460","type":"ug","mid":"12","sid":"218","indate":"2020-05-12 00:58:32"},{"id":"1920","type":"ug","mid":"12","sid":"125","indate":"2020-04-12 16:34:06"},{"id":"3418","type":"ug","mid":"12","sid":"217","indate":"2020-05-11 19:35:45"},{"id":"1970","type":"ug","mid":"12","sid":"126","indate":"2020-04-12 16:52:46"},{"id":"3376","type":"ug","mid":"12","sid":"216","indate":"2020-05-11 19:32:15"},{"id":"3375","type":"ug","mid":"215","sid":"8","indate":"2020-05-11 18:33:17"},{"id":"2020","type":"ug","mid":"12","sid":"127","indate":"2020-04-12 16:57:17"},{"id":"3331","type":"ug","mid":"12","sid":"214","indate":"2020-05-11 11:24:34"},{"id":"3329","type":"ug","mid":"213","sid":"9","indate":"2020-05-11 07:46:25"},{"id":"3328","type":"ug","mid":"208","sid":"12","indate":"2020-05-11 07:41:16"},{"id":"3326","type":"ug","mid":"212","sid":"16","indate":"2020-05-10 19:13:03"},{"id":"3325","type":"ug","mid":"211","sid":"9","indate":"2020-05-10 19:11:37"},{"id":"3324","type":"ug","mid":"210","sid":"9","indate":"2020-05-10 19:11:09"},{"id":"3330","type":"ug","mid":"209","sid":"7","indate":"2020-05-11 08:36:37"},{"id":"3327","type":"ug","mid":"208","sid":"8","indate":"2020-05-11 07:41:16"},{"id":"3321","type":"ug","mid":"207","sid":"12","indate":"2020-05-10 19:09:44"},{"id":"3320","type":"ug","mid":"206","sid":"12","indate":"2020-05-10 19:09:03"},{"id":"3319","type":"ug","mid":"205","sid":"12","indate":"2020-05-10 19:08:26"},{"id":"2070","type":"ug","mid":"12","sid":"128","indate":"2020-04-12 17:00:47"},{"id":"3277","type":"ug","mid":"12","sid":"204","indate":"2020-05-10 19:04:27"},{"id":"3276","type":"ug","mid":"203","sid":"9","indate":"2020-05-10 14:46:59"},{"id":"3275","type":"ug","mid":"202","sid":"12","indate":"2020-05-10 13:56:15"},{"id":"2120","type":"ug","mid":"12","sid":"129","indate":"2020-04-22 08:59:24"},{"id":"3219","type":"gm","mid":"9","sid":"331","indate":"2020-05-09 20:20:43"},{"id":"2889","type":"gm","mid":"12","sid":"339","indate":"2020-05-02 01:36:17"},{"id":"2890","type":"gm","mid":"12","sid":"341","indate":"2020-05-02 01:36:17"},{"id":"2170","type":"ug","mid":"12","sid":"130","indate":"2020-04-22 10:40:43"},{"id":"3218","type":"gm","mid":"9","sid":"323","indate":"2020-05-09 20:20:43"},{"id":"3217","type":"gm","mid":"9","sid":"318","indate":"2020-05-09 20:20:43"},{"id":"3216","type":"gm","mid":"9","sid":"230","indate":"2020-05-09 20:20:43"},{"id":"2220","type":"ug","mid":"12","sid":"131","indate":"2020-04-22 11:03:58"},{"id":"2844","type":"gm","mid":"10","sid":"332","indate":"2020-05-02 01:34:44"},{"id":"2845","type":"gm","mid":"10","sid":"341","indate":"2020-05-02 01:34:44"},{"id":"3215","type":"gm","mid":"9","sid":"187","indate":"2020-05-09 20:20:43"},{"id":"2270","type":"ug","mid":"12","sid":"132","indate":"2020-04-23 10:07:37"},{"id":"2841","type":"gm","mid":"10","sid":"318","indate":"2020-05-02 01:34:44"},{"id":"2842","type":"gm","mid":"10","sid":"326","indate":"2020-05-02 01:34:44"},{"id":"2843","type":"gm","mid":"10","sid":"331","indate":"2020-05-02 01:34:44"},{"id":"2320","type":"ug","mid":"12","sid":"133","indate":"2020-04-23 10:11:35"},{"id":"4564","type":"gm","mid":"8","sid":"329","indate":"2020-07-31 09:58:33"},{"id":"4563","type":"gm","mid":"8","sid":"328","indate":"2020-07-31 09:58:33"},{"id":"2840","type":"gm","mid":"10","sid":"187","indate":"2020-05-02 01:34:44"},{"id":"2370","type":"ug","mid":"12","sid":"134","indate":"2020-04-23 10:17:12"},{"id":"4562","type":"gm","mid":"8","sid":"327","indate":"2020-07-31 09:58:33"},{"id":"4561","type":"gm","mid":"8","sid":"326","indate":"2020-07-31 09:58:33"},{"id":"4560","type":"gm","mid":"8","sid":"325","indate":"2020-07-31 09:58:33"},{"id":"2487","type":"um","mid":"140","sid":"64","indate":"2020-04-26 22:20:41"},{"id":"2486","type":"um","mid":"140","sid":"38","indate":"2020-04-26 22:20:41"},{"id":"2485","type":"um","mid":"135","sid":"332","indate":"2020-04-26 22:19:30"},{"id":"2484","type":"um","mid":"135","sid":"331","indate":"2020-04-26 22:19:30"},{"id":"2483","type":"um","mid":"135","sid":"207","indate":"2020-04-26 22:19:30"},{"id":"2482","type":"um","mid":"135","sid":"175","indate":"2020-04-26 22:19:30"},{"id":"2481","type":"um","mid":"135","sid":"64","indate":"2020-04-26 22:19:30"},{"id":"2480","type":"um","mid":"135","sid":"63","indate":"2020-04-26 22:19:30"},{"id":"2479","type":"um","mid":"135","sid":"38","indate":"2020-04-26 22:19:30"},{"id":"2429","type":"ug","mid":"12","sid":"136","indate":"2020-04-26 15:26:18"},{"id":"3233","type":"ug","mid":"12","sid":"202","indate":"2020-05-09 20:22:17"},{"id":"3232","type":"gm","mid":"16","sid":"341","indate":"2020-05-09 20:21:04"},{"id":"3231","type":"gm","mid":"16","sid":"332","indate":"2020-05-09 20:21:04"},{"id":"3230","type":"gm","mid":"16","sid":"331","indate":"2020-05-09 20:21:04"},{"id":"3229","type":"gm","mid":"16","sid":"323","indate":"2020-05-09 20:21:04"},{"id":"3228","type":"gm","mid":"16","sid":"317","indate":"2020-05-09 20:21:04"},{"id":"3227","type":"gm","mid":"16","sid":"230","indate":"2020-05-09 20:21:04"},{"id":"3226","type":"gm","mid":"16","sid":"207","indate":"2020-05-09 20:21:04"},{"id":"3225","type":"gm","mid":"16","sid":"187","indate":"2020-05-09 20:21:04"},{"id":"3221","type":"gm","mid":"9","sid":"341","indate":"2020-05-09 20:20:43"},{"id":"3220","type":"gm","mid":"9","sid":"332","indate":"2020-05-09 20:20:43"},{"id":"3224","type":"gm","mid":"16","sid":"64","indate":"2020-05-09 20:21:04"},{"id":"3223","type":"gm","mid":"16","sid":"63","indate":"2020-05-09 20:21:04"},{"id":"3222","type":"gm","mid":"16","sid":"38","indate":"2020-05-09 20:21:04"},{"id":"4559","type":"gm","mid":"8","sid":"324","indate":"2020-07-31 09:58:33"},{"id":"4558","type":"gm","mid":"8","sid":"323","indate":"2020-07-31 09:58:33"},{"id":"4557","type":"gm","mid":"8","sid":"321","indate":"2020-07-31 09:58:33"},{"id":"4556","type":"gm","mid":"8","sid":"320","indate":"2020-07-31 09:58:33"},{"id":"4555","type":"gm","mid":"8","sid":"319","indate":"2020-07-31 09:58:33"},{"id":"4554","type":"gm","mid":"8","sid":"318","indate":"2020-07-31 09:58:33"},{"id":"4553","type":"gm","mid":"8","sid":"317","indate":"2020-07-31 09:58:33"},{"id":"3203","type":"gm","mid":"7","sid":"63","indate":"2020-05-09 20:20:31"},{"id":"3202","type":"gm","mid":"7","sid":"38","indate":"2020-05-09 20:20:31"},{"id":"3214","type":"gm","mid":"9","sid":"64","indate":"2020-05-09 20:20:43"},{"id":"3213","type":"gm","mid":"9","sid":"63","indate":"2020-05-09 20:20:43"},{"id":"3094","type":"ug","mid":"200","sid":"9","indate":"2020-05-08 08:51:54"},{"id":"3093","type":"ug","mid":"198","sid":"7","indate":"2020-05-08 08:51:23"},{"id":"3092","type":"ug","mid":"199","sid":"9","indate":"2020-05-08 08:51:15"},{"id":"3091","type":"ug","mid":"197","sid":"8","indate":"2020-05-08 08:50:20"},{"id":"3090","type":"ug","mid":"196","sid":"12","indate":"2020-05-08 08:49:43"},{"id":"3089","type":"ug","mid":"195","sid":"12","indate":"2020-05-08 08:49:15"},{"id":"2488","type":"um","mid":"140","sid":"175","indate":"2020-04-26 22:20:41"},{"id":"2489","type":"um","mid":"140","sid":"187","indate":"2020-04-26 22:20:41"},{"id":"2490","type":"um","mid":"140","sid":"207","indate":"2020-04-26 22:20:41"},{"id":"2491","type":"um","mid":"140","sid":"317","indate":"2020-04-26 22:20:41"},{"id":"2492","type":"ug","mid":"12","sid":"143","indate":"2020-04-29 00:17:58"},{"id":"4552","type":"gm","mid":"8","sid":"230","indate":"2020-07-31 09:58:33"},{"id":"4551","type":"gm","mid":"8","sid":"220","indate":"2020-07-31 09:58:33"},{"id":"4550","type":"gm","mid":"8","sid":"207","indate":"2020-07-31 09:58:33"},{"id":"2859","type":"gm","mid":"12","sid":"126","indate":"2020-05-02 01:36:17"},{"id":"2858","type":"gm","mid":"12","sid":"107","indate":"2020-05-02 01:36:17"},{"id":"2857","type":"gm","mid":"12","sid":"106","indate":"2020-05-02 01:36:17"},{"id":"2856","type":"gm","mid":"12","sid":"64","indate":"2020-05-02 01:36:17"},{"id":"2855","type":"gm","mid":"12","sid":"63","indate":"2020-05-02 01:36:17"},{"id":"2854","type":"gm","mid":"12","sid":"38","indate":"2020-05-02 01:36:17"},{"id":"2853","type":"gm","mid":"12","sid":"6","indate":"2020-05-02 01:36:17"},{"id":"2852","type":"gm","mid":"12","sid":"3","indate":"2020-05-02 01:36:17"},{"id":"2851","type":"gm","mid":"12","sid":"1","indate":"2020-05-02 01:36:17"},{"id":"2587","type":"ug","mid":"12","sid":"146","indate":"2020-04-29 06:38:53"},{"id":"4549","type":"gm","mid":"8","sid":"191","indate":"2020-07-31 09:58:33"},{"id":"4548","type":"gm","mid":"8","sid":"187","indate":"2020-07-31 09:58:33"},{"id":"4547","type":"gm","mid":"8","sid":"107","indate":"2020-07-31 09:58:33"},{"id":"4546","type":"gm","mid":"8","sid":"106","indate":"2020-07-31 09:58:33"},{"id":"2631","type":"ug","mid":"12","sid":"147","indate":"2020-04-29 06:41:52"},{"id":"2762","type":"ug","mid":"166","sid":"12","indate":"2020-05-02 01:17:39"},{"id":"4545","type":"gm","mid":"8","sid":"64","indate":"2020-07-31 09:58:33"},{"id":"4544","type":"gm","mid":"8","sid":"63","indate":"2020-07-31 09:58:33"},{"id":"4543","type":"gm","mid":"8","sid":"38","indate":"2020-07-31 09:58:33"},{"id":"2907","type":"ug","mid":"12","sid":"172","indate":"2020-05-04 19:58:29"},{"id":"3759","type":"ug","mid":"227","sid":"12","indate":"2020-05-19 12:18:08"},{"id":"3758","type":"mu","mid":"1","sid":"226","indate":"2020-05-14 18:31:10"},{"id":"3757","type":"mu","mid":"3","sid":"226","indate":"2020-05-14 18:31:10"},{"id":"3756","type":"mu","mid":"6","sid":"226","indate":"2020-05-14 18:31:10"},{"id":"3755","type":"mu","mid":"38","sid":"226","indate":"2020-05-14 18:31:10"},{"id":"3754","type":"mu","mid":"63","sid":"226","indate":"2020-05-14 18:31:10"},{"id":"3753","type":"mu","mid":"64","sid":"226","indate":"2020-05-14 18:31:10"},{"id":"3752","type":"mu","mid":"106","sid":"226","indate":"2020-05-14 18:31:10"},{"id":"3751","type":"mu","mid":"107","sid":"226","indate":"2020-05-14 18:31:10"},{"id":"2675","type":"um","mid":"144","sid":"338","indate":"2020-04-30 00:23:50"},{"id":"3750","type":"mu","mid":"126","sid":"226","indate":"2020-05-14 18:31:10"},{"id":"3749","type":"mu","mid":"341","sid":"226","indate":"2020-05-14 18:31:10"},{"id":"3748","type":"mu","mid":"339","sid":"226","indate":"2020-05-14 18:31:10"},{"id":"3747","type":"mu","mid":"342","sid":"226","indate":"2020-05-14 18:31:10"},{"id":"3746","type":"mu","mid":"175","sid":"226","indate":"2020-05-14 18:31:10"},{"id":"3745","type":"mu","mid":"176","sid":"226","indate":"2020-05-14 18:31:10"},{"id":"3744","type":"mu","mid":"187","sid":"226","indate":"2020-05-14 18:31:10"},{"id":"3743","type":"mu","mid":"191","sid":"226","indate":"2020-05-14 18:31:10"},{"id":"3742","type":"mu","mid":"207","sid":"226","indate":"2020-05-14 18:31:10"},{"id":"3741","type":"mu","mid":"220","sid":"226","indate":"2020-05-14 18:31:10"},{"id":"3740","type":"mu","mid":"230","sid":"226","indate":"2020-05-14 18:31:10"},{"id":"3739","type":"mu","mid":"279","sid":"226","indate":"2020-05-14 18:31:10"},{"id":"3738","type":"mu","mid":"280","sid":"226","indate":"2020-05-14 18:31:10"},{"id":"3737","type":"mu","mid":"317","sid":"226","indate":"2020-05-14 18:31:10"},{"id":"3736","type":"mu","mid":"318","sid":"226","indate":"2020-05-14 18:31:10"},{"id":"3735","type":"mu","mid":"319","sid":"226","indate":"2020-05-14 18:31:10"},{"id":"3734","type":"mu","mid":"320","sid":"226","indate":"2020-05-14 18:31:10"},{"id":"3733","type":"mu","mid":"321","sid":"226","indate":"2020-05-14 18:31:10"},{"id":"3732","type":"mu","mid":"323","sid":"226","indate":"2020-05-14 18:31:10"},{"id":"2906","type":"ug","mid":"147","sid":"12","indate":"2020-05-04 19:39:35"},{"id":"3731","type":"mu","mid":"324","sid":"226","indate":"2020-05-14 18:31:10"},{"id":"3730","type":"mu","mid":"325","sid":"226","indate":"2020-05-14 18:31:10"},{"id":"3729","type":"mu","mid":"326","sid":"226","indate":"2020-05-14 18:31:10"},{"id":"3728","type":"mu","mid":"327","sid":"226","indate":"2020-05-14 18:31:10"},{"id":"3727","type":"mu","mid":"328","sid":"226","indate":"2020-05-14 18:31:10"},{"id":"3726","type":"mu","mid":"329","sid":"226","indate":"2020-05-14 18:31:10"},{"id":"3725","type":"mu","mid":"330","sid":"226","indate":"2020-05-14 18:31:10"},{"id":"3724","type":"mu","mid":"331","sid":"226","indate":"2020-05-14 18:31:10"},{"id":"3723","type":"mu","mid":"332","sid":"226","indate":"2020-05-14 18:31:10"},{"id":"3722","type":"mu","mid":"334","sid":"226","indate":"2020-05-14 18:31:10"},{"id":"3721","type":"mu","mid":"335","sid":"226","indate":"2020-05-14 18:31:10"},{"id":"3720","type":"mu","mid":"336","sid":"226","indate":"2020-05-14 18:31:10"},{"id":"3719","type":"mu","mid":"337","sid":"226","indate":"2020-05-14 18:31:10"},{"id":"3718","type":"mu","mid":"338","sid":"226","indate":"2020-05-14 18:31:10"},{"id":"3717","type":"ug","mid":"12","sid":"226","indate":"2020-05-14 18:31:10"},{"id":"2755","type":"ug","mid":"167","sid":"8","indate":"2020-05-01 10:55:58"},{"id":"2761","type":"ug","mid":"168","sid":"7","indate":"2020-05-01 11:14:24"},{"id":"2759","type":"ug","mid":"169","sid":"7","indate":"2020-05-01 10:59:53"},{"id":"2760","type":"ug","mid":"170","sid":"9","indate":"2020-05-01 11:00:00"},{"id":"3760","type":"ug","mid":"228","sid":"12","indate":"2020-05-21 23:08:59"},{"id":"3761","type":"ug","mid":"229","sid":"12","indate":"2020-05-22 05:39:01"},{"id":"3762","type":"ug","mid":"230","sid":"12","indate":"2020-05-22 14:54:00"},{"id":"3763","type":"ug","mid":"231","sid":"12","indate":"2020-05-22 15:01:47"},{"id":"3764","type":"ug","mid":"232","sid":"12","indate":"2020-05-26 05:30:32"},{"id":"3765","type":"ug","mid":"233","sid":"12","indate":"2020-05-26 05:39:13"},{"id":"3766","type":"ug","mid":"234","sid":"12","indate":"2020-05-26 05:39:55"},{"id":"3767","type":"ug","mid":"235","sid":"8","indate":"2020-05-26 05:40:27"},{"id":"3768","type":"ug","mid":"236","sid":"16","indate":"2020-05-26 05:41:00"},{"id":"3771","type":"ug","mid":"237","sid":"7","indate":"2020-05-26 05:42:42"},{"id":"3770","type":"ug","mid":"238","sid":"7","indate":"2020-05-26 05:42:29"},{"id":"3875","type":"ug","mid":"239","sid":"9","indate":"2020-05-26 21:14:51"},{"id":"3938","type":"ug","mid":"240","sid":"9","indate":"2020-06-01 21:25:12"},{"id":"3937","type":"ug","mid":"241","sid":"9","indate":"2020-06-01 21:24:52"},{"id":"3776","type":"ug","mid":"242","sid":"12","indate":"2020-05-26 09:50:20"},{"id":"3777","type":"um","mid":"235","sid":"38","indate":"2020-05-26 20:53:57"},{"id":"3778","type":"um","mid":"235","sid":"63","indate":"2020-05-26 20:53:57"},{"id":"3779","type":"um","mid":"235","sid":"64","indate":"2020-05-26 20:53:57"},{"id":"3780","type":"um","mid":"235","sid":"106","indate":"2020-05-26 20:53:57"},{"id":"3781","type":"um","mid":"235","sid":"107","indate":"2020-05-26 20:53:57"},{"id":"3782","type":"um","mid":"235","sid":"187","indate":"2020-05-26 20:53:57"},{"id":"3783","type":"um","mid":"235","sid":"191","indate":"2020-05-26 20:53:57"},{"id":"3784","type":"um","mid":"235","sid":"207","indate":"2020-05-26 20:53:57"},{"id":"3785","type":"um","mid":"235","sid":"230","indate":"2020-05-26 20:53:57"},{"id":"3786","type":"um","mid":"235","sid":"317","indate":"2020-05-26 20:53:57"},{"id":"3787","type":"um","mid":"235","sid":"318","indate":"2020-05-26 20:53:57"},{"id":"3788","type":"um","mid":"235","sid":"319","indate":"2020-05-26 20:53:57"},{"id":"3789","type":"um","mid":"235","sid":"320","indate":"2020-05-26 20:53:57"},{"id":"3790","type":"um","mid":"235","sid":"321","indate":"2020-05-26 20:53:57"},{"id":"3791","type":"um","mid":"235","sid":"323","indate":"2020-05-26 20:53:57"},{"id":"3792","type":"um","mid":"235","sid":"324","indate":"2020-05-26 20:53:57"},{"id":"3793","type":"um","mid":"235","sid":"325","indate":"2020-05-26 20:53:57"},{"id":"3794","type":"um","mid":"235","sid":"326","indate":"2020-05-26 20:53:57"},{"id":"3795","type":"um","mid":"235","sid":"327","indate":"2020-05-26 20:53:57"},{"id":"3796","type":"um","mid":"235","sid":"328","indate":"2020-05-26 20:53:57"},{"id":"3797","type":"um","mid":"235","sid":"329","indate":"2020-05-26 20:53:57"},{"id":"3798","type":"um","mid":"235","sid":"330","indate":"2020-05-26 20:53:57"},{"id":"3799","type":"um","mid":"235","sid":"331","indate":"2020-05-26 20:53:57"},{"id":"3800","type":"um","mid":"235","sid":"332","indate":"2020-05-26 20:53:57"},{"id":"3801","type":"um","mid":"235","sid":"334","indate":"2020-05-26 20:53:57"},{"id":"3802","type":"um","mid":"235","sid":"335","indate":"2020-05-26 20:53:57"},{"id":"3803","type":"um","mid":"235","sid":"336","indate":"2020-05-26 20:53:57"},{"id":"3804","type":"um","mid":"235","sid":"337","indate":"2020-05-26 20:53:57"},{"id":"3805","type":"um","mid":"235","sid":"338","indate":"2020-05-26 20:53:57"},{"id":"3806","type":"um","mid":"235","sid":"339","indate":"2020-05-26 20:53:57"},{"id":"3807","type":"um","mid":"235","sid":"341","indate":"2020-05-26 20:53:57"},{"id":"3808","type":"um","mid":"235","sid":"344","indate":"2020-05-26 20:53:57"},{"id":"3881","type":"ug","mid":"248","sid":"8","indate":"2020-05-28 16:08:31"},{"id":"3882","type":"ug","mid":"249","sid":"12","indate":"2020-05-31 15:05:01"},{"id":"3883","type":"ug","mid":"250","sid":"8","indate":"2020-05-31 15:37:01"},{"id":"3885","type":"ug","mid":"251","sid":"7","indate":"2020-05-31 16:21:16"},{"id":"4542","type":"gm","mid":"8","sid":"1","indate":"2020-07-31 09:58:33"},{"id":"3927","type":"ug","mid":"252","sid":"9","indate":"2020-06-01 16:31:34"},{"id":"3926","type":"ug","mid":"252","sid":"8","indate":"2020-06-01 16:31:34"},{"id":"3925","type":"ug","mid":"252","sid":"7","indate":"2020-06-01 16:31:34"},{"id":"3928","type":"ug","mid":"252","sid":"12","indate":"2020-06-01 16:31:34"},{"id":"3929","type":"ug","mid":"252","sid":"16","indate":"2020-06-01 16:31:34"},{"id":"3930","type":"ug","mid":"252","sid":"17","indate":"2020-06-01 16:31:34"},{"id":"3931","type":"ug","mid":"253","sid":"7","indate":"2020-06-01 16:47:45"},{"id":"3932","type":"ug","mid":"253","sid":"8","indate":"2020-06-01 16:47:45"},{"id":"3933","type":"ug","mid":"253","sid":"9","indate":"2020-06-01 16:47:45"},{"id":"3934","type":"ug","mid":"253","sid":"12","indate":"2020-06-01 16:47:45"},{"id":"3935","type":"ug","mid":"253","sid":"16","indate":"2020-06-01 16:47:45"},{"id":"3936","type":"ug","mid":"253","sid":"17","indate":"2020-06-01 16:47:45"},{"id":"3939","type":"ug","mid":"254","sid":"7","indate":"2020-06-04 09:58:10"},{"id":"3940","type":"ug","mid":"254","sid":"8","indate":"2020-06-04 09:58:10"},{"id":"3941","type":"ug","mid":"254","sid":"9","indate":"2020-06-04 09:58:10"},{"id":"3942","type":"ug","mid":"254","sid":"12","indate":"2020-06-04 09:58:10"},{"id":"3943","type":"ug","mid":"254","sid":"16","indate":"2020-06-04 09:58:10"},{"id":"3944","type":"ug","mid":"254","sid":"17","indate":"2020-06-04 09:58:10"},{"id":"3945","type":"ug","mid":"255","sid":"7","indate":"2020-06-04 10:12:29"},{"id":"3947","type":"ug","mid":"256","sid":"7","indate":"2020-06-04 14:14:02"},{"id":"3948","type":"ug","mid":"256","sid":"8","indate":"2020-06-04 14:14:02"},{"id":"3949","type":"ug","mid":"256","sid":"9","indate":"2020-06-04 14:14:02"},{"id":"3950","type":"ug","mid":"256","sid":"12","indate":"2020-06-04 14:14:02"},{"id":"3951","type":"ug","mid":"256","sid":"16","indate":"2020-06-04 14:14:02"},{"id":"3952","type":"ug","mid":"256","sid":"17","indate":"2020-06-04 14:14:02"},{"id":"3953","type":"ug","mid":"257","sid":"12","indate":"2020-06-05 09:45:40"},{"id":"3954","type":"ug","mid":"258","sid":"12","indate":"2020-06-05 09:53:57"},{"id":"3955","type":"ug","mid":"259","sid":"12","indate":"2020-06-05 10:17:23"},{"id":"3956","type":"ug","mid":"260","sid":"12","indate":"2020-06-05 10:24:38"},{"id":"3977","type":"ug","mid":"261","sid":"9","indate":"2020-06-11 17:35:27"},{"id":"3971","type":"ug","mid":"262","sid":"8","indate":"2020-06-11 17:20:17"},{"id":"3959","type":"ug","mid":"263","sid":"12","indate":"2020-06-05 17:20:04"},{"id":"3960","type":"ug","mid":"264","sid":"12","indate":"2020-06-06 09:11:51"},{"id":"3961","type":"ug","mid":"265","sid":"12","indate":"2020-06-09 10:40:29"},{"id":"3962","type":"ug","mid":"266","sid":"12","indate":"2020-06-09 11:39:54"},{"id":"3963","type":"ug","mid":"267","sid":"12","indate":"2020-06-11 10:31:06"},{"id":"3964","type":"ug","mid":"268","sid":"12","indate":"2020-06-11 10:33:29"},{"id":"3965","type":"ug","mid":"269","sid":"7","indate":"2020-06-11 17:18:25"},{"id":"3966","type":"ug","mid":"269","sid":"8","indate":"2020-06-11 17:18:25"},{"id":"3967","type":"ug","mid":"269","sid":"9","indate":"2020-06-11 17:18:25"},{"id":"3968","type":"ug","mid":"269","sid":"12","indate":"2020-06-11 17:18:25"},{"id":"3969","type":"ug","mid":"269","sid":"16","indate":"2020-06-11 17:18:25"},{"id":"3970","type":"ug","mid":"269","sid":"17","indate":"2020-06-11 17:18:25"},{"id":"3972","type":"ug","mid":"270","sid":"16","indate":"2020-06-11 17:25:47"},{"id":"3973","type":"ug","mid":"271","sid":"12","indate":"2020-06-11 17:27:07"},{"id":"3974","type":"ug","mid":"271","sid":"17","indate":"2020-06-11 17:27:07"},{"id":"3975","type":"ug","mid":"272","sid":"17","indate":"2020-06-11 17:28:26"},{"id":"3976","type":"ug","mid":"273","sid":"16","indate":"2020-06-11 17:29:19"},{"id":"3978","type":"ug","mid":"274","sid":"12","indate":"2020-06-12 10:42:05"},{"id":"3979","type":"ug","mid":"275","sid":"12","indate":"2020-06-16 14:38:43"},{"id":"3980","type":"ug","mid":"276","sid":"12","indate":"2020-06-16 14:42:19"},{"id":"3981","type":"ug","mid":"277","sid":"17","indate":"2020-06-16 14:43:59"},{"id":"3982","type":"ug","mid":"278","sid":"12","indate":"2020-06-17 09:15:59"},{"id":"3983","type":"ug","mid":"279","sid":"12","indate":"2020-06-17 11:53:27"},{"id":"3984","type":"ug","mid":"280","sid":"12","indate":"2020-06-17 17:31:27"},{"id":"3985","type":"ug","mid":"281","sid":"9","indate":"2020-06-17 17:37:17"},{"id":"3986","type":"ug","mid":"282","sid":"9","indate":"2020-06-19 14:36:35"},{"id":"3987","type":"ug","mid":"283","sid":"12","indate":"2020-06-19 15:41:37"},{"id":"3988","type":"ug","mid":"284","sid":"9","indate":"2020-06-19 15:45:46"},{"id":"3989","type":"ug","mid":"285","sid":"12","indate":"2020-06-19 18:00:59"},{"id":"3990","type":"ug","mid":"286","sid":"12","indate":"2020-06-22 09:12:36"},{"id":"3991","type":"ug","mid":"287","sid":"12","indate":"2020-06-23 10:04:59"},{"id":"3992","type":"ug","mid":"288","sid":"12","indate":"2020-06-23 11:21:09"},{"id":"3995","type":"ug","mid":"289","sid":"8","indate":"2020-06-23 11:45:13"},{"id":"3994","type":"ug","mid":"290","sid":"8","indate":"2020-06-23 11:29:31"},{"id":"3996","type":"ug","mid":"291","sid":"12","indate":"2020-06-23 13:15:59"},{"id":"3997","type":"ug","mid":"292","sid":"9","indate":"2020-06-24 11:01:54"},{"id":"3998","type":"ug","mid":"293","sid":"9","indate":"2020-06-24 11:03:02"},{"id":"3999","type":"ug","mid":"294","sid":"9","indate":"2020-06-24 11:03:59"},{"id":"4000","type":"ug","mid":"295","sid":"9","indate":"2020-06-24 11:06:16"},{"id":"4001","type":"ug","mid":"296","sid":"9","indate":"2020-06-24 11:07:52"},{"id":"4002","type":"ug","mid":"297","sid":"9","indate":"2020-06-24 11:10:27"},{"id":"4003","type":"ug","mid":"298","sid":"12","indate":"2020-06-24 14:39:03"},{"id":"4004","type":"ug","mid":"299","sid":"12","indate":"2020-06-24 14:40:35"},{"id":"4005","type":"ug","mid":"300","sid":"12","indate":"2020-06-24 14:44:58"},{"id":"4006","type":"ug","mid":"301","sid":"12","indate":"2020-06-24 14:47:38"},{"id":"4007","type":"ug","mid":"302","sid":"8","indate":"2020-06-24 14:50:52"},{"id":"4008","type":"ug","mid":"303","sid":"8","indate":"2020-06-24 14:52:19"},{"id":"4009","type":"ug","mid":"304","sid":"8","indate":"2020-06-24 14:52:57"},{"id":"4010","type":"ug","mid":"305","sid":"16","indate":"2020-06-24 14:53:41"},{"id":"4011","type":"ug","mid":"306","sid":"12","indate":"2020-06-24 14:54:50"},{"id":"4012","type":"ug","mid":"307","sid":"9","indate":"2020-06-24 14:55:26"},{"id":"4013","type":"ug","mid":"308","sid":"8","indate":"2020-06-24 14:56:16"},{"id":"4014","type":"ug","mid":"309","sid":"9","indate":"2020-06-24 14:56:33"},{"id":"4316","type":"ug","mid":"310","sid":"8","indate":"2020-06-24 15:09:50"},{"id":"4016","type":"ug","mid":"311","sid":"8","indate":"2020-06-24 14:57:25"},{"id":"4017","type":"ug","mid":"312","sid":"9","indate":"2020-06-24 14:57:52"},{"id":"4018","type":"ug","mid":"313","sid":"7","indate":"2020-06-24 14:58:50"},{"id":"4019","type":"ug","mid":"314","sid":"9","indate":"2020-06-24 14:59:06"},{"id":"4020","type":"ug","mid":"315","sid":"9","indate":"2020-06-24 15:00:01"},{"id":"4021","type":"ug","mid":"316","sid":"9","indate":"2020-06-24 15:00:13"},{"id":"4022","type":"ug","mid":"317","sid":"9","indate":"2020-06-24 15:00:48"},{"id":"4023","type":"ug","mid":"318","sid":"8","indate":"2020-06-24 15:01:51"},{"id":"4024","type":"ug","mid":"319","sid":"8","indate":"2020-06-24 15:02:29"},{"id":"4025","type":"um","mid":"319","sid":"1","indate":"2020-06-24 15:05:50"},{"id":"4026","type":"um","mid":"319","sid":"3","indate":"2020-06-24 15:05:50"},{"id":"4027","type":"um","mid":"319","sid":"5","indate":"2020-06-24 15:05:50"},{"id":"4028","type":"um","mid":"319","sid":"6","indate":"2020-06-24 15:05:50"},{"id":"4029","type":"um","mid":"319","sid":"7","indate":"2020-06-24 15:05:50"},{"id":"4030","type":"um","mid":"319","sid":"8","indate":"2020-06-24 15:05:50"},{"id":"4031","type":"um","mid":"319","sid":"9","indate":"2020-06-24 15:05:50"},{"id":"4032","type":"um","mid":"319","sid":"10","indate":"2020-06-24 15:05:50"},{"id":"4033","type":"um","mid":"319","sid":"11","indate":"2020-06-24 15:05:50"},{"id":"4034","type":"um","mid":"319","sid":"12","indate":"2020-06-24 15:05:50"},{"id":"4035","type":"um","mid":"319","sid":"13","indate":"2020-06-24 15:05:50"},{"id":"4036","type":"um","mid":"319","sid":"21","indate":"2020-06-24 15:05:50"},{"id":"4037","type":"um","mid":"319","sid":"22","indate":"2020-06-24 15:05:50"},{"id":"4038","type":"um","mid":"319","sid":"24","indate":"2020-06-24 15:05:50"},{"id":"4039","type":"um","mid":"319","sid":"26","indate":"2020-06-24 15:05:50"},{"id":"4040","type":"um","mid":"319","sid":"29","indate":"2020-06-24 15:05:50"},{"id":"4041","type":"um","mid":"319","sid":"34","indate":"2020-06-24 15:05:50"},{"id":"4042","type":"um","mid":"319","sid":"35","indate":"2020-06-24 15:05:50"},{"id":"4043","type":"um","mid":"319","sid":"38","indate":"2020-06-24 15:05:50"},{"id":"4044","type":"um","mid":"319","sid":"46","indate":"2020-06-24 15:05:50"},{"id":"4045","type":"um","mid":"319","sid":"63","indate":"2020-06-24 15:05:50"},{"id":"4046","type":"um","mid":"319","sid":"64","indate":"2020-06-24 15:05:50"},{"id":"4047","type":"um","mid":"319","sid":"91","indate":"2020-06-24 15:05:50"},{"id":"4048","type":"um","mid":"319","sid":"106","indate":"2020-06-24 15:05:50"},{"id":"4049","type":"um","mid":"319","sid":"107","indate":"2020-06-24 15:05:50"},{"id":"4050","type":"um","mid":"319","sid":"161","indate":"2020-06-24 15:05:50"},{"id":"4051","type":"um","mid":"319","sid":"185","indate":"2020-06-24 15:05:50"},{"id":"4052","type":"um","mid":"319","sid":"187","indate":"2020-06-24 15:05:50"},{"id":"4053","type":"um","mid":"319","sid":"191","indate":"2020-06-24 15:05:50"},{"id":"4054","type":"um","mid":"319","sid":"203","indate":"2020-06-24 15:05:50"},{"id":"4055","type":"um","mid":"319","sid":"207","indate":"2020-06-24 15:05:50"},{"id":"4056","type":"um","mid":"319","sid":"213","indate":"2020-06-24 15:05:50"},{"id":"4057","type":"um","mid":"319","sid":"220","indate":"2020-06-24 15:05:50"},{"id":"4058","type":"um","mid":"319","sid":"230","indate":"2020-06-24 15:05:50"},{"id":"4059","type":"um","mid":"319","sid":"317","indate":"2020-06-24 15:05:50"},{"id":"4060","type":"um","mid":"319","sid":"318","indate":"2020-06-24 15:05:50"},{"id":"4061","type":"um","mid":"319","sid":"319","indate":"2020-06-24 15:05:50"},{"id":"4062","type":"um","mid":"319","sid":"320","indate":"2020-06-24 15:05:50"},{"id":"4063","type":"um","mid":"319","sid":"321","indate":"2020-06-24 15:05:50"},{"id":"4064","type":"um","mid":"319","sid":"323","indate":"2020-06-24 15:05:50"},{"id":"4065","type":"um","mid":"319","sid":"324","indate":"2020-06-24 15:05:50"},{"id":"4066","type":"um","mid":"319","sid":"325","indate":"2020-06-24 15:05:50"},{"id":"4067","type":"um","mid":"319","sid":"326","indate":"2020-06-24 15:05:50"},{"id":"4068","type":"um","mid":"319","sid":"327","indate":"2020-06-24 15:05:50"},{"id":"4069","type":"um","mid":"319","sid":"328","indate":"2020-06-24 15:05:50"},{"id":"4070","type":"um","mid":"319","sid":"329","indate":"2020-06-24 15:05:50"},{"id":"4071","type":"um","mid":"319","sid":"330","indate":"2020-06-24 15:05:50"},{"id":"4072","type":"um","mid":"319","sid":"331","indate":"2020-06-24 15:05:50"},{"id":"4073","type":"um","mid":"319","sid":"332","indate":"2020-06-24 15:05:50"},{"id":"4074","type":"um","mid":"319","sid":"334","indate":"2020-06-24 15:05:50"},{"id":"4075","type":"um","mid":"319","sid":"335","indate":"2020-06-24 15:05:50"},{"id":"4076","type":"um","mid":"319","sid":"336","indate":"2020-06-24 15:05:50"},{"id":"4077","type":"um","mid":"319","sid":"337","indate":"2020-06-24 15:05:50"},{"id":"4078","type":"um","mid":"319","sid":"338","indate":"2020-06-24 15:05:50"},{"id":"4079","type":"um","mid":"319","sid":"339","indate":"2020-06-24 15:05:50"},{"id":"4080","type":"um","mid":"319","sid":"341","indate":"2020-06-24 15:05:50"},{"id":"4081","type":"um","mid":"319","sid":"342","indate":"2020-06-24 15:05:50"},{"id":"4082","type":"um","mid":"319","sid":"344","indate":"2020-06-24 15:05:50"},{"id":"4083","type":"um","mid":"318","sid":"1","indate":"2020-06-24 15:06:09"},{"id":"4084","type":"um","mid":"318","sid":"3","indate":"2020-06-24 15:06:09"},{"id":"4085","type":"um","mid":"318","sid":"5","indate":"2020-06-24 15:06:09"},{"id":"4086","type":"um","mid":"318","sid":"6","indate":"2020-06-24 15:06:09"},{"id":"4087","type":"um","mid":"318","sid":"7","indate":"2020-06-24 15:06:09"},{"id":"4088","type":"um","mid":"318","sid":"8","indate":"2020-06-24 15:06:09"},{"id":"4089","type":"um","mid":"318","sid":"9","indate":"2020-06-24 15:06:09"},{"id":"4090","type":"um","mid":"318","sid":"10","indate":"2020-06-24 15:06:09"},{"id":"4091","type":"um","mid":"318","sid":"11","indate":"2020-06-24 15:06:09"},{"id":"4092","type":"um","mid":"318","sid":"12","indate":"2020-06-24 15:06:09"},{"id":"4093","type":"um","mid":"318","sid":"13","indate":"2020-06-24 15:06:09"},{"id":"4094","type":"um","mid":"318","sid":"21","indate":"2020-06-24 15:06:09"},{"id":"4095","type":"um","mid":"318","sid":"22","indate":"2020-06-24 15:06:09"},{"id":"4096","type":"um","mid":"318","sid":"24","indate":"2020-06-24 15:06:09"},{"id":"4097","type":"um","mid":"318","sid":"26","indate":"2020-06-24 15:06:09"},{"id":"4098","type":"um","mid":"318","sid":"29","indate":"2020-06-24 15:06:09"},{"id":"4099","type":"um","mid":"318","sid":"34","indate":"2020-06-24 15:06:09"},{"id":"4100","type":"um","mid":"318","sid":"35","indate":"2020-06-24 15:06:09"},{"id":"4101","type":"um","mid":"318","sid":"38","indate":"2020-06-24 15:06:09"},{"id":"4102","type":"um","mid":"318","sid":"46","indate":"2020-06-24 15:06:09"},{"id":"4103","type":"um","mid":"318","sid":"63","indate":"2020-06-24 15:06:09"},{"id":"4104","type":"um","mid":"318","sid":"64","indate":"2020-06-24 15:06:09"},{"id":"4105","type":"um","mid":"318","sid":"91","indate":"2020-06-24 15:06:09"},{"id":"4106","type":"um","mid":"318","sid":"106","indate":"2020-06-24 15:06:09"},{"id":"4107","type":"um","mid":"318","sid":"107","indate":"2020-06-24 15:06:09"},{"id":"4108","type":"um","mid":"318","sid":"161","indate":"2020-06-24 15:06:09"},{"id":"4109","type":"um","mid":"318","sid":"185","indate":"2020-06-24 15:06:09"},{"id":"4110","type":"um","mid":"318","sid":"187","indate":"2020-06-24 15:06:09"},{"id":"4111","type":"um","mid":"318","sid":"191","indate":"2020-06-24 15:06:09"},{"id":"4112","type":"um","mid":"318","sid":"203","indate":"2020-06-24 15:06:09"},{"id":"4113","type":"um","mid":"318","sid":"207","indate":"2020-06-24 15:06:09"},{"id":"4114","type":"um","mid":"318","sid":"213","indate":"2020-06-24 15:06:09"},{"id":"4115","type":"um","mid":"318","sid":"220","indate":"2020-06-24 15:06:09"},{"id":"4116","type":"um","mid":"318","sid":"230","indate":"2020-06-24 15:06:09"},{"id":"4117","type":"um","mid":"318","sid":"317","indate":"2020-06-24 15:06:09"},{"id":"4118","type":"um","mid":"318","sid":"318","indate":"2020-06-24 15:06:09"},{"id":"4119","type":"um","mid":"318","sid":"319","indate":"2020-06-24 15:06:09"},{"id":"4120","type":"um","mid":"318","sid":"320","indate":"2020-06-24 15:06:09"},{"id":"4121","type":"um","mid":"318","sid":"321","indate":"2020-06-24 15:06:09"},{"id":"4122","type":"um","mid":"318","sid":"323","indate":"2020-06-24 15:06:09"},{"id":"4123","type":"um","mid":"318","sid":"324","indate":"2020-06-24 15:06:09"},{"id":"4124","type":"um","mid":"318","sid":"325","indate":"2020-06-24 15:06:09"},{"id":"4125","type":"um","mid":"318","sid":"326","indate":"2020-06-24 15:06:09"},{"id":"4126","type":"um","mid":"318","sid":"327","indate":"2020-06-24 15:06:09"},{"id":"4127","type":"um","mid":"318","sid":"328","indate":"2020-06-24 15:06:09"},{"id":"4128","type":"um","mid":"318","sid":"329","indate":"2020-06-24 15:06:09"},{"id":"4129","type":"um","mid":"318","sid":"330","indate":"2020-06-24 15:06:09"},{"id":"4130","type":"um","mid":"318","sid":"331","indate":"2020-06-24 15:06:09"},{"id":"4131","type":"um","mid":"318","sid":"332","indate":"2020-06-24 15:06:09"},{"id":"4132","type":"um","mid":"318","sid":"334","indate":"2020-06-24 15:06:09"},{"id":"4133","type":"um","mid":"318","sid":"335","indate":"2020-06-24 15:06:09"},{"id":"4134","type":"um","mid":"318","sid":"336","indate":"2020-06-24 15:06:09"},{"id":"4135","type":"um","mid":"318","sid":"337","indate":"2020-06-24 15:06:09"},{"id":"4136","type":"um","mid":"318","sid":"338","indate":"2020-06-24 15:06:09"},{"id":"4137","type":"um","mid":"318","sid":"339","indate":"2020-06-24 15:06:09"},{"id":"4138","type":"um","mid":"318","sid":"341","indate":"2020-06-24 15:06:09"},{"id":"4139","type":"um","mid":"318","sid":"342","indate":"2020-06-24 15:06:09"},{"id":"4140","type":"um","mid":"318","sid":"344","indate":"2020-06-24 15:06:09"},{"id":"4141","type":"um","mid":"310","sid":"1","indate":"2020-06-24 15:06:19"},{"id":"4142","type":"um","mid":"310","sid":"3","indate":"2020-06-24 15:06:19"},{"id":"4143","type":"um","mid":"310","sid":"5","indate":"2020-06-24 15:06:19"},{"id":"4144","type":"um","mid":"310","sid":"6","indate":"2020-06-24 15:06:19"},{"id":"4145","type":"um","mid":"310","sid":"7","indate":"2020-06-24 15:06:19"},{"id":"4146","type":"um","mid":"310","sid":"8","indate":"2020-06-24 15:06:19"},{"id":"4147","type":"um","mid":"310","sid":"9","indate":"2020-06-24 15:06:19"},{"id":"4148","type":"um","mid":"310","sid":"10","indate":"2020-06-24 15:06:19"},{"id":"4149","type":"um","mid":"310","sid":"11","indate":"2020-06-24 15:06:19"},{"id":"4150","type":"um","mid":"310","sid":"12","indate":"2020-06-24 15:06:19"},{"id":"4151","type":"um","mid":"310","sid":"13","indate":"2020-06-24 15:06:19"},{"id":"4152","type":"um","mid":"310","sid":"21","indate":"2020-06-24 15:06:19"},{"id":"4153","type":"um","mid":"310","sid":"22","indate":"2020-06-24 15:06:19"},{"id":"4154","type":"um","mid":"310","sid":"24","indate":"2020-06-24 15:06:19"},{"id":"4155","type":"um","mid":"310","sid":"26","indate":"2020-06-24 15:06:19"},{"id":"4156","type":"um","mid":"310","sid":"29","indate":"2020-06-24 15:06:19"},{"id":"4157","type":"um","mid":"310","sid":"34","indate":"2020-06-24 15:06:19"},{"id":"4158","type":"um","mid":"310","sid":"35","indate":"2020-06-24 15:06:19"},{"id":"4159","type":"um","mid":"310","sid":"38","indate":"2020-06-24 15:06:19"},{"id":"4160","type":"um","mid":"310","sid":"46","indate":"2020-06-24 15:06:19"},{"id":"4161","type":"um","mid":"310","sid":"63","indate":"2020-06-24 15:06:19"},{"id":"4162","type":"um","mid":"310","sid":"64","indate":"2020-06-24 15:06:19"},{"id":"4163","type":"um","mid":"310","sid":"91","indate":"2020-06-24 15:06:19"},{"id":"4164","type":"um","mid":"310","sid":"106","indate":"2020-06-24 15:06:19"},{"id":"4165","type":"um","mid":"310","sid":"107","indate":"2020-06-24 15:06:19"},{"id":"4166","type":"um","mid":"310","sid":"161","indate":"2020-06-24 15:06:19"},{"id":"4167","type":"um","mid":"310","sid":"185","indate":"2020-06-24 15:06:19"},{"id":"4168","type":"um","mid":"310","sid":"187","indate":"2020-06-24 15:06:19"},{"id":"4169","type":"um","mid":"310","sid":"191","indate":"2020-06-24 15:06:19"},{"id":"4170","type":"um","mid":"310","sid":"203","indate":"2020-06-24 15:06:19"},{"id":"4171","type":"um","mid":"310","sid":"207","indate":"2020-06-24 15:06:19"},{"id":"4172","type":"um","mid":"310","sid":"213","indate":"2020-06-24 15:06:19"},{"id":"4173","type":"um","mid":"310","sid":"220","indate":"2020-06-24 15:06:19"},{"id":"4174","type":"um","mid":"310","sid":"230","indate":"2020-06-24 15:06:19"},{"id":"4175","type":"um","mid":"310","sid":"317","indate":"2020-06-24 15:06:19"},{"id":"4176","type":"um","mid":"310","sid":"318","indate":"2020-06-24 15:06:19"},{"id":"4177","type":"um","mid":"310","sid":"319","indate":"2020-06-24 15:06:19"},{"id":"4178","type":"um","mid":"310","sid":"320","indate":"2020-06-24 15:06:19"},{"id":"4179","type":"um","mid":"310","sid":"321","indate":"2020-06-24 15:06:19"},{"id":"4180","type":"um","mid":"310","sid":"323","indate":"2020-06-24 15:06:19"},{"id":"4181","type":"um","mid":"310","sid":"324","indate":"2020-06-24 15:06:19"},{"id":"4182","type":"um","mid":"310","sid":"325","indate":"2020-06-24 15:06:19"},{"id":"4183","type":"um","mid":"310","sid":"326","indate":"2020-06-24 15:06:19"},{"id":"4184","type":"um","mid":"310","sid":"327","indate":"2020-06-24 15:06:19"},{"id":"4185","type":"um","mid":"310","sid":"328","indate":"2020-06-24 15:06:19"},{"id":"4186","type":"um","mid":"310","sid":"329","indate":"2020-06-24 15:06:19"},{"id":"4187","type":"um","mid":"310","sid":"330","indate":"2020-06-24 15:06:19"},{"id":"4188","type":"um","mid":"310","sid":"331","indate":"2020-06-24 15:06:19"},{"id":"4189","type":"um","mid":"310","sid":"332","indate":"2020-06-24 15:06:19"},{"id":"4190","type":"um","mid":"310","sid":"334","indate":"2020-06-24 15:06:19"},{"id":"4191","type":"um","mid":"310","sid":"335","indate":"2020-06-24 15:06:19"},{"id":"4192","type":"um","mid":"310","sid":"336","indate":"2020-06-24 15:06:19"},{"id":"4193","type":"um","mid":"310","sid":"337","indate":"2020-06-24 15:06:19"},{"id":"4194","type":"um","mid":"310","sid":"338","indate":"2020-06-24 15:06:19"},{"id":"4195","type":"um","mid":"310","sid":"339","indate":"2020-06-24 15:06:19"},{"id":"4196","type":"um","mid":"310","sid":"341","indate":"2020-06-24 15:06:19"},{"id":"4197","type":"um","mid":"310","sid":"342","indate":"2020-06-24 15:06:19"},{"id":"4198","type":"um","mid":"310","sid":"344","indate":"2020-06-24 15:06:19"},{"id":"4199","type":"ug","mid":"320","sid":"8","indate":"2020-06-24 15:08:31"},{"id":"4200","type":"um","mid":"304","sid":"1","indate":"2020-06-24 15:09:10"},{"id":"4201","type":"um","mid":"304","sid":"3","indate":"2020-06-24 15:09:10"},{"id":"4202","type":"um","mid":"304","sid":"5","indate":"2020-06-24 15:09:10"},{"id":"4203","type":"um","mid":"304","sid":"6","indate":"2020-06-24 15:09:10"},{"id":"4204","type":"um","mid":"304","sid":"7","indate":"2020-06-24 15:09:10"},{"id":"4205","type":"um","mid":"304","sid":"8","indate":"2020-06-24 15:09:10"},{"id":"4206","type":"um","mid":"304","sid":"9","indate":"2020-06-24 15:09:10"},{"id":"4207","type":"um","mid":"304","sid":"10","indate":"2020-06-24 15:09:10"},{"id":"4208","type":"um","mid":"304","sid":"11","indate":"2020-06-24 15:09:10"},{"id":"4209","type":"um","mid":"304","sid":"12","indate":"2020-06-24 15:09:10"},{"id":"4210","type":"um","mid":"304","sid":"13","indate":"2020-06-24 15:09:10"},{"id":"4211","type":"um","mid":"304","sid":"21","indate":"2020-06-24 15:09:10"},{"id":"4212","type":"um","mid":"304","sid":"22","indate":"2020-06-24 15:09:10"},{"id":"4213","type":"um","mid":"304","sid":"24","indate":"2020-06-24 15:09:10"},{"id":"4214","type":"um","mid":"304","sid":"26","indate":"2020-06-24 15:09:10"},{"id":"4215","type":"um","mid":"304","sid":"29","indate":"2020-06-24 15:09:10"},{"id":"4216","type":"um","mid":"304","sid":"34","indate":"2020-06-24 15:09:10"},{"id":"4217","type":"um","mid":"304","sid":"35","indate":"2020-06-24 15:09:10"},{"id":"4218","type":"um","mid":"304","sid":"38","indate":"2020-06-24 15:09:10"},{"id":"4219","type":"um","mid":"304","sid":"46","indate":"2020-06-24 15:09:10"},{"id":"4220","type":"um","mid":"304","sid":"63","indate":"2020-06-24 15:09:10"},{"id":"4221","type":"um","mid":"304","sid":"64","indate":"2020-06-24 15:09:10"},{"id":"4222","type":"um","mid":"304","sid":"91","indate":"2020-06-24 15:09:10"},{"id":"4223","type":"um","mid":"304","sid":"106","indate":"2020-06-24 15:09:10"},{"id":"4224","type":"um","mid":"304","sid":"107","indate":"2020-06-24 15:09:10"},{"id":"4225","type":"um","mid":"304","sid":"161","indate":"2020-06-24 15:09:10"},{"id":"4226","type":"um","mid":"304","sid":"185","indate":"2020-06-24 15:09:10"},{"id":"4227","type":"um","mid":"304","sid":"187","indate":"2020-06-24 15:09:10"},{"id":"4228","type":"um","mid":"304","sid":"191","indate":"2020-06-24 15:09:10"},{"id":"4229","type":"um","mid":"304","sid":"203","indate":"2020-06-24 15:09:10"},{"id":"4230","type":"um","mid":"304","sid":"207","indate":"2020-06-24 15:09:10"},{"id":"4231","type":"um","mid":"304","sid":"213","indate":"2020-06-24 15:09:10"},{"id":"4232","type":"um","mid":"304","sid":"220","indate":"2020-06-24 15:09:10"},{"id":"4233","type":"um","mid":"304","sid":"230","indate":"2020-06-24 15:09:10"},{"id":"4234","type":"um","mid":"304","sid":"317","indate":"2020-06-24 15:09:10"},{"id":"4235","type":"um","mid":"304","sid":"318","indate":"2020-06-24 15:09:10"},{"id":"4236","type":"um","mid":"304","sid":"319","indate":"2020-06-24 15:09:10"},{"id":"4237","type":"um","mid":"304","sid":"320","indate":"2020-06-24 15:09:10"},{"id":"4238","type":"um","mid":"304","sid":"321","indate":"2020-06-24 15:09:10"},{"id":"4239","type":"um","mid":"304","sid":"323","indate":"2020-06-24 15:09:10"},{"id":"4240","type":"um","mid":"304","sid":"324","indate":"2020-06-24 15:09:10"},{"id":"4241","type":"um","mid":"304","sid":"325","indate":"2020-06-24 15:09:10"},{"id":"4242","type":"um","mid":"304","sid":"326","indate":"2020-06-24 15:09:10"},{"id":"4243","type":"um","mid":"304","sid":"327","indate":"2020-06-24 15:09:10"},{"id":"4244","type":"um","mid":"304","sid":"328","indate":"2020-06-24 15:09:10"},{"id":"4245","type":"um","mid":"304","sid":"329","indate":"2020-06-24 15:09:10"},{"id":"4246","type":"um","mid":"304","sid":"330","indate":"2020-06-24 15:09:10"},{"id":"4247","type":"um","mid":"304","sid":"331","indate":"2020-06-24 15:09:10"},{"id":"4248","type":"um","mid":"304","sid":"332","indate":"2020-06-24 15:09:10"},{"id":"4249","type":"um","mid":"304","sid":"334","indate":"2020-06-24 15:09:10"},{"id":"4250","type":"um","mid":"304","sid":"335","indate":"2020-06-24 15:09:10"},{"id":"4251","type":"um","mid":"304","sid":"336","indate":"2020-06-24 15:09:10"},{"id":"4252","type":"um","mid":"304","sid":"337","indate":"2020-06-24 15:09:10"},{"id":"4253","type":"um","mid":"304","sid":"338","indate":"2020-06-24 15:09:10"},{"id":"4254","type":"um","mid":"304","sid":"339","indate":"2020-06-24 15:09:10"},{"id":"4255","type":"um","mid":"304","sid":"341","indate":"2020-06-24 15:09:10"},{"id":"4256","type":"um","mid":"304","sid":"342","indate":"2020-06-24 15:09:10"},{"id":"4257","type":"um","mid":"304","sid":"344","indate":"2020-06-24 15:09:10"},{"id":"4258","type":"um","mid":"320","sid":"1","indate":"2020-06-24 15:09:21"},{"id":"4259","type":"um","mid":"320","sid":"3","indate":"2020-06-24 15:09:21"},{"id":"4260","type":"um","mid":"320","sid":"5","indate":"2020-06-24 15:09:21"},{"id":"4261","type":"um","mid":"320","sid":"6","indate":"2020-06-24 15:09:21"},{"id":"4262","type":"um","mid":"320","sid":"7","indate":"2020-06-24 15:09:21"},{"id":"4263","type":"um","mid":"320","sid":"8","indate":"2020-06-24 15:09:21"},{"id":"4264","type":"um","mid":"320","sid":"9","indate":"2020-06-24 15:09:21"},{"id":"4265","type":"um","mid":"320","sid":"10","indate":"2020-06-24 15:09:21"},{"id":"4266","type":"um","mid":"320","sid":"11","indate":"2020-06-24 15:09:21"},{"id":"4267","type":"um","mid":"320","sid":"12","indate":"2020-06-24 15:09:21"},{"id":"4268","type":"um","mid":"320","sid":"13","indate":"2020-06-24 15:09:21"},{"id":"4269","type":"um","mid":"320","sid":"21","indate":"2020-06-24 15:09:21"},{"id":"4270","type":"um","mid":"320","sid":"22","indate":"2020-06-24 15:09:21"},{"id":"4271","type":"um","mid":"320","sid":"24","indate":"2020-06-24 15:09:21"},{"id":"4272","type":"um","mid":"320","sid":"26","indate":"2020-06-24 15:09:21"},{"id":"4273","type":"um","mid":"320","sid":"29","indate":"2020-06-24 15:09:21"},{"id":"4274","type":"um","mid":"320","sid":"34","indate":"2020-06-24 15:09:21"},{"id":"4275","type":"um","mid":"320","sid":"35","indate":"2020-06-24 15:09:21"},{"id":"4276","type":"um","mid":"320","sid":"38","indate":"2020-06-24 15:09:21"},{"id":"4277","type":"um","mid":"320","sid":"46","indate":"2020-06-24 15:09:21"},{"id":"4278","type":"um","mid":"320","sid":"63","indate":"2020-06-24 15:09:21"},{"id":"4279","type":"um","mid":"320","sid":"64","indate":"2020-06-24 15:09:21"},{"id":"4280","type":"um","mid":"320","sid":"91","indate":"2020-06-24 15:09:21"},{"id":"4281","type":"um","mid":"320","sid":"106","indate":"2020-06-24 15:09:21"},{"id":"4282","type":"um","mid":"320","sid":"107","indate":"2020-06-24 15:09:21"},{"id":"4283","type":"um","mid":"320","sid":"161","indate":"2020-06-24 15:09:21"},{"id":"4284","type":"um","mid":"320","sid":"185","indate":"2020-06-24 15:09:21"},{"id":"4285","type":"um","mid":"320","sid":"187","indate":"2020-06-24 15:09:21"},{"id":"4286","type":"um","mid":"320","sid":"191","indate":"2020-06-24 15:09:21"},{"id":"4287","type":"um","mid":"320","sid":"203","indate":"2020-06-24 15:09:21"},{"id":"4288","type":"um","mid":"320","sid":"207","indate":"2020-06-24 15:09:21"},{"id":"4289","type":"um","mid":"320","sid":"213","indate":"2020-06-24 15:09:21"},{"id":"4290","type":"um","mid":"320","sid":"220","indate":"2020-06-24 15:09:21"},{"id":"4291","type":"um","mid":"320","sid":"230","indate":"2020-06-24 15:09:21"},{"id":"4292","type":"um","mid":"320","sid":"317","indate":"2020-06-24 15:09:21"},{"id":"4293","type":"um","mid":"320","sid":"318","indate":"2020-06-24 15:09:21"},{"id":"4294","type":"um","mid":"320","sid":"319","indate":"2020-06-24 15:09:21"},{"id":"4295","type":"um","mid":"320","sid":"320","indate":"2020-06-24 15:09:21"},{"id":"4296","type":"um","mid":"320","sid":"321","indate":"2020-06-24 15:09:21"},{"id":"4297","type":"um","mid":"320","sid":"323","indate":"2020-06-24 15:09:21"},{"id":"4298","type":"um","mid":"320","sid":"324","indate":"2020-06-24 15:09:21"},{"id":"4299","type":"um","mid":"320","sid":"325","indate":"2020-06-24 15:09:21"},{"id":"4300","type":"um","mid":"320","sid":"326","indate":"2020-06-24 15:09:21"},{"id":"4301","type":"um","mid":"320","sid":"327","indate":"2020-06-24 15:09:21"},{"id":"4302","type":"um","mid":"320","sid":"328","indate":"2020-06-24 15:09:21"},{"id":"4303","type":"um","mid":"320","sid":"329","indate":"2020-06-24 15:09:21"},{"id":"4304","type":"um","mid":"320","sid":"330","indate":"2020-06-24 15:09:21"},{"id":"4305","type":"um","mid":"320","sid":"331","indate":"2020-06-24 15:09:21"},{"id":"4306","type":"um","mid":"320","sid":"332","indate":"2020-06-24 15:09:21"},{"id":"4307","type":"um","mid":"320","sid":"334","indate":"2020-06-24 15:09:21"},{"id":"4308","type":"um","mid":"320","sid":"335","indate":"2020-06-24 15:09:21"},{"id":"4309","type":"um","mid":"320","sid":"336","indate":"2020-06-24 15:09:21"},{"id":"4310","type":"um","mid":"320","sid":"337","indate":"2020-06-24 15:09:21"},{"id":"4311","type":"um","mid":"320","sid":"338","indate":"2020-06-24 15:09:21"},{"id":"4312","type":"um","mid":"320","sid":"339","indate":"2020-06-24 15:09:21"},{"id":"4313","type":"um","mid":"320","sid":"341","indate":"2020-06-24 15:09:21"},{"id":"4314","type":"um","mid":"320","sid":"342","indate":"2020-06-24 15:09:21"},{"id":"4315","type":"um","mid":"320","sid":"344","indate":"2020-06-24 15:09:21"},{"id":"4317","type":"gm","mid":"18","sid":"1","indate":"2020-06-24 15:43:48"},{"id":"4318","type":"gm","mid":"18","sid":"3","indate":"2020-06-24 15:43:48"},{"id":"4319","type":"gm","mid":"18","sid":"5","indate":"2020-06-24 15:43:48"},{"id":"4320","type":"gm","mid":"18","sid":"6","indate":"2020-06-24 15:43:48"},{"id":"4321","type":"gm","mid":"18","sid":"7","indate":"2020-06-24 15:43:48"},{"id":"4322","type":"gm","mid":"18","sid":"8","indate":"2020-06-24 15:43:48"},{"id":"4323","type":"gm","mid":"18","sid":"9","indate":"2020-06-24 15:43:48"},{"id":"4324","type":"gm","mid":"18","sid":"10","indate":"2020-06-24 15:43:48"},{"id":"4325","type":"gm","mid":"18","sid":"11","indate":"2020-06-24 15:43:48"},{"id":"4326","type":"gm","mid":"18","sid":"12","indate":"2020-06-24 15:43:48"},{"id":"4327","type":"gm","mid":"18","sid":"13","indate":"2020-06-24 15:43:48"},{"id":"4328","type":"gm","mid":"18","sid":"21","indate":"2020-06-24 15:43:48"},{"id":"4329","type":"gm","mid":"18","sid":"22","indate":"2020-06-24 15:43:48"},{"id":"4330","type":"gm","mid":"18","sid":"24","indate":"2020-06-24 15:43:48"},{"id":"4331","type":"gm","mid":"18","sid":"26","indate":"2020-06-24 15:43:48"},{"id":"4332","type":"gm","mid":"18","sid":"29","indate":"2020-06-24 15:43:48"},{"id":"4333","type":"gm","mid":"18","sid":"34","indate":"2020-06-24 15:43:48"},{"id":"4334","type":"gm","mid":"18","sid":"35","indate":"2020-06-24 15:43:48"},{"id":"4335","type":"gm","mid":"18","sid":"38","indate":"2020-06-24 15:43:48"},{"id":"4336","type":"gm","mid":"18","sid":"46","indate":"2020-06-24 15:43:48"},{"id":"4337","type":"gm","mid":"18","sid":"63","indate":"2020-06-24 15:43:48"},{"id":"4338","type":"gm","mid":"18","sid":"64","indate":"2020-06-24 15:43:48"},{"id":"4339","type":"gm","mid":"18","sid":"91","indate":"2020-06-24 15:43:48"},{"id":"4340","type":"gm","mid":"18","sid":"106","indate":"2020-06-24 15:43:48"},{"id":"4341","type":"gm","mid":"18","sid":"107","indate":"2020-06-24 15:43:48"},{"id":"4342","type":"gm","mid":"18","sid":"161","indate":"2020-06-24 15:43:48"},{"id":"4343","type":"gm","mid":"18","sid":"185","indate":"2020-06-24 15:43:48"},{"id":"4344","type":"gm","mid":"18","sid":"187","indate":"2020-06-24 15:43:48"},{"id":"4345","type":"gm","mid":"18","sid":"191","indate":"2020-06-24 15:43:48"},{"id":"4346","type":"gm","mid":"18","sid":"203","indate":"2020-06-24 15:43:48"},{"id":"4347","type":"gm","mid":"18","sid":"207","indate":"2020-06-24 15:43:48"},{"id":"4348","type":"gm","mid":"18","sid":"213","indate":"2020-06-24 15:43:48"},{"id":"4349","type":"gm","mid":"18","sid":"220","indate":"2020-06-24 15:43:48"},{"id":"4350","type":"gm","mid":"18","sid":"230","indate":"2020-06-24 15:43:48"},{"id":"4351","type":"gm","mid":"18","sid":"317","indate":"2020-06-24 15:43:48"},{"id":"4352","type":"gm","mid":"18","sid":"318","indate":"2020-06-24 15:43:48"},{"id":"4353","type":"gm","mid":"18","sid":"319","indate":"2020-06-24 15:43:48"},{"id":"4354","type":"gm","mid":"18","sid":"320","indate":"2020-06-24 15:43:48"},{"id":"4355","type":"gm","mid":"18","sid":"321","indate":"2020-06-24 15:43:48"},{"id":"4356","type":"gm","mid":"18","sid":"323","indate":"2020-06-24 15:43:48"},{"id":"4357","type":"gm","mid":"18","sid":"324","indate":"2020-06-24 15:43:48"},{"id":"4358","type":"gm","mid":"18","sid":"325","indate":"2020-06-24 15:43:48"},{"id":"4359","type":"gm","mid":"18","sid":"326","indate":"2020-06-24 15:43:48"},{"id":"4360","type":"gm","mid":"18","sid":"327","indate":"2020-06-24 15:43:48"},{"id":"4361","type":"gm","mid":"18","sid":"328","indate":"2020-06-24 15:43:48"},{"id":"4362","type":"gm","mid":"18","sid":"329","indate":"2020-06-24 15:43:48"},{"id":"4363","type":"gm","mid":"18","sid":"330","indate":"2020-06-24 15:43:48"},{"id":"4364","type":"gm","mid":"18","sid":"331","indate":"2020-06-24 15:43:48"},{"id":"4365","type":"gm","mid":"18","sid":"332","indate":"2020-06-24 15:43:48"},{"id":"4366","type":"gm","mid":"18","sid":"334","indate":"2020-06-24 15:43:48"},{"id":"4367","type":"gm","mid":"18","sid":"335","indate":"2020-06-24 15:43:48"},{"id":"4368","type":"gm","mid":"18","sid":"336","indate":"2020-06-24 15:43:48"},{"id":"4369","type":"gm","mid":"18","sid":"337","indate":"2020-06-24 15:43:48"},{"id":"4370","type":"gm","mid":"18","sid":"338","indate":"2020-06-24 15:43:48"},{"id":"4371","type":"gm","mid":"18","sid":"339","indate":"2020-06-24 15:43:48"},{"id":"4372","type":"gm","mid":"18","sid":"341","indate":"2020-06-24 15:43:48"},{"id":"4373","type":"gm","mid":"18","sid":"342","indate":"2020-06-24 15:43:48"},{"id":"4374","type":"gm","mid":"18","sid":"344","indate":"2020-06-24 15:43:48"},{"id":"4375","type":"ug","mid":"321","sid":"18","indate":"2020-06-24 15:45:08"},{"id":"4376","type":"ug","mid":"322","sid":"12","indate":"2020-06-24 16:50:18"},{"id":"4439","type":"ug","mid":"323","sid":"12","indate":"2020-06-28 17:50:16"},{"id":"4441","type":"ug","mid":"324","sid":"8","indate":"2020-06-28 17:51:08"},{"id":"4440","type":"ug","mid":"325","sid":"8","indate":"2020-06-28 17:50:46"},{"id":"4438","type":"ug","mid":"326","sid":"9","indate":"2020-06-28 17:49:33"},{"id":"4382","type":"ug","mid":"327","sid":"12","indate":"2020-06-24 17:37:12"},{"id":"4627","type":"ug","mid":"328","sid":"12","indate":"2020-08-03 18:39:44"},{"id":"4384","type":"ug","mid":"329","sid":"12","indate":"2020-06-24 17:44:17"},{"id":"4444","type":"ug","mid":"330","sid":"9","indate":"2020-06-28 17:51:51"},{"id":"4443","type":"ug","mid":"331","sid":"9","indate":"2020-06-28 17:51:36"},{"id":"4442","type":"ug","mid":"332","sid":"9","indate":"2020-06-28 17:51:26"},{"id":"4388","type":"ug","mid":"333","sid":"12","indate":"2020-06-26 17:46:32"},{"id":"4391","type":"ug","mid":"334","sid":"12","indate":"2020-06-28 09:37:40"},{"id":"4476","type":"ug","mid":"335","sid":"12","indate":"2020-07-02 09:23:30"},{"id":"4483","type":"ug","mid":"336","sid":"8","indate":"2020-07-02 10:38:01"},{"id":"4486","type":"ug","mid":"337","sid":"16","indate":"2020-07-02 10:42:35"},{"id":"4394","type":"ug","mid":"338","sid":"7","indate":"2020-06-28 09:42:11"},{"id":"4488","type":"ug","mid":"339","sid":"9","indate":"2020-07-04 21:18:43"},{"id":"4408","type":"ug","mid":"346","sid":"9","indate":"2020-06-28 09:50:48"},{"id":"4422","type":"ug","mid":"340","sid":"12","indate":"2020-06-28 09:57:54"},{"id":"4430","type":"ug","mid":"341","sid":"16","indate":"2020-06-28 13:59:38"},{"id":"4611","type":"ug","mid":"395","sid":"12","indate":"2020-07-31 15:24:49"},{"id":"4400","type":"ug","mid":"343","sid":"8","indate":"2020-06-28 09:46:38"},{"id":"4401","type":"ug","mid":"344","sid":"8","indate":"2020-06-28 09:47:00"},{"id":"4429","type":"ug","mid":"341","sid":"12","indate":"2020-06-28 13:59:38"},{"id":"4406","type":"ug","mid":"345","sid":"9","indate":"2020-06-28 09:48:10"},{"id":"4409","type":"ug","mid":"347","sid":"9","indate":"2020-06-28 09:51:45"},{"id":"4410","type":"ug","mid":"348","sid":"9","indate":"2020-06-28 09:52:15"},{"id":"4411","type":"ug","mid":"349","sid":"9","indate":"2020-06-28 09:52:50"},{"id":"4412","type":"ug","mid":"350","sid":"7","indate":"2020-06-28 09:53:07"},{"id":"4413","type":"ug","mid":"350","sid":"9","indate":"2020-06-28 09:53:07"},{"id":"4625","type":"ug","mid":"351","sid":"12","indate":"2020-08-03 11:47:08"},{"id":"4421","type":"ug","mid":"340","sid":"8","indate":"2020-06-28 09:57:54"},{"id":"4418","type":"ug","mid":"352","sid":"12","indate":"2020-06-28 09:56:13"},{"id":"4423","type":"ug","mid":"340","sid":"17","indate":"2020-06-28 09:57:54"},{"id":"4424","type":"ug","mid":"353","sid":"8","indate":"2020-06-28 09:58:05"},{"id":"4425","type":"ug","mid":"354","sid":"9","indate":"2020-06-28 09:59:28"},{"id":"4426","type":"ug","mid":"355","sid":"9","indate":"2020-06-28 10:03:25"},{"id":"4427","type":"ug","mid":"356","sid":"12","indate":"2020-06-28 11:28:42"},{"id":"4479","type":"ug","mid":"357","sid":"7","indate":"2020-07-02 10:35:53"},{"id":"4431","type":"ug","mid":"358","sid":"12","indate":"2020-06-28 14:02:46"},{"id":"4463","type":"ug","mid":"359","sid":"17","indate":"2020-07-01 13:19:08"},{"id":"4477","type":"ug","mid":"368","sid":"8","indate":"2020-07-02 09:35:43"},{"id":"4434","type":"ug","mid":"361","sid":"12","indate":"2020-06-28 14:55:56"},{"id":"4435","type":"ug","mid":"362","sid":"8","indate":"2020-06-28 14:56:29"},{"id":"4436","type":"ug","mid":"363","sid":"7","indate":"2020-06-28 14:59:53"},{"id":"4445","type":"ug","mid":"364","sid":"12","indate":"2020-06-29 16:06:59"},{"id":"4446","type":"ug","mid":"365","sid":"12","indate":"2020-06-30 15:38:35"},{"id":"4447","type":"ug","mid":"366","sid":"12","indate":"2020-06-30 16:19:46"},{"id":"4449","type":"ug","mid":"367","sid":"12","indate":"2020-07-01 11:42:31"},{"id":"4462","type":"ug","mid":"359","sid":"12","indate":"2020-07-01 13:19:08"},{"id":"4475","type":"ug","mid":"360","sid":"8","indate":"2020-07-01 13:24:36"},{"id":"4478","type":"ug","mid":"369","sid":"8","indate":"2020-07-02 09:39:40"},{"id":"4480","type":"ug","mid":"357","sid":"9","indate":"2020-07-02 10:35:53"},{"id":"4484","type":"ug","mid":"370","sid":"7","indate":"2020-07-02 10:40:34"},{"id":"4485","type":"ug","mid":"370","sid":"9","indate":"2020-07-02 10:40:34"},{"id":"4487","type":"ug","mid":"371","sid":"9","indate":"2020-07-03 17:19:32"},{"id":"4495","type":"ug","mid":"372","sid":"12","indate":"2020-07-05 16:23:15"},{"id":"4490","type":"ug","mid":"373","sid":"8","indate":"2020-07-05 16:19:27"},{"id":"4496","type":"ug","mid":"374","sid":"12","indate":"2020-07-12 22:55:57"},{"id":"4498","type":"ug","mid":"375","sid":"7","indate":"2020-07-13 22:21:49"},{"id":"4499","type":"ug","mid":"375","sid":"16","indate":"2020-07-13 22:21:49"},{"id":"4500","type":"ug","mid":"376","sid":"12","indate":"2020-07-19 16:05:02"},{"id":"4501","type":"ug","mid":"377","sid":"8","indate":"2020-07-19 16:32:38"},{"id":"4502","type":"ug","mid":"378","sid":"17","indate":"2020-07-19 17:19:04"},{"id":"4504","type":"ug","mid":"379","sid":"12","indate":"2020-07-21 17:17:06"},{"id":"4505","type":"ug","mid":"380","sid":"12","indate":"2020-07-21 18:02:18"},{"id":"4506","type":"ug","mid":"381","sid":"12","indate":"2020-07-22 14:19:42"},{"id":"4507","type":"ug","mid":"382","sid":"12","indate":"2020-07-22 14:25:57"},{"id":"4509","type":"ug","mid":"383","sid":"8","indate":"2020-07-22 15:21:40"},{"id":"4510","type":"ug","mid":"384","sid":"12","indate":"2020-07-22 15:58:56"},{"id":"4511","type":"ug","mid":"385","sid":"8","indate":"2020-07-22 16:02:35"},{"id":"4513","type":"ug","mid":"386","sid":"12","indate":"2020-07-26 18:31:05"},{"id":"4514","type":"ug","mid":"387","sid":"12","indate":"2020-07-26 18:43:52"},{"id":"4517","type":"ug","mid":"388","sid":"9","indate":"2020-07-26 19:54:31"},{"id":"4615","type":"ug","mid":"394","sid":"17","indate":"2020-07-31 15:25:21"},{"id":"4522","type":"ug","mid":"389","sid":"7","indate":"2020-07-28 16:11:50"},{"id":"4523","type":"ug","mid":"390","sid":"12","indate":"2020-07-28 16:46:16"},{"id":"4524","type":"ug","mid":"391","sid":"12","indate":"2020-07-30 11:01:54"},{"id":"4525","type":"ug","mid":"392","sid":"12","indate":"2020-07-30 16:24:52"},{"id":"4614","type":"ug","mid":"394","sid":"12","indate":"2020-07-31 15:25:21"},{"id":"4622","type":"ug","mid":"342","sid":"8","indate":"2020-08-03 11:26:13"},{"id":"4610","type":"ug","mid":"396","sid":"16","indate":"2020-07-31 15:24:41"},{"id":"4609","type":"ug","mid":"396","sid":"9","indate":"2020-07-31 15:24:41"},{"id":"4608","type":"ug","mid":"396","sid":"7","indate":"2020-07-31 15:24:41"},{"id":"4607","type":"ug","mid":"397","sid":"12","indate":"2020-07-31 15:24:33"},{"id":"4604","type":"ug","mid":"398","sid":"7","indate":"2020-07-31 15:23:59"},{"id":"4603","type":"ug","mid":"399","sid":"7","indate":"2020-07-31 15:23:20"},{"id":"4616","type":"ug","mid":"400","sid":"16","indate":"2020-07-31 15:27:47"},{"id":"4618","type":"ug","mid":"401","sid":"8","indate":"2020-07-31 15:53:07"},{"id":"4619","type":"ug","mid":"402","sid":"12","indate":"2020-07-31 20:12:06"},{"id":"4620","type":"ug","mid":"403","sid":"12","indate":"2020-08-01 22:36:20"},{"id":"4621","type":"ug","mid":"404","sid":"8","indate":"2020-08-03 10:43:23"},{"id":"4623","type":"ug","mid":"342","sid":"12","indate":"2020-08-03 11:26:13"},{"id":"4626","type":"ug","mid":"405","sid":"12","indate":"2020-08-03 18:24:02"},{"id":"4628","type":"ug","mid":"406","sid":"12","indate":"2020-08-03 20:23:37"},{"id":"4629","type":"ug","mid":"407","sid":"12","indate":"2020-08-03 23:35:22"},{"id":"4630","type":"ug","mid":"408","sid":"12","indate":"2020-08-04 08:01:35"},{"id":"4631","type":"ug","mid":"409","sid":"12","indate":"2020-08-04 08:07:55"},{"id":"4632","type":"ug","mid":"410","sid":"16","indate":"2020-08-04 08:09:52"},{"id":"4633","type":"ug","mid":"410","sid":"17","indate":"2020-08-04 08:09:52"},{"id":"4634","type":"ug","mid":"411","sid":"7","indate":"2020-08-04 08:12:36"},{"id":"4635","type":"ug","mid":"412","sid":"9","indate":"2020-08-04 08:13:46"},{"id":"4636","type":"ug","mid":"413","sid":"7","indate":"2020-08-04 08:14:26"},{"id":"4637","type":"ug","mid":"414","sid":"9","indate":"2020-08-04 08:15:14"},{"id":"4638","type":"ug","mid":"415","sid":"8","indate":"2020-08-04 08:15:58"},{"id":"4639","type":"ug","mid":"416","sid":"8","indate":"2020-08-04 08:16:31"},{"id":"4640","type":"ug","mid":"417","sid":"16","indate":"2020-08-04 08:18:42"},{"id":"4641","type":"ug","mid":"417","sid":"17","indate":"2020-08-04 08:18:42"},{"id":"4642","type":"ug","mid":"418","sid":"16","indate":"2020-08-04 08:23:56"},{"id":"4643","type":"ug","mid":"418","sid":"17","indate":"2020-08-04 08:23:56"},{"id":"4644","type":"ug","mid":"419","sid":"12","indate":"2020-08-04 21:13:18"},{"id":"4645","type":"ug","mid":"420","sid":"12","indate":"2020-08-05 15:43:24"},{"id":"4646","type":"ug","mid":"421","sid":"12","indate":"2020-08-05 15:47:37"}]}}