{"xinhu_infor":{"fields":[{"name":"id","type":"int","explain":"","types":"int(11)","dev":null,"isnull":"NO","lens":null},{"name":"title","type":"varchar","explain":"","types":"varchar(200)","dev":null,"isnull":"YES","lens":"200"},{"name":"optdt","type":"datetime","explain":"","types":"datetime","dev":null,"isnull":"YES","lens":null},{"name":"typename","type":"varchar","explain":"","types":"varchar(20)","dev":null,"isnull":"YES","lens":"20"},{"name":"content","type":"text","explain":"","types":"text","dev":null,"isnull":"YES","lens":"65535"},{"name":"url","type":"varchar","explain":"","types":"varchar(200)","dev":null,"isnull":"YES","lens":"200"},{"name":"receid","type":"varchar","explain":"\u63a5\u6536\u4ebaId","types":"varchar(2000)","dev":null,"isnull":"YES","lens":"2000"},{"name":"recename","type":"varchar","explain":"","types":"varchar(4000)","dev":null,"isnull":"YES","lens":"4000"},{"name":"optid","type":"smallint","explain":"","types":"smallint(6)","dev":"0","isnull":"YES","lens":null},{"name":"optname","type":"varchar","explain":"","types":"varchar(20)","dev":null,"isnull":"YES","lens":"20"},{"name":"enddt","type":"datetime","explain":"\u622a\u6b62\u65f6\u95f4","types":"datetime","dev":null,"isnull":"YES","lens":null},{"name":"startdt","type":"datetime","explain":"\u5f00\u59cb\u65f6\u95f4","types":"datetime","dev":null,"isnull":"YES","lens":null},{"name":"zuozhe","type":"varchar","explain":"\u53d1\u5e03\u8005","types":"varchar(30)","dev":null,"isnull":"YES","lens":"30"},{"name":"indate","type":"date","explain":"\u65e5\u671f","types":"date","dev":null,"isnull":"YES","lens":null},{"name":"status","type":"tinyint","explain":"\u72b6\u6001","types":"tinyint(1)","dev":"1","isnull":"YES","lens":null},{"name":"fengmian","type":"varchar","explain":"\u5c01\u9762\u56fe\u7247","types":"varchar(100)","dev":null,"isnull":"YES","lens":"100"},{"name":"mintou","type":"smallint","explain":"\u81f3\u5c11\u6295\u7968","types":"smallint(6)","dev":"0","isnull":"YES","lens":null},{"name":"maxtou","type":"smallint","explain":"\u6700\u591a\u6295\u6295\u79680\u4e0d\u9650\u5236","types":"smallint(6)","dev":"0","isnull":"YES","lens":null},{"name":"issms","type":"tinyint","explain":"\u662f\u5426\u53d1\u77ed\u4fe1","types":"tinyint(1)","dev":"0","isnull":"YES","lens":null},{"name":"istop","type":"tinyint","explain":"\u6392\u5e8f\u53f7\u8d8a\u5927\u8d8a\u9760\u524d","types":"tinyint(1)","dev":"0","isnull":"YES","lens":null},{"name":"zstart","type":"date","explain":"\u5c55\u793a\u5f00\u59cb\u65e5\u671f","types":"date","dev":null,"isnull":"YES","lens":null},{"name":"zsend","type":"date","explain":"\u5c55\u793a\u622a\u6b62\u65e5\u671f","types":"date","dev":null,"isnull":"YES","lens":null},{"name":"comid","type":"smallint","explain":"\u6240\u5728\u5355\u4f4dId","types":"smallint(6)","dev":"0","isnull":"YES","lens":null},{"name":"appxs","type":"tinyint","explain":"app\u9996\u9875\u663e\u793a","types":"tinyint(1)","dev":"0","isnull":"YES","lens":null}],"data":[{"id":"2","title":"\u7efd\u653e\u51fa","optdt":"2020-06-09 11:43:43","typename":"\u89c4\u5219\u5236\u5ea6","content":"\u8bb8\u4e0d\u76f8\u7b26\u98ce\u9669\u53d1","url":null,"receid":null,"recename":null,"optid":"266","optname":"\u5f20\u6cfd\u5a34","enddt":null,"startdt":null,"zuozhe":"\u672c\u5bab","indate":"2020-06-09","status":"1","fengmian":null,"mintou":"0","maxtou":"0","issms":"0","istop":"0","zstart":null,"zsend":null,"comid":"173","appxs":"0"},{"id":"3","title":"\u98ce\u9669\u63d0\u793a","optdt":"2020-06-11 15:13:51","typename":"\u901a\u77e5\u516c\u544a","content":"\u4ee5\u4e0b\u64cd\u4f5c\u5b58\u5728\u5b89\u5168\u9690\u60a3\uff0c\u8bf7\u5c3d\u5feb\u5173\u95ed","url":null,"receid":null,"recename":null,"optid":"260","optname":"\u9f99\u9752\u4e91","enddt":null,"startdt":null,"zuozhe":"\u6df1\u5733\u5e02\u73b2\u73d1\u79d1\u6280\u6709\u9650\u516c\u53f8","indate":"2020-06-11","status":"1","fengmian":null,"mintou":"0","maxtou":"0","issms":"0","istop":"0","zstart":null,"zsend":null,"comid":"169","appxs":"1"}]}}