{"xinhu_finpiao":{"fields":[{"name":"id","type":"int","explain":"","types":"int(11)","dev":null,"isnull":"NO","lens":null},{"name":"optname","type":"varchar","explain":"","types":"varchar(50)","dev":null,"isnull":"YES","lens":"50"},{"name":"optdt","type":"datetime","explain":"","types":"datetime","dev":null,"isnull":"YES","lens":null},{"name":"optid","type":"int","explain":"","types":"int(11)","dev":"0","isnull":"YES","lens":null},{"name":"custid","type":"int","explain":"\u5bf9\u5e94\u5ba2\u6237ID","types":"int(11)","dev":"0","isnull":"YES","lens":null},{"name":"maicustname","type":"varchar","explain":"\u8d2d\u4e70\u65b9","types":"varchar(100)","dev":null,"isnull":"YES","lens":"100"},{"name":"maicustid","type":"int","explain":"\u8d2d\u4e70\u65b9Id","types":"int(11)","dev":"0","isnull":"YES","lens":null},{"name":"type","type":"tinyint","explain":"0\u5f00,1\u6536\u5230","types":"tinyint(1)","dev":"0","isnull":"YES","lens":null},{"name":"custname","type":"varchar","explain":"\u5ba2\u6237\u540d\u79f0","types":"varchar(100)","dev":null,"isnull":"YES","lens":"100"},{"name":"daima","type":"varchar","explain":"\u53d1\u7968\u4ee3\u7801","types":"varchar(50)","dev":null,"isnull":"YES","lens":"50"},{"name":"haoma","type":"varchar","explain":"\u53d1\u7968\u53f7\u7801","types":"varchar(50)","dev":null,"isnull":"YES","lens":"50"},{"name":"money","type":"decimal","explain":"\u91d1\u989d","types":"decimal(10,2)","dev":"0.00","isnull":"YES","lens":null},{"name":"opendt","type":"date","explain":"\u5f00\u7968\u65e5\u671f","types":"date","dev":null,"isnull":"YES","lens":null},{"name":"ptype","type":"varchar","explain":"\u53d1\u7968\u7c7b\u578b","types":"varchar(50)","dev":null,"isnull":"YES","lens":"50"},{"name":"status","type":"tinyint","explain":"\u72b6\u6001","types":"tinyint(1)","dev":"0","isnull":"YES","lens":null},{"name":"kainame","type":"varchar","explain":"\u5f00\u7968\u4eba","types":"varchar(50)","dev":null,"isnull":"YES","lens":"50"},{"name":"explain","type":"varchar","explain":"\u8bf4\u660e","types":"varchar(500)","dev":null,"isnull":"YES","lens":"500"},{"name":"comid","type":"smallint","explain":"\u5bf9\u5e94\u5355\u4f4did","types":"smallint(6)","dev":"0","isnull":"YES","lens":null}],"data":[{"id":"10","optname":"\u4e00\u672c\u8d26\u79d1\u6280\u6d4b\u8bd51","optdt":"2020-07-02 11:52:56","optid":"322","custid":"0","maicustname":"\u8463\u8d85\u4e91","maicustid":"121","type":"0","custname":"\u4e00\u672c\u8d26","daima":null,"haoma":null,"money":"40000.00","opendt":"2020-07-02","ptype":"311","status":"1","kainame":"\u4e00\u672c\u8d26\u79d1\u6280\u6d4b\u8bd51","explain":"","comid":"189"},{"id":"11","optname":"\u4e00\u672c\u8d26\u79d1\u6280\u6d4b\u8bd51","optdt":"2020-07-02 14:12:15","optid":"322","custid":"0","maicustname":"\u5218\u82f1","maicustid":"118","type":"0","custname":"\u4e00\u672c\u8d26","daima":null,"haoma":null,"money":"8000.00","opendt":"2020-07-02","ptype":"311","status":"1","kainame":"\u4e00\u672c\u8d26\u79d1\u6280\u6d4b\u8bd51","explain":"","comid":"189"},{"id":"12","optname":"\u4e00\u672c\u8d26\u79d1\u6280\u6d4b\u8bd51","optdt":"2020-07-03 17:44:21","optid":"322","custid":"0","maicustname":"\u4e00\u672c\u8d26\u79d1\u6280\u6d4b\u8bd5","maicustid":"131","type":"0","custname":"\u4e00\u672c\u8d26","daima":null,"haoma":null,"money":"12000.00","opendt":"2020-07-03","ptype":"311","status":"1","kainame":"\u4e00\u672c\u8d26\u79d1\u6280\u6d4b\u8bd51","explain":"","comid":"189"},{"id":"13","optname":"\u4e00\u672c\u8d26\u79d1\u6280\u6d4b\u8bd53","optdt":"2020-07-24 09:32:01","optid":"329","custid":"0","maicustname":"\u84dd\u6d77\u8fd0\u8d39","maicustid":"145","type":"0","custname":"\u4e00\u672c\u8d26\u79d1\u6280\u6709\u9650\u516c\u53f8\u6d4b\u8bd5","daima":null,"haoma":null,"money":"6400.00","opendt":"2020-07-24","ptype":"320","status":"1","kainame":"\u4e00\u672c\u8d26\u79d1\u6280\u6d4b\u8bd53","explain":"","comid":"193"}]}}