{"xinhu_wordeil":{"fields":[{"name":"id","type":"int","explain":"","types":"int(11)","dev":null,"isnull":"NO","lens":null},{"name":"uid","type":"int","explain":"","types":"int(11)","dev":"0","isnull":"YES","lens":null},{"name":"optdt","type":"datetime","explain":"\u64cd\u4f5c\u65f6\u95f4","types":"datetime","dev":null,"isnull":"YES","lens":null},{"name":"optid","type":"smallint","explain":"","types":"smallint(6)","dev":"0","isnull":"YES","lens":null},{"name":"optname","type":"varchar","explain":"\u64cd\u4f5c\u4eba","types":"varchar(20)","dev":null,"isnull":"YES","lens":"20"},{"name":"applydt","type":"date","explain":"\u7533\u8bf7\u65e5\u671f","types":"date","dev":null,"isnull":"YES","lens":null},{"name":"explain","type":"varchar","explain":"\u8bf4\u660e","types":"varchar(500)","dev":null,"isnull":"YES","lens":"500"},{"name":"status","type":"tinyint","explain":"\u72b6\u6001","types":"tinyint(1)","dev":"1","isnull":"YES","lens":null},{"name":"isturn","type":"tinyint","explain":"\u662f\u5426\u63d0\u4ea4","types":"tinyint(1)","dev":"1","isnull":"YES","lens":null},{"name":"title","type":"varchar","explain":"\u6807\u9898","types":"varchar(100)","dev":null,"isnull":"YES","lens":"100"},{"name":"filecontid","type":"varchar","explain":"\u76f8\u5173\u6587\u4ef6","types":"varchar(100)","dev":null,"isnull":"YES","lens":"100"},{"name":"qianname","type":"varchar","explain":"\u7b7e\u6536\u4eba","types":"varchar(50)","dev":null,"isnull":"YES","lens":"50"},{"name":"qiannameid","type":"varchar","explain":"\u7b7e\u6536\u4eba\u7684ID","types":"varchar(50)","dev":null,"isnull":"YES","lens":"50"},{"name":"comid","type":"smallint","explain":"\u5bf9\u5e94\u5355\u4f4did","types":"smallint(6)","dev":"0","isnull":"YES","lens":null}],"data":[]}}