{"xinhu_flow_extent":{"fields":[{"name":"id","type":"int","explain":"","types":"int(11)","dev":null,"isnull":"NO","lens":null},{"name":"recename","type":"varchar","explain":"","types":"varchar(4000)","dev":null,"isnull":"YES","lens":"4000"},{"name":"receid","type":"varchar","explain":"","types":"varchar(4000)","dev":null,"isnull":"YES","lens":"4000"},{"name":"modeid","type":"smallint","explain":"\u6a21\u5757","types":"smallint(6)","dev":"0","isnull":"YES","lens":null},{"name":"type","type":"tinyint","explain":"0\u67e5\u770b,1\u6dfb\u52a0,2\u7f16\u8f91,3\u5220\u9664","types":"tinyint(1)","dev":"0","isnull":"YES","lens":null},{"name":"wherestr","type":"varchar","explain":"\u6761\u4ef6","types":"varchar(500)","dev":null,"isnull":"YES","lens":"500"},{"name":"explain","type":"varchar","explain":"","types":"varchar(500)","dev":null,"isnull":"YES","lens":"500"},{"name":"status","type":"tinyint","explain":"","types":"tinyint(1)","dev":"1","isnull":"NO","lens":null},{"name":"whereid","type":"smallint","explain":"\u6761\u4ef6Id","types":"smallint(6)","dev":"0","isnull":"YES","lens":null},{"name":"fieldstr","type":"varchar","explain":"\u76f8\u5173\u5b57\u6bb5","types":"varchar(500)","dev":null,"isnull":"YES","lens":"500"}],"data":[{"id":"1","recename":"\u5168\u4f53\u4eba\u5458","receid":"all","modeid":"1","type":"1","wherestr":null,"explain":null,"status":"1","whereid":"0","fieldstr":null},{"id":"2","recename":"\u5168\u4f53\u4eba\u5458","receid":"all","modeid":"1","type":"0","wherestr":"e3JlY2VpZH0:","explain":"\u53d1\u5e03\u7ed9\u5305\u542b\u6211","status":"1","whereid":"0","fieldstr":null},{"id":"3","recename":"\u5168\u4f53\u4eba\u5458","receid":"all","modeid":"3","type":"1","wherestr":null,"explain":null,"status":"1","whereid":"0","fieldstr":null},{"id":"4","recename":"\u5168\u4f53\u4eba\u5458","receid":"all","modeid":"2","type":"1","wherestr":null,"explain":null,"status":"1","whereid":"0","fieldstr":null},{"id":"5","recename":"\u5168\u4f53\u4eba\u5458","receid":"all","modeid":"2","type":"0","wherestr":"YWxs","explain":"\u5168\u90e8\u6570\u636e","status":"1","whereid":"0","fieldstr":null},{"id":"6","recename":"\u5168\u4f53\u4eba\u5458","receid":"all","modeid":"3","type":"0","wherestr":"e2FsbHN1cGVyfQ::","explain":"\u6240\u6709\u4e0b\u5c5e\u4eba\u5458","status":"1","whereid":"0","fieldstr":null},{"id":"10","recename":"\u5168\u4f53\u4eba\u5458","receid":"all","modeid":"1","type":"2","wherestr":"b3B0aWQ9e3VpZH0:","explain":"\u81ea\u5df1\u53d1\u5e03\u7684","status":"1","whereid":"0","fieldstr":null},{"id":"11","recename":"\u5168\u4f53\u4eba\u5458","receid":"all","modeid":"2","type":"2","wherestr":"YHR5cGVgPTAgYW5kIGBvcHRpZGA9e3VpZH0gYW5kIGBzdGF0ZWA9MA::","explain":"\u6211\u521b\u5efa\u7684","status":"1","whereid":"0","fieldstr":null},{"id":"12","recename":"\u5168\u4f53\u4eba\u5458","receid":"all","modeid":"4","type":"1","wherestr":null,"explain":null,"status":"1","whereid":"0","fieldstr":null},{"id":"13","recename":"\u5168\u4f53\u4eba\u5458","receid":"all","modeid":"4","type":"0","wherestr":"YWxs","explain":"\u4efb\u4f55\u4eba\u90fd\u53ef\u4ee5\u770b\u5230\u4efb\u52a1","status":"1","whereid":"0","fieldstr":null},{"id":"14","recename":"\u5168\u4f53\u4eba\u5458","receid":"all","modeid":"5","type":"1","wherestr":null,"explain":null,"status":"1","whereid":"0","fieldstr":null},{"id":"15","recename":"\u5168\u4f53\u4eba\u5458","receid":"all","modeid":"6","type":"1","wherestr":null,"explain":null,"status":"1","whereid":"0","fieldstr":null},{"id":"16","recename":"\u7ba1\u7406\u5458","receid":"u1","modeid":"1","type":"3","wherestr":"b3B0aWQ!MA::","explain":null,"status":"1","whereid":"0","fieldstr":null},{"id":"117","recename":"\u7ba1\u7406\u5458","receid":"u1","modeid":"5","type":"0","wherestr":"YWxs","explain":null,"status":"1","whereid":"0","fieldstr":null},{"id":"18","recename":"\u5168\u4f53\u4eba\u5458","receid":"all","modeid":"2","type":"3","wherestr":"YHR5cGVgPTAgYW5kIGBvcHRpZGA9e3VpZH0gYW5kIHN0YXRlIGluKDAsMyk:","explain":"\u53ef\u5220\u9664\u6211\u521b\u5efa\u7684","status":"1","whereid":"0","fieldstr":null},{"id":"19","recename":"\u5168\u4f53\u4eba\u5458","receid":"all","modeid":"8","type":"3","wherestr":"dWlkPXt1aWR9IGFuZCBzdGF0ZTw!MQ::","explain":"\u5220\u9664\u81ea\u5df1\u672a\u6210\u4ea4\u7684","status":"1","whereid":"0","fieldstr":null},{"id":"20","recename":"\u5168\u4f53\u4eba\u5458","receid":"all","modeid":"7","type":"1","wherestr":null,"explain":null,"status":"1","whereid":"0","fieldstr":null},{"id":"21","recename":"\u5168\u4f53\u4eba\u5458","receid":"all","modeid":"8","type":"1","wherestr":null,"explain":null,"status":"1","whereid":"0","fieldstr":null},{"id":"22","recename":"\u5168\u4f53\u4eba\u5458","receid":"all","modeid":"9","type":"2","wherestr":"b3B0aWQ9e3VpZH0:","explain":"\u672c\u4eba\u6dfb\u52a0\u53ef\u7f16\u8f91","status":"1","whereid":"0","fieldstr":null},{"id":"24","recename":"\u5168\u4f53\u4eba\u5458","receid":"all","modeid":"3","type":"0","wherestr":"dWlkPXt1aWR9","explain":"\u53ef\u67e5\u770b\u6211\u81ea\u5df1","status":"1","whereid":"0","fieldstr":null},{"id":"25","recename":"\u5168\u4f53\u4eba\u5458","receid":"all","modeid":"8","type":"0","wherestr":"dWlkPXt1aWR9","explain":"\u53ef\u67e5\u770b\u6211\u81ea\u5df1","status":"1","whereid":"0","fieldstr":null},{"id":"26","recename":"\u5168\u4f53\u4eba\u5458","receid":"all","modeid":"7","type":"0","wherestr":"dWlkPXt1aWR9","explain":"\u53ef\u67e5\u770b\u6211\u81ea\u5df1\u7684","status":"1","whereid":"0","fieldstr":null},{"id":"27","recename":"\u5168\u4f53\u4eba\u5458","receid":"all","modeid":"12","type":"2","wherestr":"dWlkPXt1aWR9","explain":"\u7f16\u8f91\u6211\u81ea\u5df1","status":"1","whereid":"0","fieldstr":null},{"id":"28","recename":"\u5168\u4f53\u4eba\u5458","receid":"all","modeid":"12","type":"3","wherestr":"dWlkPXt1aWR9","explain":"\u5220\u9664\u81ea\u5df1","status":"1","whereid":"0","fieldstr":null},{"id":"29","recename":"\u5168\u4f53\u4eba\u5458","receid":"all","modeid":"12","type":"1","wherestr":null,"explain":null,"status":"1","whereid":"0","fieldstr":null},{"id":"30","recename":"\u5168\u4f53\u4eba\u5458","receid":"all","modeid":"12","type":"0","wherestr":"dWlkPXt1aWR9","explain":null,"status":"1","whereid":"0","fieldstr":null},{"id":"31","recename":"\u5168\u4f53\u4eba\u5458","receid":"all","modeid":"10","type":"0","wherestr":"MT0x","explain":null,"status":"1","whereid":"0","fieldstr":null},{"id":"32","recename":"\u5168\u4f53\u4eba\u5458","receid":"all","modeid":"13","type":"0","wherestr":"YWxs","explain":"\u5168\u4f53\u4eba\u5458\u90fd\u53ef\u4ee5\u67e5\u770b\u7ec4\u7ec7\u7ed3\u6784","status":"1","whereid":"0","fieldstr":null},{"id":"33","recename":"\u7ba1\u7406\u5458","receid":"u1","modeid":"13","type":"3","wherestr":"YWxs","explain":null,"status":"1","whereid":"0","fieldstr":null},{"id":"34","recename":"\u7ba1\u7406\u5458","receid":"u1","modeid":"10","type":"3","wherestr":"YHR5cGVgPTA:","explain":"\u53ea\u80fd\u5220\u9664\u975e\u7ba1\u7406\u5458\u5e10\u53f7","status":"1","whereid":"0","fieldstr":null},{"id":"35","recename":"\u7ba1\u7406\u5458","receid":"u1","modeid":"14","type":"0","wherestr":"YWxs","explain":null,"status":"1","whereid":"0","fieldstr":null},{"id":"36","recename":"\u7ba1\u7406\u5458","receid":"u1","modeid":"14","type":"3","wherestr":"YWxs","explain":null,"status":"1","whereid":"0","fieldstr":null},{"id":"37","recename":"\u7ba1\u7406\u5458","receid":"u1","modeid":"15","type":"0","wherestr":"YWxs","explain":null,"status":"1","whereid":"0","fieldstr":null},{"id":"38","recename":"\u7ba1\u7406\u5458","receid":"u1","modeid":"15","type":"3","wherestr":"YWxs","explain":null,"status":"1","whereid":"0","fieldstr":null},{"id":"39","recename":"\u7ba1\u7406\u5458","receid":"u1","modeid":"16","type":"0","wherestr":"YWxs","explain":null,"status":"1","whereid":"0","fieldstr":null},{"id":"40","recename":"\u7ba1\u7406\u5458","receid":"u1","modeid":"16","type":"3","wherestr":"YWxs","explain":null,"status":"1","whereid":"0","fieldstr":null},{"id":"41","recename":"\u7ba1\u7406\u5458","receid":"u1","modeid":"17","type":"0","wherestr":"YWxs","explain":null,"status":"1","whereid":"0","fieldstr":null},{"id":"42","recename":"\u7ba1\u7406\u5458","receid":"u1","modeid":"17","type":"3","wherestr":"YWxs","explain":null,"status":"1","whereid":"0","fieldstr":null},{"id":"43","recename":"\u7ba1\u7406\u5458","receid":"u1","modeid":"18","type":"0","wherestr":"YWxs","explain":null,"status":"1","whereid":"0","fieldstr":null},{"id":"44","recename":"\u7ba1\u7406\u5458","receid":"u1","modeid":"18","type":"3","wherestr":"YWxs","explain":null,"status":"1","whereid":"0","fieldstr":null},{"id":"45","recename":"\u7ba1\u7406\u5458","receid":"u1","modeid":"9","type":"3","wherestr":"YWxs","explain":"\u7ba1\u7406\u53ef\u5220\u9664\u5168\u90e8","status":"1","whereid":"0","fieldstr":null},{"id":"46","recename":"\u5168\u4f53\u4eba\u5458","receid":"all","modeid":"24","type":"1","wherestr":null,"explain":null,"status":"1","whereid":"0","fieldstr":null},{"id":"47","recename":"\u5168\u4f53\u4eba\u5458","receid":"all","modeid":"25","type":"1","wherestr":null,"explain":null,"status":"1","whereid":"0","fieldstr":null},{"id":"48","recename":"\u5168\u4f53\u4eba\u5458","receid":"all","modeid":"26","type":"1","wherestr":null,"explain":null,"status":"1","whereid":"0","fieldstr":null},{"id":"49","recename":"\u5168\u4f53\u4eba\u5458","receid":"all","modeid":"7","type":"2","wherestr":"dWlkPXt1aWR9","explain":"\u53ef\u7f16\u8f91\u6211\u81ea\u5df1\u7684","status":"1","whereid":"0","fieldstr":null},{"id":"50","recename":"\u5168\u4f53\u4eba\u5458","receid":"all","modeid":"22","type":"1","wherestr":null,"explain":null,"status":"1","whereid":"0","fieldstr":null},{"id":"51","recename":"\u5168\u4f53\u4eba\u5458","receid":"all","modeid":"22","type":"2","wherestr":"b3B0aWQ9e3VpZH0:","explain":"\u521b\u5efa\u4eba\u53ef\u4fee\u6539","status":"1","whereid":"0","fieldstr":null},{"id":"52","recename":"\u5168\u4f53\u4eba\u5458","receid":"all","modeid":"23","type":"1","wherestr":null,"explain":null,"status":"1","whereid":"0","fieldstr":null},{"id":"53","recename":"\u5168\u4f53\u4eba\u5458","receid":"all","modeid":"11","type":"1","wherestr":null,"explain":null,"status":"1","whereid":"0","fieldstr":null},{"id":"54","recename":"\u5168\u4f53\u4eba\u5458","receid":"all","modeid":"27","type":"1","wherestr":null,"explain":null,"status":"1","whereid":"0","fieldstr":null},{"id":"55","recename":"\u5168\u4f53\u4eba\u5458","receid":"all","modeid":"8","type":"2","wherestr":"dWlkPXt1aWR9IGFuZCBodGlkPTA:","explain":"\u53ef\u7f16\u8f91\u81ea\u5df1\u672a\u521b\u5efa\u5408\u540c\u7684\u5355\u5b50","status":"1","whereid":"0","fieldstr":null},{"id":"56","recename":"\u5168\u4f53\u4eba\u5458","receid":"all","modeid":"3","type":"2","wherestr":"dWlkPXt1aWR9IGFuZCBkdD57ZGF0ZS0zfQ::","explain":"\u81ea\u5df1\u53ef\u7f16\u8f913\u5929\u524d\u65e5\u62a5","status":"1","whereid":"0","fieldstr":null},{"id":"57","recename":"\u5168\u4f53\u4eba\u5458","receid":"all","modeid":"29","type":"2","wherestr":"aWQ9e3VpZH0:","explain":"\u53ef\u7f16\u8f91\u81ea\u5df1\u7684","status":"1","whereid":"0","fieldstr":null},{"id":"58","recename":"\u7ba1\u7406\u5458","receid":"u1","modeid":"29","type":"0","wherestr":"YWxs","explain":null,"status":"1","whereid":"0","fieldstr":null},{"id":"59","recename":"\u5168\u4f53\u4eba\u5458","receid":"all","modeid":"29","type":"0","wherestr":"aWQ9e3VpZH0:","explain":"\u53ef\u67e5\u770b\u81ea\u5df1","status":"1","whereid":"0","fieldstr":null},{"id":"60","recename":"\u7ba1\u7406\u5458","receid":"u1","modeid":"31","type":"0","wherestr":"YWxs","explain":"\u53ef\u67e5\u770b\u6240\u6709\u4eba","status":"1","whereid":"0","fieldstr":null},{"id":"61","recename":"\u7ba1\u7406\u5458","receid":"u1","modeid":"31","type":"2","wherestr":"YWxs","explain":"\u7ba1\u7406\u5458\u53ef\u7f16\u8f91\u6240\u6709\u4eba","status":"1","whereid":"0","fieldstr":null},{"id":"62","recename":"\u7ba1\u7406\u5458,\u884c\u653f\u4eba\u4e8b\u90e8","receid":"u1,d4","modeid":"29","type":"3","wherestr":"YWxs","explain":null,"status":"1","whereid":"0","fieldstr":null},{"id":"63","recename":"\u5168\u4f53\u4eba\u5458","receid":"all","modeid":"33","type":"1","wherestr":null,"explain":null,"status":"1","whereid":"0","fieldstr":null},{"id":"64","recename":"\u5168\u4f53\u4eba\u5458","receid":"all","modeid":"32","type":"1","wherestr":null,"explain":null,"status":"1","whereid":"0","fieldstr":null},{"id":"65","recename":"\u5168\u4f53\u4eba\u5458","receid":"all","modeid":"34","type":"0","wherestr":"YHh1aWRgPXt1aWR9","explain":"\u53ef\u67e5\u770b\u81ea\u5df1\u85aa\u8d44","status":"1","whereid":"0","fieldstr":null},{"id":"66","recename":"\u5168\u4f53\u4eba\u5458","receid":"all","modeid":"34","type":"0","wherestr":"YG9wdGlkYD17dWlkfQ::","explain":"\u53ef\u67e5\u770b\u6211\u63d0\u4ea4\u7684","status":"1","whereid":"0","fieldstr":null},{"id":"67","recename":"\u90e8\u95e8\u8d1f\u8d23\u4eba","receid":"g3","modeid":"34","type":"0","wherestr":null,"explain":null,"status":"1","whereid":"220","fieldstr":null},{"id":"68","recename":"\u5168\u4f53\u4eba\u5458","receid":"all","modeid":"35","type":"1","wherestr":null,"explain":null,"status":"1","whereid":"0","fieldstr":null},{"id":"69","recename":"\u5168\u4f53\u4eba\u5458","receid":"all","modeid":"35","type":"2","wherestr":"dWlkPXt1aWR9IGFuZCBtb25leT1tb25leXM:","explain":"\u7f16\u8f91\u6211\u7684\u5408\u540c","status":"1","whereid":"0","fieldstr":null},{"id":"70","recename":"\u5168\u4f53\u4eba\u5458","receid":"all","modeid":"36","type":"2","wherestr":"dWlkPXt1aWR9IGFuZCBpc3BheT0w","explain":"\u672a\u4ed8\u6b3e\u524d\u53ef\u4ee5\u7f16\u8f91","status":"1","whereid":"0","fieldstr":null},{"id":"71","recename":"\u7ba1\u7406\u5458","receid":"u1","modeid":"36","type":"0","wherestr":"YWxs","explain":null,"status":"1","whereid":"0","fieldstr":null},{"id":"72","recename":"\u5168\u4f53\u4eba\u5458","receid":"all","modeid":"37","type":"1","wherestr":null,"explain":null,"status":"1","whereid":"0","fieldstr":null},{"id":"73","recename":"\u5168\u4f53\u4eba\u5458","receid":"all","modeid":"40","type":"0","wherestr":"YWxs","explain":"\u4efb\u4f55\u4eba\u90fd\u53ef\u4ee5\u67e5\u770b\u77e5\u8bc6","status":"1","whereid":"0","fieldstr":null},{"id":"74","recename":"\u7ba1\u7406\u5458,\u5927\u4e54","receid":"u1,u4","modeid":"40","type":"2","wherestr":"YWxs","explain":null,"status":"1","whereid":"0","fieldstr":null},{"id":"75","recename":"\u7ba1\u7406\u5458,\u884c\u653f\u4eba\u4e8b\u90e8","receid":"u1,d4","modeid":"41","type":"2","wherestr":"YWxs","explain":null,"status":"1","whereid":"0","fieldstr":null},{"id":"76","recename":"\u884c\u653f\u4eba\u4e8b\u90e8","receid":"d4","modeid":"41","type":"1","wherestr":null,"explain":null,"status":"1","whereid":"0","fieldstr":null},{"id":"77","recename":"\u5168\u4f53\u4eba\u5458","receid":"all","modeid":"41","type":"0","wherestr":"YWxs","explain":null,"status":"1","whereid":"0","fieldstr":null},{"id":"78","recename":"\u7ba1\u7406\u5458,\u884c\u653f\u4eba\u4e8b\u90e8","receid":"u1,d4","modeid":"41","type":"3","wherestr":"YWxs","explain":null,"status":"1","whereid":"0","fieldstr":null},{"id":"79","recename":"\u7ba1\u7406\u5458,\u884c\u653f\u4eba\u4e8b\u90e8","receid":"u1,d4","modeid":"42","type":"1","wherestr":null,"explain":null,"status":"1","whereid":"0","fieldstr":null},{"id":"80","recename":"\u7ba1\u7406\u5458,\u884c\u653f\u4eba\u4e8b\u90e8","receid":"u1,d4","modeid":"42","type":"0","wherestr":"YWxs","explain":null,"status":"1","whereid":"0","fieldstr":null},{"id":"81","recename":"\u7ba1\u7406\u5458,\u884c\u653f\u4eba\u4e8b\u90e8","receid":"u1,d4","modeid":"42","type":"2","wherestr":"YWxs","explain":null,"status":"1","whereid":"0","fieldstr":null},{"id":"82","recename":"\u7ba1\u7406\u5458,\u884c\u653f\u4eba\u4e8b\u90e8","receid":"u1,d4","modeid":"42","type":"3","wherestr":"YWxs","explain":null,"status":"1","whereid":"0","fieldstr":null},{"id":"83","recename":"\u7ba1\u7406\u5458,\u884c\u653f\u4eba\u4e8b\u90e8","receid":"u1,d4","modeid":"43","type":"1","wherestr":null,"explain":null,"status":"1","whereid":"0","fieldstr":null},{"id":"84","recename":"\u4e2d\u6295\u5f00\u53d1\u56e2\u961f","receid":"d1","modeid":"43","type":"2","wherestr":"b3B0aWQ9e3VpZH0:","explain":null,"status":"1","whereid":"0","fieldstr":null},{"id":"85","recename":"\u7ba1\u7406\u5458,\u884c\u653f\u4eba\u4e8b\u90e8","receid":"u1,d4","modeid":"43","type":"2","wherestr":"YWxs","explain":null,"status":"1","whereid":"0","fieldstr":null},{"id":"86","recename":"\u7ba1\u7406\u5458,\u884c\u653f\u4eba\u4e8b\u90e8","receid":"u1,d4","modeid":"43","type":"3","wherestr":"YWxs","explain":null,"status":"1","whereid":"0","fieldstr":null},{"id":"87","recename":"\u5168\u4f53\u4eba\u5458","receid":"all","modeid":"43","type":"0","wherestr":"YWxs","explain":null,"status":"1","whereid":"0","fieldstr":null},{"id":"88","recename":"\u5168\u4f53\u4eba\u5458","receid":"all","modeid":"44","type":"1","wherestr":null,"explain":null,"status":"1","whereid":"0","fieldstr":null},{"id":"89","recename":"\u5168\u4f53\u4eba\u5458","receid":"all","modeid":"44","type":"0","wherestr":"YWxs","explain":null,"status":"1","whereid":"0","fieldstr":null},{"id":"90","recename":"\u5168\u4f53\u4eba\u5458","receid":"all","modeid":"45","type":"0","wherestr":"YWxs","explain":null,"status":"1","whereid":"0","fieldstr":null},{"id":"91","recename":"\u5168\u4f53\u4eba\u5458","receid":"all","modeid":"45","type":"2","wherestr":"b3B0aWQ9e3VpZH0:","explain":"\u53ef\u7f16\u8f91\u81ea\u5df1\u6dfb\u52a0","status":"1","whereid":"0","fieldstr":null},{"id":"92","recename":"\u7ba1\u7406\u5458,\u884c\u653f\u4eba\u4e8b\u90e8","receid":"u1,d4","modeid":"45","type":"2","wherestr":"YWxs","explain":null,"status":"1","whereid":"0","fieldstr":null},{"id":"93","recename":"\u7ba1\u7406\u5458,\u884c\u653f\u4eba\u4e8b\u90e8","receid":"u1,d4","modeid":"45","type":"3","wherestr":"YWxs","explain":null,"status":"1","whereid":"0","fieldstr":null},{"id":"94","recename":"\u5168\u4f53\u4eba\u5458","receid":"all","modeid":"46","type":"1","wherestr":null,"explain":null,"status":"1","whereid":"0","fieldstr":null},{"id":"95","recename":"\u5168\u4f53\u4eba\u5458","receid":"all","modeid":"46","type":"0","wherestr":"YWxs","explain":null,"status":"1","whereid":"0","fieldstr":null},{"id":"96","recename":"\u5168\u4f53\u4eba\u5458","receid":"all","modeid":"22","type":"3","wherestr":"b3B0aWQ9e3VpZH0:","explain":"\u521b\u5efa\u4eba\u53ef\u5220\u9664\u81ea\u5df1\u7684","status":"1","whereid":"0","fieldstr":null},{"id":"97","recename":"\u5168\u4f53\u4eba\u5458","receid":"all","modeid":"47","type":"1","wherestr":null,"explain":null,"status":"1","whereid":"0","fieldstr":null},{"id":"98","recename":"\u5168\u4f53\u4eba\u5458","receid":"all","modeid":"47","type":"2","wherestr":"c2VuZGlkPXt1aWR9IGFuZCBpc3R1cm49MA::","explain":"\u53ef\u7f16\u8f91\u8349\u7a3f","status":"1","whereid":"0","fieldstr":null},{"id":"99","recename":"\u5168\u4f53\u4eba\u5458","receid":"all","modeid":"47","type":"3","wherestr":"c2VuZGlkPXt1aWR9IGFuZCBpc3R1cm49MA::","explain":"\u53ef\u5220\u9664\u8349\u7a3f","status":"1","whereid":"0","fieldstr":null},{"id":"100","recename":"\u7ba1\u7406\u5458","receid":"u1","modeid":"21","type":"3","wherestr":"YWxs","explain":null,"status":"1","whereid":"0","fieldstr":null},{"id":"101","recename":"\u5168\u4f53\u4eba\u5458","receid":"all","modeid":"48","type":"0","wherestr":"YWxs","explain":null,"status":"1","whereid":"0","fieldstr":null},{"id":"102","recename":"\u5168\u4f53\u4eba\u5458","receid":"all","modeid":"48","type":"2","wherestr":"YWxs","explain":null,"status":"1","whereid":"0","fieldstr":null},{"id":"103","recename":"\u5168\u4f53\u4eba\u5458","receid":"all","modeid":"48","type":"3","wherestr":"YWxs","explain":null,"status":"1","whereid":"0","fieldstr":null},{"id":"104","recename":"\u5168\u4f53\u4eba\u5458","receid":"all","modeid":"49","type":"1","wherestr":null,"explain":null,"status":"1","whereid":"0","fieldstr":null},{"id":"105","recename":"\u5168\u4f53\u4eba\u5458","receid":"all","modeid":"51","type":"1","wherestr":null,"explain":null,"status":"1","whereid":"0","fieldstr":null},{"id":"106","recename":"\u5168\u4f53\u4eba\u5458","receid":"all","modeid":"52","type":"1","wherestr":null,"explain":null,"status":"1","whereid":"0","fieldstr":null},{"id":"107","recename":"\u5168\u4f53\u4eba\u5458","receid":"all","modeid":"53","type":"1","wherestr":null,"explain":null,"status":"1","whereid":"0","fieldstr":null},{"id":"108","recename":"\u5168\u4f53\u4eba\u5458","receid":"all","modeid":"53","type":"2","wherestr":"dWlkPXt1aWR9","explain":null,"status":"1","whereid":"0","fieldstr":null},{"id":"109","recename":"\u5168\u4f53\u4eba\u5458","receid":"all","modeid":"53","type":"3","wherestr":"dWlkPXt1aWR9","explain":null,"status":"1","whereid":"0","fieldstr":null},{"id":"110","recename":"\u5168\u4f53\u4eba\u5458","receid":"all","modeid":"36","type":"1","wherestr":null,"explain":null,"status":"1","whereid":"0","fieldstr":null},{"id":"111","recename":"\u5168\u4f53\u4eba\u5458","receid":"all","modeid":"36","type":"3","wherestr":"dWlkPXt1aWR9IGFuZCBpc3BheT0w","explain":null,"status":"1","whereid":"0","fieldstr":null},{"id":"112","recename":"\u884c\u653f\u4eba\u4e8b\u90e8","receid":"d4","modeid":"28","type":"1","wherestr":null,"explain":null,"status":"1","whereid":"0","fieldstr":null},{"id":"113","recename":"\u5168\u4f53\u4eba\u5458","receid":"all","modeid":"54","type":"1","wherestr":null,"explain":null,"status":"1","whereid":"0","fieldstr":null},{"id":"114","recename":"\u5168\u4f53\u4eba\u5458","receid":"all","modeid":"54","type":"0","wherestr":"YWxs","explain":null,"status":"1","whereid":"0","fieldstr":null},{"id":"115","recename":"\u5168\u4f53\u4eba\u5458","receid":"all","modeid":"54","type":"2","wherestr":"b3B0aWQ9e3VpZH0:","explain":null,"status":"1","whereid":"0","fieldstr":null},{"id":"116","recename":"\u5168\u4f53\u4eba\u5458","receid":"all","modeid":"38","type":"1","wherestr":null,"explain":null,"status":"1","whereid":"0","fieldstr":null},{"id":"120","recename":"\u5168\u4f53\u4eba\u5458","receid":"all","modeid":"10","type":"0","wherestr":"e2RlcHR9","explain":"\u53ef\u4ee5\u67e5\u770b\u672c\u90e8\u95e8\u4eba\u5458","status":"1","whereid":"152","fieldstr":null},{"id":"123","recename":"\u7ba1\u7406\u5458,\u884c\u653f\u4eba\u4e8b\u90e8","receid":"u1,d4","modeid":"56","type":"1","wherestr":null,"explain":null,"status":"1","whereid":"0","fieldstr":null},{"id":"124","recename":"\u5168\u4f53\u4eba\u5458","receid":"all","modeid":"56","type":"3","wherestr":"YG9wdGlkYD17dWlkfSBhbmQgYHN0YXJ0ZHRgPm5vdygp","explain":"\u65f6\u95f4\u8fd8\u672a\u5f00\u59cb\u5c31\u53ef\u4ee5\u5220\u9664","status":"1","whereid":"0","fieldstr":null},{"id":"125","recename":"\u5168\u4f53\u4eba\u5458","receid":"all","modeid":"56","type":"2","wherestr":"YG9wdGlkYD17dWlkfSBhbmQgYHN0YXJ0ZHRgPm5vdygp","explain":"\u65f6\u95f4\u8fd8\u672a\u5f00\u59cb\u5c31\u53ef\u4ee5\u7f16\u8f91","status":"1","whereid":"0","fieldstr":null},{"id":"126","recename":"\u5168\u4f53\u4eba\u5458","receid":"all","modeid":"56","type":"0","wherestr":"YG9wdGlkYD17dWlkfQ::","explain":null,"status":"1","whereid":"0","fieldstr":null},{"id":"127","recename":"\u7ba1\u7406\u5458,\u884c\u653f\u4eba\u4e8b\u90e8","receid":"u1,d4","modeid":"56","type":"0","wherestr":"YWxs","explain":null,"status":"1","whereid":"0","fieldstr":null},{"id":"130","recename":"\u5168\u4f53\u4eba\u5458","receid":"all","modeid":"58","type":"2","wherestr":"b3B0aWQ9e3VpZH0:","explain":null,"status":"1","whereid":"0","fieldstr":null},{"id":"131","recename":"\u5168\u4f53\u4eba\u5458","receid":"all","modeid":"58","type":"3","wherestr":"b3B0aWQ9e3VpZH0:","explain":null,"status":"1","whereid":"0","fieldstr":null},{"id":"132","recename":"\u5168\u4f53\u4eba\u5458","receid":"all","modeid":"61","type":"1","wherestr":null,"explain":null,"status":"1","whereid":"0","fieldstr":null},{"id":"133","recename":"\u5168\u4f53\u4eba\u5458","receid":"all","modeid":"61","type":"2","wherestr":"dWlkPXt1aWR9","explain":"\u53ef\u7f16\u8f91\u6211\u81ea\u5df1","status":"1","whereid":"0","fieldstr":null},{"id":"134","recename":"\u5168\u4f53\u4eba\u5458","receid":"all","modeid":"61","type":"3","wherestr":"dWlkPXt1aWR9","explain":"\u53ef\u5220\u9664\u6211\u81ea\u5df1\u7684","status":"1","whereid":"0","fieldstr":null},{"id":"135","recename":"\u7ba1\u7406\u5458","receid":"u1","modeid":"61","type":"3","wherestr":"YWxs","explain":null,"status":"1","whereid":"0","fieldstr":null},{"id":"136","recename":"\u7ba1\u7406\u5458","receid":"u1","modeid":"61","type":"0","wherestr":"YWxs","explain":null,"status":"1","whereid":"0","fieldstr":null},{"id":"137","recename":"\u5168\u4f53\u4eba\u5458","receid":"all","modeid":"62","type":"1","wherestr":null,"explain":null,"status":"1","whereid":"0","fieldstr":null},{"id":"138","recename":"\u884c\u653f\u4eba\u4e8b\u90e8","receid":"d4","modeid":"62","type":"0","wherestr":"YWxs","explain":null,"status":"1","whereid":"0","fieldstr":null},{"id":"139","recename":"\u5168\u4f53\u4eba\u5458","receid":"all","modeid":"63","type":"0","wherestr":"YWxs","explain":null,"status":"1","whereid":"0","fieldstr":null},{"id":"140","recename":"\u7ba1\u7406\u5458","receid":"u1","modeid":"63","type":"1","wherestr":null,"explain":null,"status":"1","whereid":"0","fieldstr":null},{"id":"141","recename":"\u7ba1\u7406\u5458","receid":"u1","modeid":"63","type":"3","wherestr":"YGlkYD4x","explain":null,"status":"1","whereid":"0","fieldstr":null},{"id":"142","recename":"\u7ba1\u7406\u5458","receid":"u1","modeid":"63","type":"2","wherestr":"YWxs","explain":null,"status":"1","whereid":"0","fieldstr":null},{"id":"143","recename":"\u7ba1\u7406\u5458","receid":"u1","modeid":"10","type":"2","wherestr":"YWxs","explain":null,"status":"1","whereid":"0","fieldstr":null},{"id":"144","recename":"\u5168\u4f53\u4eba\u5458","receid":"all","modeid":"7","type":"3","wherestr":"dWlkPXt1aWR9","explain":"\u53ef\u5220\u9664\u6211\u81ea\u5df1\u7684","status":"1","whereid":"0","fieldstr":null},{"id":"145","recename":"\u5168\u4f53\u4eba\u5458","receid":"all","modeid":"64","type":"1","wherestr":null,"explain":null,"status":"1","whereid":"0","fieldstr":null},{"id":"146","recename":"\u5168\u4f53\u4eba\u5458","receid":"all","modeid":"65","type":"1","wherestr":null,"explain":null,"status":"1","whereid":"0","fieldstr":null},{"id":"147","recename":"\u7ba1\u7406\u5458","receid":"u1","modeid":"10","type":"4","wherestr":null,"explain":null,"status":"1","whereid":"0","fieldstr":null},{"id":"148","recename":"\u5168\u4f53\u4eba\u5458","receid":"all","modeid":"7","type":"4","wherestr":null,"explain":null,"status":"1","whereid":"0","fieldstr":null},{"id":"149","recename":"\u7ba1\u7406\u5458","receid":"u1","modeid":"67","type":"3","wherestr":"YWxs","explain":"\u7ba1\u7406\u5458\u53ef\u5220\u9664\u5168\u90e8\u4eba\u7684","status":"1","whereid":"0","fieldstr":null},{"id":"150","recename":"\u5168\u4f53\u4eba\u5458","receid":"all","modeid":"67","type":"3","wherestr":"YG9wdGlkYD17dWlkfQ::","explain":"\u53ef\u5220\u9664\u6211\u7684\u8ba2\u9605","status":"1","whereid":"0","fieldstr":null},{"id":"151","recename":"\u5168\u4f53\u4eba\u5458","receid":"all","modeid":"67","type":"2","wherestr":"YG9wdGlkYD17dWlkfQ::","explain":"\u7f16\u8f91\u81ea\u5df1\u8ba2\u9605","status":"1","whereid":"0","fieldstr":null},{"id":"153","recename":"\u5168\u4f53\u4eba\u5458","receid":"all","modeid":"68","type":"1","wherestr":null,"explain":null,"status":"1","whereid":"0","fieldstr":null},{"id":"154","recename":"\u5168\u4f53\u4eba\u5458","receid":"all","modeid":"68","type":"0","wherestr":"e3JlY2VpZCx1aWRpbn0:","explain":null,"status":"1","whereid":"0","fieldstr":null},{"id":"155","recename":"\u7ba1\u7406\u5458","receid":"u1","modeid":"68","type":"3","wherestr":"YWxs","explain":"\u7ba1\u7406\u5458\u53ef\u5220\u9664\u6240\u6709","status":"1","whereid":"0","fieldstr":null},{"id":"156","recename":"\u7ba1\u7406\u5458","receid":"u1","modeid":"70","type":"2","wherestr":"YWxs","explain":null,"status":"1","whereid":"0","fieldstr":null},{"id":"157","recename":"\u7ba1\u7406\u5458","receid":"u1","modeid":"70","type":"3","wherestr":"YWxs","explain":null,"status":"1","whereid":"0","fieldstr":null},{"id":"158","recename":"\u7ba1\u7406\u5458,\u884c\u653f\u4eba\u4e8b\u90e8","receid":"u1,d4","modeid":"29","type":"2","wherestr":"YWxs","explain":"\u7f16\u8f91\u6240\u6709\u4eba","status":"1","whereid":"0","fieldstr":null},{"id":"159","recename":"\u5168\u4f53\u4eba\u5458","receid":"all","modeid":"71","type":"1","wherestr":null,"explain":null,"status":"1","whereid":"0","fieldstr":null},{"id":"160","recename":"\u5168\u4f53\u4eba\u5458","receid":"all","modeid":"72","type":"1","wherestr":null,"explain":null,"status":"1","whereid":"0","fieldstr":null},{"id":"161","recename":"\u5168\u4f53\u4eba\u5458","receid":"all","modeid":"72","type":"0","wherestr":"YWxs","explain":null,"status":"1","whereid":"0","fieldstr":null},{"id":"162","recename":"\u5168\u4f53\u4eba\u5458","receid":"all","modeid":"69","type":"0","wherestr":"e3JlY2VpZH0:","explain":null,"status":"1","whereid":"0","fieldstr":null},{"id":"163","recename":"\u7ba1\u7406\u5458","receid":"u1","modeid":"73","type":"2","wherestr":"YWxs","explain":null,"status":"1","whereid":"0","fieldstr":null},{"id":"164","recename":"\u7ba1\u7406\u5458","receid":"u1","modeid":"73","type":"3","wherestr":"YWxs","explain":null,"status":"1","whereid":"0","fieldstr":null},{"id":"165","recename":"\u7ba1\u7406\u5458","receid":"u1","modeid":"7","type":"2","wherestr":"YGlzZ3lzYD0x","explain":"\u53ef\u7f16\u8f91\u4f9b\u5e94\u5546","status":"1","whereid":"0","fieldstr":null},{"id":"166","recename":"\u5168\u4f53\u4eba\u5458","receid":"all","modeid":"74","type":"1","wherestr":null,"explain":null,"status":"1","whereid":"0","fieldstr":null},{"id":"167","recename":"\u7ba1\u7406\u5458","receid":"u1","modeid":"74","type":"2","wherestr":"YWxs","explain":null,"status":"1","whereid":"0","fieldstr":null},{"id":"168","recename":"\u7ba1\u7406\u5458","receid":"u1","modeid":"74","type":"3","wherestr":"YWxs","explain":null,"status":"1","whereid":"0","fieldstr":null},{"id":"169","recename":"\u5168\u4f53\u4eba\u5458","receid":"all","modeid":"74","type":"2","wherestr":"YHVpZGA9e3VpZH0:","explain":null,"status":"1","whereid":"0","fieldstr":null},{"id":"170","recename":"\u5168\u4f53\u4eba\u5458","receid":"all","modeid":"74","type":"3","wherestr":"YHVpZGA9e3VpZH0:","explain":null,"status":"1","whereid":"0","fieldstr":null},{"id":"172","recename":"\u7ba1\u7406\u5458","receid":"u1","modeid":"7","type":"2","wherestr":"YGlzZ2hgPTE:","explain":"\u7ba1\u7406\u5458\u53ef\u7f16\u8f91\u516c\u6d77\u5e93","status":"1","whereid":"0","fieldstr":null},{"id":"173","recename":"\u5168\u4f53\u4eba\u5458","receid":"all","modeid":"77","type":"1","wherestr":null,"explain":null,"status":"1","whereid":"0","fieldstr":null},{"id":"174","recename":"\u5168\u4f53\u4eba\u5458","receid":"all","modeid":"7","type":"0","wherestr":"YGlzZ2hgPTE:","explain":"\u53ef\u67e5\u770b\u516c\u6d77\u5e93\u5ba2\u6237\u4fe1\u606f","status":"1","whereid":"0","fieldstr":null},{"id":"175","recename":"\u5168\u4f53\u4eba\u5458","receid":"all","modeid":"78","type":"1","wherestr":null,"explain":null,"status":"1","whereid":"0","fieldstr":null},{"id":"176","recename":"\u5168\u4f53\u4eba\u5458","receid":"all","modeid":"79","type":"1","wherestr":null,"explain":null,"status":"1","whereid":"0","fieldstr":null},{"id":"177","recename":"\u5168\u4f53\u4eba\u5458","receid":"all","modeid":"39","type":"1","wherestr":null,"explain":null,"status":"1","whereid":"0","fieldstr":null},{"id":"178","recename":"\u7ba1\u7406\u5458","receid":"u1","modeid":"10","type":"5","wherestr":null,"explain":null,"status":"1","whereid":"0","fieldstr":null},{"id":"179","recename":"\u5168\u4f53\u4eba\u5458","receid":"all","modeid":"80","type":"1","wherestr":null,"explain":null,"status":"1","whereid":"0","fieldstr":null},{"id":"180","recename":"\u5168\u4f53\u4eba\u5458","receid":"all","modeid":"80","type":"2","wherestr":"dWlkPXt1aWR9","explain":null,"status":"1","whereid":"0","fieldstr":null},{"id":"181","recename":"\u5168\u4f53\u4eba\u5458","receid":"all","modeid":"80","type":"3","wherestr":"dWlkPXt1aWR9","explain":null,"status":"1","whereid":"0","fieldstr":null},{"id":"182","recename":"\u7ba1\u7406\u5458","receid":"u1","modeid":"29","type":"4","wherestr":null,"explain":null,"status":"1","whereid":"0","fieldstr":null},{"id":"183","recename":"\u5168\u4f53\u4eba\u5458","receid":"all","modeid":"81","type":"2","wherestr":"YG9wdGlkYD17dWlkfQ::","explain":null,"status":"1","whereid":"0","fieldstr":null},{"id":"184","recename":"\u5168\u4f53\u4eba\u5458","receid":"all","modeid":"81","type":"3","wherestr":"YG9wdGlkYD17dWlkfQ::","explain":null,"status":"1","whereid":"0","fieldstr":null},{"id":"185","recename":"\u884c\u653f\u4eba\u4e8b\u90e8","receid":"d4","modeid":"81","type":"0","wherestr":"YWxs","explain":null,"status":"1","whereid":"0","fieldstr":null},{"id":"187","recename":"\u7ba1\u7406\u5458","receid":"u1","modeid":"71","type":"0","wherestr":"YWxs","explain":null,"status":"0","whereid":"0","fieldstr":null},{"id":"188","recename":"\u7ba1\u7406\u5458","receid":"u1","modeid":"71","type":"5","wherestr":null,"explain":null,"status":"1","whereid":"0","fieldstr":null},{"id":"189","recename":"\u7ba1\u7406\u5458,\u884c\u653f\u4eba\u4e8b\u90e8","receid":"u1,d4","modeid":"83","type":"2","wherestr":"YWxs","explain":null,"status":"1","whereid":"0","fieldstr":null},{"id":"190","recename":"\u7ba1\u7406\u5458,\u884c\u653f\u4eba\u4e8b\u90e8","receid":"u1,d4","modeid":"83","type":"3","wherestr":"YWxs","explain":null,"status":"1","whereid":"0","fieldstr":null},{"id":"191","recename":"\u884c\u653f\u4eba\u4e8b\u90e8,\u7ba1\u7406\u5458","receid":"d4,u1","modeid":"84","type":"2","wherestr":"YWxs","explain":null,"status":"1","whereid":"0","fieldstr":null},{"id":"192","recename":"\u884c\u653f\u4eba\u4e8b\u90e8,\u7ba1\u7406\u5458","receid":"d4,u1","modeid":"84","type":"3","wherestr":"YWxs","explain":null,"status":"1","whereid":"0","fieldstr":null},{"id":"193","recename":"\u884c\u653f\u4eba\u4e8b\u90e8","receid":"d4","modeid":"84","type":"1","wherestr":null,"explain":null,"status":"1","whereid":"0","fieldstr":null},{"id":"194","recename":"\u7ba1\u7406\u5458,\u884c\u653f\u4eba\u4e8b\u90e8","receid":"u1,d4","modeid":"83","type":"0","wherestr":"YWxs","explain":null,"status":"1","whereid":"0","fieldstr":null},{"id":"195","recename":"\u884c\u653f\u4eba\u4e8b\u90e8","receid":"d4","modeid":"34","type":"1","wherestr":null,"explain":null,"status":"1","whereid":"0","fieldstr":null},{"id":"196","recename":"\u90e8\u95e8\u8d1f\u8d23\u4eba","receid":"g3","modeid":"34","type":"2","wherestr":null,"explain":null,"status":"1","whereid":"220","fieldstr":null},{"id":"197","recename":"\u7ba1\u7406\u5458","receid":"u1","modeid":"34","type":"0","wherestr":"MT0x","explain":null,"status":"1","whereid":"0","fieldstr":null},{"id":"198","recename":"\u5168\u4f53\u4eba\u5458","receid":"all","modeid":"85","type":"2","wherestr":"YG9wdGlkYD17dWlkfQ::","explain":"\u53ef\u7f16\u8f91\u81ea\u5df1\u6dfb\u52a0","status":"1","whereid":"0","fieldstr":null},{"id":"199","recename":"\u5168\u4f53\u4eba\u5458","receid":"all","modeid":"85","type":"3","wherestr":"YG9wdGlkYD17dWlkfQ::","explain":"\u53ef\u5220\u9664\u81ea\u5df1\u6dfb\u52a0","status":"1","whereid":"0","fieldstr":null},{"id":"200","recename":"\u7ba1\u7406\u5458","receid":"u1","modeid":"85","type":"4","wherestr":null,"explain":null,"status":"1","whereid":"0","fieldstr":null},{"id":"201","recename":"\u5168\u4f53\u4eba\u5458","receid":"all","modeid":"86","type":"1","wherestr":null,"explain":null,"status":"1","whereid":"0","fieldstr":null},{"id":"202","recename":"\u5168\u4f53\u4eba\u5458","receid":"all","modeid":"86","type":"2","wherestr":"YG9wdGlkYD17dWlkfQ::","explain":null,"status":"1","whereid":"0","fieldstr":null},{"id":"203","recename":"\u5168\u4f53\u4eba\u5458","receid":"all","modeid":"86","type":"3","wherestr":"YG9wdGlkYD17dWlkfQ::","explain":null,"status":"1","whereid":"0","fieldstr":null},{"id":"204","recename":"\u5168\u4f53\u4eba\u5458","receid":"all","modeid":"86","type":"0","wherestr":null,"explain":null,"status":"1","whereid":"228","fieldstr":null},{"id":"205","recename":"\u5168\u4f53\u4eba\u5458","receid":"all","modeid":"86","type":"0","wherestr":null,"explain":null,"status":"1","whereid":"227","fieldstr":null},{"id":"206","recename":"\u5168\u4f53\u4eba\u5458","receid":"all","modeid":"86","type":"5","wherestr":null,"explain":null,"status":"1","whereid":"0","fieldstr":null},{"id":"207","recename":"\u5168\u4f53\u4eba\u5458","receid":"all","modeid":"75","type":"0","wherestr":"YG9wdGlkYD17dWlkfQ::","explain":null,"status":"1","whereid":"0","fieldstr":null},{"id":"208","recename":"\u7ba1\u7406\u5458","receid":"u1","modeid":"2","type":"2","wherestr":"YHR5cGVgPTE:","explain":null,"status":"1","whereid":"0","fieldstr":null},{"id":"209","recename":"\u7ba1\u7406\u5458","receid":"u1","modeid":"2","type":"3","wherestr":"YHR5cGVgPTEg","explain":null,"status":"1","whereid":"0","fieldstr":null},{"id":"210","recename":"\u7ba1\u7406\u5458","receid":"u1","modeid":"29","type":"5","wherestr":null,"explain":null,"status":"1","whereid":"0","fieldstr":null},{"id":"211","recename":"\u5168\u4f53\u4eba\u5458","receid":"all","modeid":"10","type":"6","wherestr":"MT0x","explain":null,"status":"0","whereid":"0","fieldstr":"workdate,mobile,tel,email"},{"id":"213","recename":"\u7ba1\u7406\u5458\u7ec4","receid":"g4","modeid":"11","type":"5","wherestr":null,"explain":null,"status":"1","whereid":"0","fieldstr":null},{"id":"214","recename":"\u7ba1\u7406\u5458\u7ec4","receid":"g4","modeid":"34","type":"5","wherestr":null,"explain":null,"status":"1","whereid":"0","fieldstr":null},{"id":"215","recename":"\u7ba1\u7406\u5458","receid":"u1","modeid":"88","type":"2","wherestr":"MT0x","explain":null,"status":"1","whereid":"0","fieldstr":null},{"id":"216","recename":"\u7ba1\u7406\u5458","receid":"u1","modeid":"88","type":"3","wherestr":"MT0x","explain":null,"status":"1","whereid":"0","fieldstr":null},{"id":"217","recename":"\u5168\u4f53\u4eba\u5458","receid":"all","modeid":"88","type":"2","wherestr":"YG9wdGlkYD17dWlkfQ::","explain":"\u53ef\u4ee5\u7f16\u8f91\u6211\u53d1\u5e03","status":"1","whereid":"0","fieldstr":null},{"id":"218","recename":"\u5168\u4f53\u4eba\u5458","receid":"all","modeid":"88","type":"3","wherestr":"YG9wdGlkYD17dWlkfQ::","explain":"\u53ef\u4ee5\u5220\u9664\u6211\u53d1\u5e03","status":"1","whereid":"0","fieldstr":null},{"id":"219","recename":"\u5168\u4f53\u4eba\u5458","receid":"all","modeid":"88","type":"0","wherestr":"MT0x","explain":null,"status":"1","whereid":"0","fieldstr":null},{"id":"225","recename":"\u5927\u4e54","receid":"u4","modeid":"31","type":"1","wherestr":"YWxs","explain":null,"status":"1","whereid":"0","fieldstr":null},{"id":"226","recename":"\u5168\u4f53\u4eba\u5458","receid":"all","modeid":"5","type":"7","wherestr":"e3N1cGVyfQ::","explain":null,"status":"1","whereid":"0","fieldstr":null},{"id":"229","recename":"\u7ba1\u7406\u5458\u7ec4","receid":"g4","modeid":"72","type":"7","wherestr":"MT0x","explain":null,"status":"1","whereid":"0","fieldstr":null},{"id":"234","recename":"\u7ba1\u7406\u5458","receid":"u1","modeid":"22","type":"5","wherestr":null,"explain":null,"status":"1","whereid":"0","fieldstr":null},{"id":"239","recename":"\u5168\u4f53\u4eba\u5458","receid":"all","modeid":"74","type":"0","wherestr":"e3JlY2VpZH0:","explain":null,"status":"1","whereid":"0","fieldstr":null},{"id":"240","recename":"\u5168\u4f53\u4eba\u5458","receid":"all","modeid":"75","type":"0","wherestr":"e3NoYXRlaWQscmVjZWFsbH0:","explain":"\u5171\u4eab\u7ed9\u5bf9\u5e94\u4eba","status":"1","whereid":"0","fieldstr":null},{"id":"241","recename":"\u4e00\u672c\u8d26\u79d1\u6280","receid":"u2","modeid":"10","type":"1","wherestr":null,"explain":null,"status":"1","whereid":"0","fieldstr":null},{"id":"242","recename":"\u4e00\u672c\u8d26\u79d1\u6280","receid":"u2","modeid":"10","type":"2","wherestr":null,"explain":null,"status":"1","whereid":"149","fieldstr":null},{"id":"243","recename":"\u7ba1\u7406\u5458","receid":"u1","modeid":"22","type":"0","wherestr":null,"explain":null,"status":"1","whereid":"26","fieldstr":null},{"id":"244","recename":"\u5168\u4f53\u4eba\u5458","receid":"all","modeid":"100","type":"1","wherestr":null,"explain":null,"status":"1","whereid":"0","fieldstr":null},{"id":"245","recename":"\u5168\u4f53\u4eba\u5458","receid":"all","modeid":"102","type":"1","wherestr":null,"explain":null,"status":"1","whereid":"0","fieldstr":null},{"id":"246","recename":"\u5168\u4f53\u4eba\u5458","receid":"all","modeid":"98","type":"1","wherestr":null,"explain":null,"status":"1","whereid":"0","fieldstr":null},{"id":"247","recename":"\u5168\u4f53\u4eba\u5458","receid":"all","modeid":"99","type":"1","wherestr":null,"explain":null,"status":"1","whereid":"0","fieldstr":null},{"id":"264","recename":"\u5168\u4f53\u4eba\u5458","receid":"all","modeid":"99","type":"2","wherestr":null,"explain":null,"status":"1","whereid":"265","fieldstr":null},{"id":"249","recename":"\u5168\u4f53\u4eba\u5458","receid":"all","modeid":"13","type":"1","wherestr":null,"explain":null,"status":"1","whereid":"0","fieldstr":null},{"id":"250","recename":"\u5168\u4f53\u4eba\u5458","receid":"all","modeid":"10","type":"1","wherestr":null,"explain":null,"status":"1","whereid":"147","fieldstr":null},{"id":"251","recename":"\u5168\u4f53\u4eba\u5458","receid":"all","modeid":"10","type":"2","wherestr":null,"explain":null,"status":"1","whereid":"147","fieldstr":null},{"id":"252","recename":"\u7ba1\u7406\u5458","receid":"u1","modeid":"10","type":"2","wherestr":null,"explain":null,"status":"1","whereid":"149","fieldstr":null},{"id":"253","recename":"\u5168\u4f53\u4eba\u5458","receid":"all","modeid":"100","type":"2","wherestr":null,"explain":null,"status":"1","whereid":"261","fieldstr":null},{"id":"254","recename":"\u8d22\u52a1\u90e8\u7ec4,\u7cfb\u7edf\u7ba1\u7406\u5458\u7ec4","receid":"g8,g12","modeid":"35","type":"0","wherestr":null,"explain":null,"status":"1","whereid":"104","fieldstr":null},{"id":"263","recename":"\u5168\u4f53\u4eba\u5458","receid":"all","modeid":"102","type":"2","wherestr":"e2NvbXBhbnl9","explain":null,"status":"1","whereid":"0","fieldstr":null},{"id":"256","recename":"\u5168\u4f53\u4eba\u5458","receid":"all","modeid":"99","type":"5","wherestr":null,"explain":null,"status":"1","whereid":"0","fieldstr":null},{"id":"257","recename":"\u5168\u4f53\u4eba\u5458","receid":"all","modeid":"7","type":"5","wherestr":null,"explain":null,"status":"1","whereid":"0","fieldstr":null},{"id":"258","recename":"\u5168\u4f53\u4eba\u5458","receid":"all","modeid":"36","type":"5","wherestr":null,"explain":null,"status":"1","whereid":"0","fieldstr":null},{"id":"259","recename":"\u5168\u4f53\u4eba\u5458","receid":"all","modeid":"65","type":"2","wherestr":null,"explain":null,"status":"1","whereid":"155","fieldstr":null},{"id":"260","recename":"\u5168\u4f53\u4eba\u5458","receid":"all","modeid":"65","type":"3","wherestr":null,"explain":null,"status":"1","whereid":"155","fieldstr":null},{"id":"261","recename":"\u7ba1\u7406\u5458\u7ec4,\u6ce8\u518c\u7528\u6237\u7ec4,\u7ba1\u7406\u5458","receid":"g4,g6,u1","modeid":"35","type":"1","wherestr":null,"explain":null,"status":"1","whereid":"97","fieldstr":null},{"id":"262","recename":"\u7ba1\u7406\u5458","receid":"u1","modeid":"35","type":"2","wherestr":null,"explain":null,"status":"1","whereid":"98","fieldstr":null},{"id":"265","recename":"\u5168\u4f53\u4eba\u5458","receid":"all","modeid":"103","type":"2","wherestr":null,"explain":null,"status":"1","whereid":"264","fieldstr":null},{"id":"266","recename":"\u7ba1\u7406\u5458","receid":"u1","modeid":"100","type":"3","wherestr":null,"explain":null,"status":"1","whereid":"261","fieldstr":null},{"id":"267","recename":"\u5168\u4f53\u4eba\u5458","receid":"all","modeid":"103","type":"1","wherestr":null,"explain":null,"status":"1","whereid":"264","fieldstr":null},{"id":"268","recename":"\u7cfb\u7edf\u7ba1\u7406\u5458\u7ec4","receid":"g12","modeid":"14","type":"2","wherestr":"e2NvbXBhbnl9","explain":null,"status":"1","whereid":"0","fieldstr":null},{"id":"270","recename":"\u5168\u4f53\u4eba\u5458","receid":"all","modeid":"102","type":"0","wherestr":"e2NvbXBhbnl9","explain":null,"status":"1","whereid":"0","fieldstr":null},{"id":"271","recename":"\u5168\u4f53\u4eba\u5458","receid":"all","modeid":"105","type":"1","wherestr":null,"explain":null,"status":"1","whereid":"0","fieldstr":null},{"id":"272","recename":"\u5168\u4f53\u4eba\u5458","receid":"all","modeid":"107","type":"1","wherestr":null,"explain":null,"status":"1","whereid":"0","fieldstr":null},{"id":"273","recename":"\u5168\u4f53\u4eba\u5458","receid":"all","modeid":"107","type":"2","wherestr":"dWlkPXt1aWR9IGFuZCBpc3BheT0w","explain":null,"status":"1","whereid":"0","fieldstr":null},{"id":"274","recename":"\u5168\u4f53\u4eba\u5458","receid":"all","modeid":"107","type":"3","wherestr":"dWlkPXt1aWR9IGFuZCBpc3BheT0w","explain":null,"status":"1","whereid":"0","fieldstr":null},{"id":"275","recename":"\u5168\u4f53\u4eba\u5458","receid":"all","modeid":"107","type":"0","wherestr":"YWxs","explain":null,"status":"1","whereid":"0","fieldstr":null}]}}