{"xinhu_file":{"fields":[{"name":"id","type":"int","explain":"","types":"int(11)","dev":null,"isnull":"NO","lens":null},{"name":"filenum","type":"varchar","explain":"\u6587\u4ef6\u7f16\u53f7","types":"varchar(20)","dev":null,"isnull":"YES","lens":"20"},{"name":"valid","type":"tinyint","explain":"","types":"tinyint(4)","dev":"1","isnull":"YES","lens":null},{"name":"filename","type":"varchar","explain":"","types":"varchar(200)","dev":null,"isnull":"YES","lens":"200"},{"name":"filetype","type":"varchar","explain":"","types":"varchar(50)","dev":null,"isnull":"YES","lens":"50"},{"name":"fileext","type":"varchar","explain":"","types":"varchar(20)","dev":null,"isnull":"YES","lens":"20"},{"name":"filesize","type":"int","explain":"","types":"int(11)","dev":null,"isnull":"YES","lens":null},{"name":"filesizecn","type":"varchar","explain":"","types":"varchar(30)","dev":null,"isnull":"YES","lens":"30"},{"name":"filepath","type":"varchar","explain":"","types":"varchar(100)","dev":null,"isnull":"YES","lens":"100"},{"name":"thumbpath","type":"varchar","explain":"","types":"varchar(100)","dev":null,"isnull":"YES","lens":"100"},{"name":"optid","type":"int","explain":"","types":"int(11)","dev":null,"isnull":"YES","lens":null},{"name":"optname","type":"varchar","explain":"\u4e0a\u4f20\u8005","types":"varchar(50)","dev":null,"isnull":"YES","lens":"50"},{"name":"adddt","type":"datetime","explain":"","types":"datetime","dev":null,"isnull":"YES","lens":null},{"name":"ip","type":"varchar","explain":"","types":"varchar(100)","dev":null,"isnull":"YES","lens":"100"},{"name":"web","type":"varchar","explain":"","types":"varchar(300)","dev":null,"isnull":"YES","lens":"300"},{"name":"mtype","type":"varchar","explain":"\u5bf9\u5e94\u7c7b\u578b","types":"varchar(50)","dev":null,"isnull":"YES","lens":"50"},{"name":"mid","type":"int","explain":"\u7ba1\u7406id","types":"int(11)","dev":"0","isnull":"YES","lens":null},{"name":"downci","type":"int","explain":"\u4e0b\u8f7d\u6b21\u6570","types":"int(11)","dev":"0","isnull":"YES","lens":null},{"name":"keyoi","type":"varchar","explain":"\u5bf9\u5e94\u5e8f\u53f7\u90ae\u4ef6\u9644\u4ef6\u4e2d\u7528\u5230","types":"varchar(20)","dev":null,"isnull":"YES","lens":"20"},{"name":"pdfpath","type":"varchar","explain":"\u8f6cpdf\u540e\u8def\u5f84","types":"varchar(100)","dev":null,"isnull":"YES","lens":"100"},{"name":"oid","type":"int","explain":"\u65e7ID","types":"int(11)","dev":"0","isnull":"YES","lens":null},{"name":"mknum","type":"varchar","explain":"\u6a21\u5757\u7f16\u53f7","types":"varchar(30)","dev":null,"isnull":"YES","lens":"30"},{"name":"comid","type":"smallint","explain":"\u6240\u5c5e\u5355\u4f4d","types":"smallint(6)","dev":"0","isnull":"YES","lens":null},{"name":"thumbplat","type":"varchar","explain":"\u4e0a\u4f20\u5230\u5e73\u53f0\u4e0a\u7f29\u7565\u56fe","types":"varchar(100)","dev":null,"isnull":"YES","lens":"100"}],"data":[{"id":"8","filenum":null,"valid":"1","filename":"\u4e00\u672c\u8d26\u7528\u6237\u624b\u518c.doc","filetype":"application\/msword","fileext":"doc","filesize":"1750062","filesizecn":"1.67 MB","filepath":"upload\/2020-06\/04_09320078.doc","thumbpath":null,"optid":"231","optname":"\u9f99\u9752\u4e91","adddt":"2020-06-04 09:32:00","ip":"183.12.239.125","web":"Chrome","mtype":"custract","mid":"9","downci":"0","keyoi":null,"pdfpath":null,"oid":"0","mknum":"custract","comid":"114","thumbplat":null},{"id":"9","filenum":null,"valid":"1","filename":"\u4e00\u672c\u8d26\u540d\u7247\u8bbe\u8ba1(1).xlsx","filetype":"application\/vnd.ms-excel","fileext":"xlsx","filesize":"10606","filesizecn":"10.36 KB","filepath":"upload\/2020-06\/24_15204577.xlsx","thumbpath":null,"optid":"299","optname":"\u8d3a\u5929\u6167","adddt":"2020-06-24 15:20:45","ip":"113.91.37.104","web":"Chrome","mtype":"custract","mid":"25","downci":"1","keyoi":null,"pdfpath":null,"oid":"0","mknum":"custract","comid":"187","thumbplat":null},{"id":"10","filenum":null,"valid":"1","filename":"customer_import.xls","filetype":"application\/vnd.ms-excel","fileext":"xls","filesize":"19456","filesizecn":"19.00 KB","filepath":"upload\/2020-06\/24_17350096.xls","thumbpath":null,"optid":"298","optname":"\u4e00\u672c\u8d26\u79d1\u6280\u6d4b\u8bd5","adddt":"2020-06-24 17:35:00","ip":"113.91.37.104","web":"Chrome","mtype":null,"mid":"0","downci":"0","keyoi":null,"pdfpath":null,"oid":"0","mknum":null,"comid":"186","thumbplat":null},{"id":"11","filenum":null,"valid":"1","filename":"customer_import.xls","filetype":"application\/vnd.ms-excel","fileext":"xls","filesize":"19456","filesizecn":"19.00 KB","filepath":"upload\/2020-07\/01_16594784.xls","thumbpath":null,"optid":"329","optname":"\u4e00\u672c\u8d26\u79d1\u6280","adddt":"2020-07-01 16:59:47","ip":"113.91.32.139","web":"Chrome","mtype":null,"mid":"0","downci":"0","keyoi":null,"pdfpath":null,"oid":"0","mknum":null,"comid":"193","thumbplat":null},{"id":"12","filenum":null,"valid":"1","filename":"\u66fe\u806a441622199101252071.jpg","filetype":"image\/jpeg","fileext":"jpg","filesize":"109567","filesizecn":"107.00 KB","filepath":"upload\/2020-07\/27_10230516.jpg","thumbpath":"upload\/2020-07\/27_10230516_s.jpg","optid":"386","optname":"\u5733\u65b0\u6559\u80b2","adddt":"2020-07-27 10:23:05","ip":"219.134.216.249","web":"Chrome","mtype":null,"mid":"0","downci":"0","keyoi":null,"pdfpath":null,"oid":"0","mknum":null,"comid":"211","thumbplat":null},{"id":"13","filenum":null,"valid":"1","filename":"\u66fe\u806a441622199101252071.jpg","filetype":"image\/jpeg","fileext":"jpg","filesize":"109567","filesizecn":"107.00 KB","filepath":"upload\/2020-07\/27_10235386.jpg","thumbpath":"upload\/2020-07\/27_10235386_s.jpg","optid":"386","optname":"\u5733\u65b0\u6559\u80b2","adddt":"2020-07-27 10:23:53","ip":"219.134.216.249","web":"Chrome","mtype":"customer","mid":"168","downci":"0","keyoi":null,"pdfpath":null,"oid":"0","mknum":"customer","comid":"211","thumbplat":null},{"id":"14","filenum":null,"valid":"1","filename":"Q3\u535a\u7279\u62c9Q3-31 \u4eba\u8f6c\u8d26.jpg","filetype":"image\/jpeg","fileext":"jpg","filesize":"59313","filesizecn":"57.92 KB","filepath":"upload\/2020-07\/27_10443526.jpg","thumbpath":"upload\/2020-07\/27_10443526_s.jpg","optid":"386","optname":"\u5733\u65b0\u6559\u80b2","adddt":"2020-07-27 10:44:35","ip":"219.134.216.249","web":"Chrome","mtype":"custract","mid":"120","downci":"0","keyoi":null,"pdfpath":null,"oid":"0","mknum":"custract","comid":"211","thumbplat":null},{"id":"15","filenum":null,"valid":"1","filename":"Q3\u535a\u7279\u62c9Q3-31 \u4eba\u8f6c\u8d26.jpg","filetype":"image\/jpeg","fileext":"jpg","filesize":"59313","filesizecn":"57.92 KB","filepath":"upload\/2020-07\/27_11000867.jpg","thumbpath":"upload\/2020-07\/27_11000867_s.jpg","optid":"386","optname":"\u5733\u65b0\u6559\u80b2","adddt":"2020-07-27 11:00:08","ip":"219.134.216.249","web":"Chrome","mtype":"fininfom","mid":"42","downci":"0","keyoi":null,"pdfpath":null,"oid":"0","mknum":"finfybx","comid":"211","thumbplat":null}]}}