{"xinhu_im_messzt":{"fields":[{"name":"id","type":"int","explain":"","types":"int(11)","dev":null,"isnull":"NO","lens":null},{"name":"mid","type":"int","explain":"\u4fe1\u606fid","types":"int(11)","dev":null,"isnull":"YES","lens":null},{"name":"uid","type":"int","explain":"\u4eba\u5458id","types":"int(11)","dev":null,"isnull":"YES","lens":null},{"name":"gid","type":"smallint","explain":"","types":"smallint(6)","dev":"0","isnull":"YES","lens":null}],"data":[{"id":"1","mid":"14","uid":"262","gid":"2"},{"id":"2","mid":"14","uid":"261","gid":"2"}]}}