{"xinhu_custfee":{"fields":[{"name":"id","type":"int","explain":"\u8d39\u7528\u5355 by andy.ma","types":"int(11)","dev":null,"isnull":"NO","lens":null},{"name":"htid","type":"int","explain":"\u5408\u540cID","types":"int(11)","dev":"0","isnull":"YES","lens":null},{"name":"htnum","type":"varchar","explain":"\u5408\u540c\u7f16\u53f7[*]","types":"varchar(20)","dev":null,"isnull":"YES","lens":"20"},{"name":"paydt","type":"datetime","explain":"\u4ed8\u8d39\u65e5\u671f","types":"datetime","dev":null,"isnull":"YES","lens":null},{"name":"uid","type":"smallint","explain":"\u64cd\u4f5c\u8005id","types":"smallint(6)","dev":"0","isnull":"YES","lens":null},{"name":"custid","type":"smallint","explain":"\u5ba2\u6237id","types":"smallint(6)","dev":"0","isnull":"YES","lens":null},{"name":"custname","type":"varchar","explain":"\u5ba2\u6237\u540d\u5b57  by andy.ma","types":"varchar(50)","dev":null,"isnull":"YES","lens":"50"},{"name":"optdt","type":"datetime","explain":"\u64cd\u4f5c\u65e5\u671f","types":"datetime","dev":null,"isnull":"YES","lens":null},{"name":"optname","type":"varchar","explain":"\u7ecf\u529e\u4eba[*]","types":"varchar(10)","dev":null,"isnull":"YES","lens":"10"},{"name":"money","type":"decimal","explain":"\u4ed8\u6b3e\u91d1\u989d","types":"decimal(10,2)","dev":"0.00","isnull":"YES","lens":null},{"name":"type","type":"int","explain":"\u8d39\u7528\u7c7b\u578b","types":"int(11)","dev":"0","isnull":"YES","lens":null},{"name":"explain","type":"varchar","explain":"\u8bf4\u660e","types":"varchar(200)","dev":null,"isnull":"YES","lens":"200"},{"name":"createdt","type":"datetime","explain":"\u521b\u5efa\u65f6\u95f4","types":"datetime","dev":null,"isnull":"YES","lens":null},{"name":"createname","type":"varchar","explain":"\u7ecf\u529e\u4eba[*]","types":"varchar(10)","dev":null,"isnull":"YES","lens":"10"},{"name":"createid","type":"smallint","explain":"\u521b\u5efa\u8005id","types":"smallint(6)","dev":"0","isnull":"YES","lens":null},{"name":"depart","type":"varchar","explain":"\u90e8\u95e8[*]  id  by andy.ma","types":"varchar(50)","dev":null,"isnull":"YES","lens":"50"},{"name":"paymtd","type":"int","explain":"\u4ed8\u6b3e\u65b9\u5f0f 1 \u73b0\u91d1 2 \u652f\u7968 3 \u8f6c\u8d26","types":"int(11)","dev":null,"isnull":"YES","lens":null},{"name":"accid","type":"int","explain":"\u4ed8\u6b3e\u8d26\u6237","types":"int(11)","dev":null,"isnull":"YES","lens":null},{"name":"file_content","type":"varchar","explain":"\u9644\u4ef6","types":"varchar(255)","dev":null,"isnull":"YES","lens":"255"},{"name":"comid","type":"smallint","explain":"\u5bf9\u5e94\u5355\u4f4did","types":"smallint(6)","dev":"0","isnull":"YES","lens":null},{"name":"departid","type":"smallint","explain":"\u90e8\u95e8\u7684ID","types":"smallint(6)","dev":null,"isnull":"YES","lens":null},{"name":"optnameid","type":"smallint","explain":"\u7ecf\u529e\u4eba[*\u7684ID","types":"smallint(6)","dev":null,"isnull":"YES","lens":null},{"name":"optid","type":"int","explain":"","types":"int(11)","dev":"0","isnull":"YES","lens":null},{"name":"applydt","type":"date","explain":"\u7533\u8bf7\u65e5\u671f","types":"date","dev":null,"isnull":"YES","lens":null},{"name":"status","type":"tinyint","explain":"\u72b6\u6001","types":"tinyint(1)","dev":"1","isnull":"YES","lens":null},{"name":"isturn","type":"tinyint","explain":"\u662f\u5426\u63d0\u4ea4","types":"tinyint(1)","dev":"1","isnull":"YES","lens":null},{"name":"createnameid","type":"smallint","explain":"\u62a5\u9500\u4eba\u7684ID","types":"smallint(6)","dev":null,"isnull":"YES","lens":null}],"data":[{"id":"8","htid":"56","htnum":"20200702003","paydt":"2020-07-02 11:22:00","uid":"322","custid":"124","custname":"\u674e\u51e4\u4e3d","optdt":"2020-07-02 11:23:20","optname":"\u9648\u51ef","money":"850.00","type":"62","explain":"\u9001\u793c\u54c1","createdt":"2020-07-02 11:23:20","createname":"\u9648\u51ef","createid":"322","depart":"\u8d22\u52a1\u90e8","paymtd":"1","accid":"20","file_content":null,"comid":"189","departid":"305","optnameid":"322","optid":"322","applydt":"2020-07-02","status":"0","isturn":"1","createnameid":null},{"id":"9","htid":"58","htnum":"PAY20200702001","paydt":"2020-07-02 11:28:00","uid":"322","custid":"115","custname":"\u80e1\u6587","optdt":"2020-07-02 11:29:45","optname":"\u9648\u51ef","money":"280.00","type":"63","explain":"\u8bf7\u5ba2\u6237\u5403\u996d","createdt":"2020-07-02 11:29:45","createname":"\u9648\u51ef","createid":"322","depart":"\u9500\u552e\u90e8","paymtd":"3","accid":"19","file_content":null,"comid":"189","departid":"307","optnameid":"322","optid":"322","applydt":"2020-07-02","status":"0","isturn":"1","createnameid":null},{"id":"10","htid":"60","htnum":"PAY20200702003","paydt":"2020-06-17 11:35:00","uid":"322","custid":"117","custname":"\u6768\u80dc\u82b3","optdt":"2020-07-02 11:36:46","optname":"\u9648\u51ef","money":"198.00","type":"65","explain":"\u5ba2\u6237\u4f4f\u5bbf","createdt":"2020-07-02 11:36:46","createname":"\u9648\u51ef","createid":"322","depart":"\u9500\u552e\u90e8","paymtd":"3","accid":"19","file_content":null,"comid":"189","departid":"307","optnameid":"322","optid":"322","applydt":"2020-07-02","status":"0","isturn":"1","createnameid":null},{"id":"11","htid":"30","htnum":"20200628002","paydt":"2020-07-01 10:29:00","uid":"329","custid":"84","custname":"\u6df1\u5733\u5e02\u542f\u7965\u88c5\u9970\u6709\u9650\u516c\u53f8","optdt":"2020-07-24 10:30:35","optname":"\u4e00\u672c\u8d26\u79d1\u6280","money":"2000.00","type":"74","explain":"\u91c7\u8d2d\u539f\u6599","createdt":"2020-07-24 10:30:35","createname":"\u4e00\u672c\u8d26\u79d1\u6280","createid":"329","depart":"\u8d22\u52a1\u90e8","paymtd":"3","accid":"16","file_content":null,"comid":"193","departid":"312","optnameid":"342","optid":"329","applydt":"2020-07-24","status":"0","isturn":"1","createnameid":null},{"id":"12","htid":"30","htnum":"20200628002","paydt":"2020-07-03 10:31:00","uid":"329","custid":"84","custname":"\u6df1\u5733\u5e02\u542f\u7965\u88c5\u9970\u6709\u9650\u516c\u53f8","optdt":"2020-07-24 10:31:55","optname":"\u4e00\u672c\u8d26\u79d1\u6280","money":"800.00","type":"72","explain":"\u91c7\u8d2d\u539f\u6599","createdt":"2020-07-24 10:31:55","createname":"\u4e00\u672c\u8d26\u79d1\u6280","createid":"329","depart":"\u8d22\u52a1\u90e8","paymtd":"3","accid":"16","file_content":null,"comid":"193","departid":"312","optnameid":"342","optid":"329","applydt":"2020-07-24","status":"0","isturn":"1","createnameid":null},{"id":"13","htid":"30","htnum":"20200628002","paydt":"2020-07-10 10:32:00","uid":"329","custid":"84","custname":"\u6df1\u5733\u5e02\u542f\u7965\u88c5\u9970\u6709\u9650\u516c\u53f8","optdt":"2020-07-24 10:33:10","optname":"\u4e00\u672c\u8d26\u79d1\u6280","money":"3500.00","type":"69","explain":"\u91c7\u8d2d\u539f\u6599","createdt":"2020-07-24 10:33:10","createname":"\u4e00\u672c\u8d26\u79d1\u6280","createid":"329","depart":"\u8d22\u52a1\u90e8","paymtd":"3","accid":"16","file_content":null,"comid":"193","departid":"312","optnameid":"329","optid":"329","applydt":"2020-07-24","status":"1","isturn":"1","createnameid":null}]}}