{"xinhu_officialfa":{"fields":[{"name":"id","type":"int","explain":"","types":"int(11)","dev":null,"isnull":"NO","lens":null},{"name":"uid","type":"int","explain":"","types":"int(11)","dev":"0","isnull":"YES","lens":null},{"name":"optdt","type":"datetime","explain":"\u64cd\u4f5c\u65f6\u95f4","types":"datetime","dev":null,"isnull":"YES","lens":null},{"name":"optid","type":"smallint","explain":"","types":"smallint(6)","dev":"0","isnull":"YES","lens":null},{"name":"optname","type":"varchar","explain":"\u64cd\u4f5c\u4eba","types":"varchar(20)","dev":null,"isnull":"YES","lens":"20"},{"name":"applydt","type":"date","explain":"\u7533\u8bf7\u65e5\u671f","types":"date","dev":null,"isnull":"YES","lens":null},{"name":"explain","type":"varchar","explain":"\u8bf4\u660e","types":"varchar(500)","dev":null,"isnull":"YES","lens":"500"},{"name":"status","type":"tinyint","explain":"\u72b6\u6001","types":"tinyint(1)","dev":"1","isnull":"YES","lens":null},{"name":"num","type":"varchar","explain":"\u516c\u6587\u7f16\u53f7","types":"varchar(30)","dev":null,"isnull":"YES","lens":"30"},{"name":"title","type":"varchar","explain":"\u6807\u9898","types":"varchar(255)","dev":null,"isnull":"YES","lens":"255"},{"name":"receid","type":"varchar","explain":"","types":"varchar(2000)","dev":null,"isnull":"YES","lens":"2000"},{"name":"recename","type":"varchar","explain":"\u67e5\u9605\u4eba","types":"varchar(2000)","dev":null,"isnull":"YES","lens":"2000"},{"name":"enddt","type":"date","explain":"\u622a\u6b62\u65e5\u671f","types":"date","dev":null,"isnull":"YES","lens":null},{"name":"startdt","type":"date","explain":"\u67e5\u9605\u65e5\u671f","types":"date","dev":null,"isnull":"YES","lens":null},{"name":"gwid","type":"int","explain":"\u5bf9\u5e94\u516c\u6587ID","types":"int(11)","dev":"0","isnull":"YES","lens":null},{"name":"unitsame","type":"varchar","explain":"\u53d1\u6587","types":"varchar(200)","dev":null,"isnull":"YES","lens":"200"}],"data":[]}}