{"xinhu_custfinaa":{"fields":[{"name":"id","type":"int","explain":"\u8c03\u8d26\u5355 by andy.ma","types":"int(11)","dev":null,"isnull":"NO","lens":null},{"name":"htid","type":"int","explain":"\u5408\u540cID","types":"int(11)","dev":"0","isnull":"YES","lens":null},{"name":"htnum","type":"varchar","explain":"\u5408\u540c\u7f16\u53f7[*]","types":"varchar(100)","dev":null,"isnull":"YES","lens":"100"},{"name":"paydt","type":"datetime","explain":"\u8c03\u8d26\u65e5\u671f[*]","types":"datetime","dev":null,"isnull":"YES","lens":null},{"name":"uid","type":"smallint","explain":"\u64cd\u4f5c\u8005id","types":"smallint(6)","dev":"0","isnull":"YES","lens":null},{"name":"custid","type":"smallint","explain":"\u8c03\u8d26\u5355\u4f4d[*]\uff08\u5ba2\u6237\uff09  by andy.ma","types":"smallint(6)","dev":"0","isnull":"YES","lens":null},{"name":"optdt","type":"datetime","explain":"\u64cd\u4f5c\u65e5\u671f","types":"datetime","dev":null,"isnull":"YES","lens":null},{"name":"optname","type":"varchar","explain":"\u7ecf\u529e\u4eba[*]","types":"varchar(10)","dev":null,"isnull":"YES","lens":"10"},{"name":"money","type":"decimal","explain":"\u8c03\u8d26\u91d1\u989d[*]","types":"decimal(10,2)","dev":"0.00","isnull":"YES","lens":null},{"name":"type","type":"tinyint","explain":"\u8c03\u8d26\u65b9\u5f0f \uff1a 0 \u8c03\u8d26\u589e\u52a0 1 \u8c03\u8d26\u51cf\u5c11","types":"tinyint(1)","dev":"0","isnull":"YES","lens":null},{"name":"explain","type":"varchar","explain":"\u8bf4\u660e","types":"varchar(200)","dev":null,"isnull":"YES","lens":"200"},{"name":"createdt","type":"datetime","explain":"\u521b\u5efa\u65f6\u95f4","types":"datetime","dev":null,"isnull":"YES","lens":null},{"name":"createname","type":"varchar","explain":"\u7ecf\u529e\u4eba[*]","types":"varchar(10)","dev":null,"isnull":"YES","lens":"10"},{"name":"createid","type":"smallint","explain":"\u521b\u5efa\u8005id","types":"smallint(6)","dev":"0","isnull":"YES","lens":null},{"name":"depart","type":"varchar","explain":"\u90e8\u95e8[*]  id  by andy.ma","types":"varchar(50)","dev":null,"isnull":"YES","lens":"50"},{"name":"comid","type":"smallint","explain":"\u5bf9\u5e94\u5355\u4f4did","types":"smallint(6)","dev":"0","isnull":"YES","lens":null},{"name":"departid","type":"smallint","explain":"\u90e8\u95e8\u7684ID","types":"smallint(6)","dev":null,"isnull":"YES","lens":null},{"name":"optnameid","type":"smallint","explain":"\u7ecf\u529e\u4eba\u7684ID","types":"smallint(6)","dev":null,"isnull":"YES","lens":null},{"name":"paytype","type":"tinyint","explain":"0 \u5408\u540c\u8c03\u8d26  1 \u91c7\u8d2d\u8c03\u8d26 , 2 \u5916\u534f\u8c03\u8d26","types":"tinyint(2)","dev":"0","isnull":"YES","lens":null},{"name":"tdnum","type":"varchar","explain":"\u8c03\u8d26\u5355\u7f16\u53f7  by andy.ma","types":"varchar(50)","dev":null,"isnull":"YES","lens":"50"},{"name":"custname","type":"varchar","explain":"\u8c03\u8d26\u5355\u4f4d  by andy.ma","types":"varchar(100)","dev":null,"isnull":"YES","lens":"100"}],"data":[{"id":"5","htid":"13","htnum":"20200605001","paydt":"2020-06-05 14:38:00","uid":"260","custid":"69","optdt":"2020-06-05 14:39:05","optname":"\u9f99\u9752\u4e91","money":"1000.00","type":"1","explain":"hghhh","createdt":"2020-06-05 14:39:05","createname":"\u9f99\u9752\u4e91","createid":"260","depart":"\u6797\u8bd7\u742a","comid":"169","departid":"253","optnameid":"261","paytype":"1","tdnum":"TD202006001","custname":"et"},{"id":"6","htid":"14","htnum":"20200609001","paydt":"2020-06-26 14:40:00","uid":"266","custid":"70","optdt":"2020-06-09 14:41:40","optname":"\u5f20\u6cfd\u5a34","money":"20000.00","type":"1","explain":"UGIKKUGHUIGU","createdt":"2020-06-09 14:41:40","createname":"\u5f20\u6cfd\u5a34","createid":"266","depart":"\u672c\u5bab","comid":"173","departid":"261","optnameid":"266","paytype":"1","tdnum":"TD202006002","custname":"DVDFX"},{"id":"7","htid":"21","htnum":"20200624002","paydt":"2020-06-24 15:54:00","uid":"287","custid":"75","optdt":"2020-06-24 15:54:23","optname":"\u9648\u51ef","money":"2000.00","type":"0","explain":"\u91c7\u8d2d","createdt":"2020-06-24 15:54:23","createname":"\u9648\u51ef","createid":"287","depart":"\u9500\u552e\u90e8","comid":"184","departid":"285","optnameid":"288","paytype":"1","tdnum":"TD202006003","custname":"\u4e3d\u4e3d"},{"id":"8","htid":"20","htnum":"PAY20200624001","paydt":"2020-06-21 16:01:00","uid":"287","custid":"76","optdt":"2020-06-24 16:03:25","optname":"\u9648\u51ef","money":"2000.00","type":"1","explain":"\u8d39\u7528\u51cf\u5c11","createdt":"2020-06-24 16:03:25","createname":"\u9648\u51ef","createid":"287","depart":"\u8d22\u52a1\u90e8","comid":"184","departid":"284","optnameid":"289","paytype":"1","tdnum":"TD202006004","custname":"\u98de\u98de"},{"id":"9","htid":"24","htnum":"20200624003","paydt":"2020-06-24 16:45:00","uid":"298","custid":"77","optdt":"2020-06-24 16:45:41","optname":"\u4e00\u672c\u8d26\u79d1\u6280\u6d4b\u8bd5","money":"1000.00","type":"0","explain":"\u5408\u540c\u8c03\u8d26","createdt":"2020-06-24 16:45:41","createname":"\u4e00\u672c\u8d26\u79d1\u6280\u6d4b\u8bd5","createid":"298","depart":"\u9500\u552e\u90e8","comid":"186","departid":"297","optnameid":"314","paytype":"0","tdnum":"TD202006005","custname":"\u5f20\u4e09"},{"id":"10","htid":"36","htnum":"20200628005","paydt":"2020-06-28 10:21:00","uid":"322","custid":"81","optdt":"2020-06-28 10:21:24","optname":"\u9648\u51ef","money":"20000.00","type":"0","explain":"\u589e\u52a0\u91c7\u8d2d\u91cf","createdt":"2020-06-28 10:21:24","createname":"\u9648\u51ef","createid":"322","depart":"\u9500\u552e\u90e8","comid":"189","departid":"307","optnameid":"331","paytype":"1","tdnum":"TD202006006","custname":"\u7518\u5029"},{"id":"11","htid":"30","htnum":"20200628002","paydt":"2020-07-22 17:18:00","uid":"329","custid":"84","optdt":"2020-07-01 17:19:42","optname":"\u4e00\u672c\u8d26\u79d1\u6280","money":"10000.00","type":"1","explain":"\u5408\u4f5c\u6682\u505c","createdt":"2020-07-01 17:19:42","createname":"\u4e00\u672c\u8d26\u79d1\u6280","createid":"329","depart":"\u4e00\u672c\u8d26\u79d1\u6280\u6709\u9650\u516c\u53f8\u6d4b\u8bd5","comid":"193","departid":"310","optnameid":"329","paytype":"0","tdnum":"TD202007001","custname":"\u5f20\u4e09"},{"id":"12","htid":"56","htnum":"20200702003","paydt":"2020-07-14 11:47:00","uid":"322","custid":"124","optdt":"2020-07-02 11:47:52","optname":"\u9648\u51ef","money":"2000.00","type":"1","explain":"\u539f\u6599\u77ed\u7f3a","createdt":"2020-07-02 11:47:52","createname":"\u9648\u51ef","createid":"322","depart":"\u8d22\u52a1\u90e8","comid":"189","departid":"305","optnameid":"324","paytype":"0","tdnum":"TD202007002","custname":"\u674e\u51e4\u4e3d"},{"id":"13","htid":"66","htnum":"20200702007","paydt":"2020-06-10 16:47:00","uid":"329","custid":"111","optdt":"2020-07-02 16:49:18","optname":"\u4e00\u672c\u8d26\u79d1\u6280","money":"32800.00","type":"0","explain":"\u91d1\u989d\u589e\u52a0","createdt":"2020-07-02 16:49:18","createname":"\u4e00\u672c\u8d26\u79d1\u6280","createid":"329","depart":"\u9500\u552e\u90e8","comid":"193","departid":"314","optnameid":"347","paytype":"0","tdnum":"TD202007003","custname":"\u7396\u5174\u5e7f\u544a"},{"id":"14","htid":"71","htnum":"20200703002","paydt":"2020-07-03 17:42:34","uid":"322","custid":"131","optdt":"2020-07-03 17:43:06","optname":"\u9648\u51ef","money":"12000.00","type":"0","explain":"\u589e\u52a0\u9879\u76ee","createdt":"2020-07-03 17:43:06","createname":"\u9648\u51ef","createid":"322","depart":"\u9500\u552e\u90e8","comid":"189","departid":"307","optnameid":"331","paytype":"0","tdnum":"TD202007004","custname":"\u4e00\u672c\u8d26\u79d1\u6280\u6d4b\u8bd5"},{"id":"15","htid":"70","htnum":"20200703001","paydt":"2020-07-17 11:38:00","uid":"329","custid":"116","optdt":"2020-07-20 11:38:57","optname":"\u4e00\u672c\u8d26\u79d1\u6280","money":"50.00","type":"0","explain":"\u589e\u52a0\u6750\u6599","createdt":"2020-07-20 11:38:57","createname":"\u4e00\u672c\u8d26\u79d1\u6280","createid":"329","depart":"\u603b\u7ecf\u529e","comid":"193","departid":"311","optnameid":"342","paytype":"1","tdnum":"TD202007005","custname":"\u827e\u5fb7\u88c5\u9970"},{"id":"16","htid":"102","htnum":"20200722001","paydt":"2020-07-22 15:40:00","uid":"379","custid":"146","optdt":"2020-07-22 15:40:37","optname":"\u6881\u96c5\u73cd","money":"50000.00","type":"0","explain":"\u8bef\u505a","createdt":"2020-07-22 15:40:37","createname":"\u6881\u96c5\u73cd","createid":"379","depart":"\u8d22\u52a1\u90e8","comid":"206","departid":"366","optnameid":"379","paytype":"0","tdnum":"TD202007006","custname":"\u5d14\u6d77"}]}}