{"xinhu_finzhang":{"fields":[{"name":"id","type":"int","explain":"","types":"int(11)","dev":null,"isnull":"NO","lens":null},{"name":"comid","type":"smallint","explain":"\u5bf9\u5e94\u5355\u4f4did","types":"smallint(6)","dev":"0","isnull":"YES","lens":null},{"name":"name","type":"varchar","explain":"\u8d26\u5957\u540d\u79f0","types":"varchar(100)","dev":null,"isnull":"YES","lens":"100"},{"name":"startdt","type":"date","explain":"\u5f00\u59cb\u65e5\u671f","types":"date","dev":null,"isnull":"YES","lens":null},{"name":"enddt","type":"date","explain":"\u622a\u6b62\u65e5\u671f","types":"date","dev":null,"isnull":"YES","lens":null},{"name":"status","type":"tinyint","explain":"\u72b6\u6001","types":"tinyint(1)","dev":"1","isnull":"YES","lens":null},{"name":"sort","type":"int","explain":"\u6392\u5e8f\u53f7","types":"int(11)","dev":"0","isnull":"YES","lens":null},{"name":"optid","type":"int","explain":"\u521b\u5efa\u4eba","types":"int(11)","dev":"0","isnull":"YES","lens":null},{"name":"optname","type":"varchar","explain":"\u521b\u5efa\u4eba","types":"varchar(50)","dev":null,"isnull":"YES","lens":"50"},{"name":"optdt","type":"datetime","explain":"\u64cd\u4f5c\u65f6\u95f4","types":"datetime","dev":null,"isnull":"YES","lens":null},{"name":"explain","type":"varchar","explain":"\u8bf4\u660e","types":"varchar(500)","dev":null,"isnull":"YES","lens":"500"}],"data":[]}}