{"xinhu_flow_bill":{"fields":[{"name":"id","type":"int","explain":"","types":"int(11)","dev":null,"isnull":"NO","lens":null},{"name":"sericnum","type":"varchar","explain":"\u5355\u53f7","types":"varchar(50)","dev":null,"isnull":"YES","lens":"50"},{"name":"table","type":"varchar","explain":"\u5bf9\u5e94\u8868","types":"varchar(50)","dev":null,"isnull":"YES","lens":"50"},{"name":"mid","type":"int","explain":"\u4e3bid","types":"int(11)","dev":null,"isnull":"YES","lens":null},{"name":"modeid","type":"smallint","explain":"\u6a21\u5757id","types":"smallint(6)","dev":"0","isnull":"YES","lens":null},{"name":"modename","type":"varchar","explain":"\u6a21\u5757\u540d\u79f0","types":"varchar(20)","dev":null,"isnull":"YES","lens":"20"},{"name":"uname","type":"varchar","explain":"\u7533\u8bf7\u4eba\u59d3\u540d","types":"varchar(20)","dev":null,"isnull":"YES","lens":"20"},{"name":"uid","type":"smallint","explain":"\u7528\u6237id","types":"smallint(6)","dev":null,"isnull":"YES","lens":null},{"name":"udeptid","type":"int","explain":"\u90e8\u95e80\u4e3a\u4e3b\u90e8\u95e8","types":"int(11)","dev":"0","isnull":"YES","lens":null},{"name":"udeptname","type":"varchar","explain":"\u7533\u8bf7\u4eba\u90e8\u95e8","types":"varchar(30)","dev":null,"isnull":"YES","lens":"30"},{"name":"optdt","type":"datetime","explain":"\u64cd\u4f5c\u65f6\u95f4","types":"datetime","dev":null,"isnull":"YES","lens":null},{"name":"optid","type":"smallint","explain":"\u64cd\u4f5c\u4ebaId","types":"smallint(6)","dev":"0","isnull":"YES","lens":null},{"name":"optname","type":"varchar","explain":"\u64cd\u4f5c\u4eba","types":"varchar(20)","dev":null,"isnull":"YES","lens":"20"},{"name":"allcheckid","type":"varchar","explain":"@\u6240\u6709\u5ba1\u6838\u4eba","types":"varchar(500)","dev":null,"isnull":"YES","lens":"500"},{"name":"isdel","type":"tinyint","explain":"\u662f\u5426\u5220\u9664","types":"tinyint(4)","dev":"0","isnull":"YES","lens":null},{"name":"nstatus","type":"tinyint","explain":"\u5f53\u524d\u72b6\u6001\u503c","types":"tinyint(1)","dev":"0","isnull":"YES","lens":null},{"name":"applydt","type":"date","explain":"\u7533\u8bf7\u65e5\u671f","types":"date","dev":null,"isnull":"YES","lens":null},{"name":"nstatustext","type":"varchar","explain":"\u5f53\u524d\u72b6\u6001","types":"varchar(100)","dev":null,"isnull":"YES","lens":"100"},{"name":"status","type":"tinyint","explain":"","types":"tinyint(1)","dev":"0","isnull":"YES","lens":null},{"name":"nowcourseid","type":"int","explain":"\u5f53\u524d\u6b65\u9aa4Id","types":"int(11)","dev":"0","isnull":"YES","lens":null},{"name":"nowcheckid","type":"varchar","explain":"\u5f53\u524d\u5ba1\u6838\u4ebaid","types":"varchar(500)","dev":null,"isnull":"YES","lens":"500"},{"name":"nowcheckname","type":"varchar","explain":"\u5f53\u524d\u5ba1\u6838\u4eba","types":"varchar(500)","dev":null,"isnull":"YES","lens":"500"},{"name":"checksm","type":"varchar","explain":"\u6700\u540e\u5ba1\u6838\u8bf4\u660e","types":"varchar(200)","dev":null,"isnull":"YES","lens":"200"},{"name":"updt","type":"datetime","explain":"\u6700\u540e\u66f4\u65b0\u65f6\u95f4","types":"datetime","dev":null,"isnull":"YES","lens":null},{"name":"createdt","type":"datetime","explain":"\u521b\u5efa\u65f6\u95f4","types":"datetime","dev":null,"isnull":"YES","lens":null},{"name":"tuiid","type":"int","explain":"\u9000\u56deflow_log.Id","types":"int(11)","dev":"0","isnull":"YES","lens":null},{"name":"isturn","type":"tinyint","explain":"\u662f\u5426\u5df2\u63d0\u4ea4\u4e86","types":"tinyint(1)","dev":"0","isnull":"YES","lens":null}],"data":[{"id":"34","sericnum":"FA-20200702-001","table":"custfee","mid":"8","modeid":"98","modename":"\u8d39\u7528\u5355","uname":"\u9648\u51ef","uid":"322","udeptid":"0","udeptname":"\u4e00\u672c\u8d26\u79d1\u6280\u6709\u9650\u516c\u53f8","optdt":"2020-07-02 11:23:20","optid":"322","optname":"\u9648\u51ef","allcheckid":"322","isdel":"0","nstatus":"0","applydt":"2020-07-02","nstatustext":"\u5f85\u9648\u51ef\u5904\u7406","status":"0","nowcourseid":"91","nowcheckid":"322","nowcheckname":"\u9648\u51ef","checksm":null,"updt":"2020-07-02 11:23:20","createdt":"2020-07-02 11:23:20","tuiid":"0","isturn":"1"},{"id":"35","sericnum":"FA-20200702-002","table":"custfee","mid":"9","modeid":"98","modename":"\u8d39\u7528\u5355","uname":"\u9648\u51ef","uid":"322","udeptid":"0","udeptname":"\u4e00\u672c\u8d26\u79d1\u6280\u6709\u9650\u516c\u53f8","optdt":"2020-07-02 11:29:45","optid":"322","optname":"\u9648\u51ef","allcheckid":"324,322","isdel":"0","nstatus":"0","applydt":"2020-07-02","nstatustext":"\u5f85\u5c0f\u6cb3\u5904\u7406","status":"0","nowcourseid":"91","nowcheckid":"324","nowcheckname":"\u5c0f\u6cb3","checksm":null,"updt":"2020-07-02 11:29:45","createdt":"2020-07-02 11:29:45","tuiid":"0","isturn":"1"},{"id":"36","sericnum":"FA-20200702-003","table":"custfee","mid":"10","modeid":"98","modename":"\u8d39\u7528\u5355","uname":"\u9648\u51ef","uid":"322","udeptid":"0","udeptname":"\u4e00\u672c\u8d26\u79d1\u6280\u6709\u9650\u516c\u53f8","optdt":"2020-07-02 11:36:46","optid":"322","optname":"\u9648\u51ef","allcheckid":"324,322","isdel":"0","nstatus":"0","applydt":"2020-07-02","nstatustext":"\u5f85\u5c0f\u6cb3\u5904\u7406","status":"0","nowcourseid":"91","nowcheckid":"324","nowcheckname":"\u5c0f\u6cb3","checksm":null,"updt":"2020-07-02 11:36:46","createdt":"2020-07-02 11:36:46","tuiid":"0","isturn":"1"},{"id":"37","sericnum":"FF-20200702-001","table":"fininfom","mid":"31","modeid":"65","modename":"\u5f00\u7968","uname":"\u9648\u51ef","uid":"322","udeptid":"0","udeptname":"\u4e00\u672c\u8d26\u79d1\u6280\u6709\u9650\u516c\u53f8","optdt":"2020-07-02 11:52:56","optid":"322","optname":"\u9648\u51ef","allcheckid":"324,322","isdel":"0","nstatus":"0","applydt":"2020-07-02","nstatustext":"\u5f85\u5c0f\u6cb3\u5904\u7406","status":"0","nowcourseid":"64","nowcheckid":"324","nowcheckname":"\u5c0f\u6cb3","checksm":null,"updt":"2020-07-02 11:52:56","createdt":"2020-07-02 11:52:56","tuiid":"0","isturn":"1"},{"id":"38","sericnum":"FF-20200702-002","table":"fininfom","mid":"32","modeid":"65","modename":"\u5f00\u7968","uname":"\u9648\u51ef","uid":"322","udeptid":"0","udeptname":"\u4e00\u672c\u8d26\u79d1\u6280\u6709\u9650\u516c\u53f8","optdt":"2020-07-02 14:12:15","optid":"322","optname":"\u9648\u51ef","allcheckid":"324,322","isdel":"0","nstatus":"0","applydt":"2020-07-02","nstatustext":"\u5f85\u5c0f\u6cb3\u5904\u7406","status":"0","nowcourseid":"64","nowcheckid":"324","nowcheckname":"\u5c0f\u6cb3","checksm":null,"updt":"2020-07-02 14:12:15","createdt":"2020-07-02 14:12:15","tuiid":"0","isturn":"1"},{"id":"39","sericnum":"FA-20200702-004","table":"fininfom","mid":"33","modeid":"11","modename":"\u8d39\u7528\u62a5\u9500","uname":"\u9648\u51ef","uid":"322","udeptid":"0","udeptname":"\u4e00\u672c\u8d26\u79d1\u6280\u6709\u9650\u516c\u53f8","optdt":"2020-07-02 14:14:26","optid":"322","optname":"\u9648\u51ef","allcheckid":"324,322","isdel":"0","nstatus":"0","applydt":"2020-07-02","nstatustext":"\u5f85\u5c0f\u6cb3\u5904\u7406","status":"0","nowcourseid":"7","nowcheckid":"324","nowcheckname":"\u5c0f\u6cb3","checksm":null,"updt":"2020-07-02 14:14:26","createdt":"2020-07-02 14:14:26","tuiid":"0","isturn":"1"},{"id":"40","sericnum":"FA-20200702-005","table":"fininfom","mid":"34","modeid":"11","modename":"\u8d39\u7528\u62a5\u9500","uname":"\u9648\u51ef","uid":"322","udeptid":"0","udeptname":"\u4e00\u672c\u8d26\u79d1\u6280\u6709\u9650\u516c\u53f8","optdt":"2020-07-02 14:16:39","optid":"322","optname":"\u9648\u51ef","allcheckid":"324,322","isdel":"0","nstatus":"0","applydt":"2020-07-02","nstatustext":"\u5f85\u5c0f\u6cb3\u5904\u7406","status":"0","nowcourseid":"7","nowcheckid":"324","nowcheckname":"\u5c0f\u6cb3","checksm":null,"updt":"2020-07-02 14:16:39","createdt":"2020-07-02 14:16:39","tuiid":"0","isturn":"1"},{"id":"41","sericnum":"FA-20200702-006","table":"fininfom","mid":"35","modeid":"11","modename":"\u8d39\u7528\u62a5\u9500","uname":"\u9648\u51ef","uid":"322","udeptid":"0","udeptname":"\u4e00\u672c\u8d26\u79d1\u6280\u6709\u9650\u516c\u53f8","optdt":"2020-07-02 14:28:53","optid":"322","optname":"\u9648\u51ef","allcheckid":"324,322","isdel":"0","nstatus":"0","applydt":"2020-07-02","nstatustext":"\u5f85\u5c0f\u6cb3\u5904\u7406","status":"0","nowcourseid":"7","nowcheckid":"324","nowcheckname":"\u5c0f\u6cb3","checksm":null,"updt":"2020-07-02 14:28:53","createdt":"2020-07-02 14:28:53","tuiid":"0","isturn":"1"},{"id":"42","sericnum":"FA-20200702-007","table":"fininfom","mid":"36","modeid":"11","modename":"\u8d39\u7528\u62a5\u9500","uname":"\u9648\u51ef","uid":"322","udeptid":"0","udeptname":"\u4e00\u672c\u8d26\u79d1\u6280\u6709\u9650\u516c\u53f8","optdt":"2020-07-02 14:30:43","optid":"322","optname":"\u9648\u51ef","allcheckid":"325,322","isdel":"0","nstatus":"0","applydt":"2020-07-02","nstatustext":"\u5f85\u5c0f\u9f99\u5904\u7406","status":"0","nowcourseid":"7","nowcheckid":"325","nowcheckname":"\u5c0f\u9f99","checksm":null,"updt":"2020-07-02 14:30:43","createdt":"2020-07-02 14:30:43","tuiid":"0","isturn":"1"},{"id":"43","sericnum":"FF-20200703-001","table":"fininfom","mid":"37","modeid":"65","modename":"\u5f00\u7968","uname":"\u9648\u51ef","uid":"322","udeptid":"0","udeptname":"\u4e00\u672c\u8d26\u79d1\u6280\u6709\u9650\u516c\u53f8","optdt":"2020-07-03 17:44:21","optid":"322","optname":"\u9648\u51ef","allcheckid":"322","isdel":"0","nstatus":"5","applydt":"2020-07-03","nstatustext":"\u4f5c\u5e9f","status":"5","nowcourseid":"64","nowcheckid":null,"nowcheckname":null,"checksm":"\u4f5c\u5e9f\uff1a1111","updt":"2020-07-03 17:54:31","createdt":"2020-07-03 17:44:21","tuiid":"0","isturn":"1"},{"id":"44","sericnum":"FA-20200703-001","table":"fininfom","mid":"38","modeid":"11","modename":"\u8d39\u7528\u62a5\u9500","uname":"\u9648\u51ef","uid":"322","udeptid":"0","udeptname":"\u4e00\u672c\u8d26\u79d1\u6280\u6709\u9650\u516c\u53f8","optdt":"2020-07-03 17:45:42","optid":"322","optname":"\u9648\u51ef","allcheckid":"322","isdel":"0","nstatus":"1","applydt":"2020-07-03","nstatustext":"\u9648\u51ef\u5904\u7406\u6d41\u8f6c","status":"1","nowcourseid":"0","nowcheckid":null,"nowcheckname":null,"checksm":null,"updt":"2020-07-22 10:36:26","createdt":"2020-07-03 17:45:42","tuiid":"0","isturn":"1"},{"id":"45","sericnum":"FA-20200723-001","table":"fininfom","mid":"39","modeid":"11","modename":"\u8d39\u7528\u62a5\u9500","uname":"\u5434\u65b0\u6cb3","uid":"342","udeptid":"0","udeptname":"\u8d22\u52a1\u90e8","optdt":"2020-07-23 16:36:36","optid":"342","optname":"\u5434\u65b0\u6cb3","allcheckid":"342,341","isdel":"0","nstatus":"1","applydt":"2020-07-23","nstatustext":"\u5434\u65b0\u6cb3\u5904\u7406\u6d41\u8f6c","status":"1","nowcourseid":"0","nowcheckid":null,"nowcheckname":null,"checksm":null,"updt":"2020-08-03 10:32:41","createdt":"2020-07-23 16:36:36","tuiid":"0","isturn":"1"},{"id":"46","sericnum":"FA-20200723-002","table":"fininfom","mid":"40","modeid":"11","modename":"\u8d39\u7528\u62a5\u9500","uname":"\u5434\u65b0\u6cb3","uid":"342","udeptid":"0","udeptname":"\u8d22\u52a1\u4e00\u90e8","optdt":"2020-07-23 16:50:51","optid":"342","optname":"\u5434\u65b0\u6cb3","allcheckid":"342","isdel":"0","nstatus":"1","applydt":"2020-07-23","nstatustext":"\u5434\u65b0\u6cb3\u5904\u7406\u6d41\u8f6c","status":"1","nowcourseid":"0","nowcheckid":null,"nowcheckname":null,"checksm":null,"updt":"2020-07-28 18:29:37","createdt":"2020-07-23 16:50:51","tuiid":"0","isturn":"1"},{"id":"47","sericnum":"FF-20200724-001","table":"fininfom","mid":"41","modeid":"65","modename":"\u5f00\u7968","uname":"\u4e00\u672c\u8d26\u79d1\u6280","uid":"329","udeptid":"0","udeptname":"\u4e00\u672c\u8d26\u79d1\u6280\u6709\u9650\u516c\u53f8\u6d4b\u8bd5","optdt":"2020-07-24 09:32:01","optid":"329","optname":"\u4e00\u672c\u8d26\u79d1\u6280","allcheckid":"329","isdel":"0","nstatus":"1","applydt":"2020-07-24","nstatustext":"\u4e00\u672c\u8d26\u79d1\u6280\u5904\u7406\u6d41\u8f6c","status":"1","nowcourseid":"0","nowcheckid":null,"nowcheckname":null,"checksm":null,"updt":"2020-07-24 09:35:45","createdt":"2020-07-24 09:32:01","tuiid":"0","isturn":"1"},{"id":"48","sericnum":"FA-20200724-001","table":"custfee","mid":"11","modeid":"98","modename":"\u8d39\u7528\u5355","uname":"\u4e00\u672c\u8d26\u79d1\u6280","uid":"329","udeptid":"0","udeptname":"\u4e00\u672c\u8d26\u79d1\u6280\u6709\u9650\u516c\u53f8\u6d4b\u8bd5","optdt":"2020-07-24 10:30:35","optid":"329","optname":"\u4e00\u672c\u8d26\u79d1\u6280","allcheckid":"342,329","isdel":"0","nstatus":"0","applydt":"2020-07-24","nstatustext":"\u5f85\u5434\u65b0\u6cb3\u5904\u7406","status":"0","nowcourseid":"91","nowcheckid":"342","nowcheckname":"\u5434\u65b0\u6cb3","checksm":null,"updt":"2020-07-24 10:30:35","createdt":"2020-07-24 10:30:35","tuiid":"0","isturn":"1"},{"id":"49","sericnum":"FA-20200724-002","table":"custfee","mid":"12","modeid":"98","modename":"\u8d39\u7528\u5355","uname":"\u4e00\u672c\u8d26\u79d1\u6280","uid":"329","udeptid":"0","udeptname":"\u4e00\u672c\u8d26\u79d1\u6280\u6709\u9650\u516c\u53f8\u6d4b\u8bd5","optdt":"2020-07-24 10:31:55","optid":"329","optname":"\u4e00\u672c\u8d26\u79d1\u6280","allcheckid":"342,329","isdel":"0","nstatus":"0","applydt":"2020-07-24","nstatustext":"\u5f85\u5434\u65b0\u6cb3\u5904\u7406","status":"0","nowcourseid":"91","nowcheckid":"342","nowcheckname":"\u5434\u65b0\u6cb3","checksm":null,"updt":"2020-07-24 10:31:55","createdt":"2020-07-24 10:31:55","tuiid":"0","isturn":"1"},{"id":"50","sericnum":"FA-20200724-003","table":"custfee","mid":"13","modeid":"98","modename":"\u8d39\u7528\u5355","uname":"\u4e00\u672c\u8d26\u79d1\u6280","uid":"329","udeptid":"0","udeptname":"\u4e00\u672c\u8d26\u79d1\u6280\u6709\u9650\u516c\u53f8\u6d4b\u8bd5","optdt":"2020-07-24 10:33:10","optid":"329","optname":"\u4e00\u672c\u8d26\u79d1\u6280","allcheckid":"329,342","isdel":"0","nstatus":"1","applydt":"2020-07-24","nstatustext":"\u4e00\u672c\u8d26\u79d1\u6280\u5904\u7406\u6d41\u8f6c","status":"1","nowcourseid":"0","nowcheckid":null,"nowcheckname":null,"checksm":null,"updt":"2020-08-03 23:27:28","createdt":"2020-07-24 10:33:10","tuiid":"0","isturn":"1"},{"id":"52","sericnum":"FA-20200728-001","table":"fininfom","mid":"43","modeid":"11","modename":"\u8d39\u7528\u62a5\u9500","uname":"\u5434\u65b0\u6cb3","uid":"342","udeptid":"0","udeptname":"\u8d22\u52a1\u4e00\u90e8","optdt":"2020-07-28 18:31:39","optid":"342","optname":"\u5434\u65b0\u6cb3","allcheckid":"342","isdel":"0","nstatus":"1","applydt":"2020-07-28","nstatustext":"\u5434\u65b0\u6cb3\u5904\u7406\u6d41\u8f6c","status":"1","nowcourseid":"0","nowcheckid":null,"nowcheckname":null,"checksm":null,"updt":"2020-07-28 18:32:03","createdt":"2020-07-28 18:31:39","tuiid":"0","isturn":"1"},{"id":"51","sericnum":"FA-20200727-001","table":"fininfom","mid":"42","modeid":"11","modename":"\u8d39\u7528\u62a5\u9500","uname":"\u5733\u65b0\u6559\u80b2","uid":"386","udeptid":"0","udeptname":"\u6df1\u5733\u5e02\u5733\u65b0\u6559\u80b2\u57f9\u8bad","optdt":"2020-07-27 11:03:30","optid":"386","optname":"\u5733\u65b0\u6559\u80b2","allcheckid":"386","isdel":"0","nstatus":"1","applydt":"2020-07-27","nstatustext":"\u5733\u65b0\u6559\u80b2\u5904\u7406\u6d41\u8f6c","status":"1","nowcourseid":"0","nowcheckid":null,"nowcheckname":null,"checksm":null,"updt":"2020-07-27 11:06:14","createdt":"2020-07-27 11:03:30","tuiid":"0","isturn":"1"},{"id":"53","sericnum":"FA-20200729-001","table":"fininfom","mid":"44","modeid":"11","modename":"\u8d39\u7528\u62a5\u9500","uname":"\u4e00\u672c\u8d26\u79d1\u6280","uid":"329","udeptid":"0","udeptname":"\u4e00\u672c\u8d26\u79d1\u6280\u6709\u9650\u516c\u53f8\u6d4b\u8bd5","optdt":"2020-07-29 16:55:13","optid":"329","optname":"\u4e00\u672c\u8d26\u79d1\u6280","allcheckid":"342,329","isdel":"0","nstatus":"5","applydt":"2020-07-29","nstatustext":"\u4f5c\u5e9f","status":"5","nowcourseid":"88895","nowcheckid":null,"nowcheckname":null,"checksm":"\u4f5c\u5e9f\uff1a\u586b\u5199\u9519\u8bef","updt":"2020-08-03 10:24:09","createdt":"2020-07-29 16:55:13","tuiid":"0","isturn":"1"},{"id":"54","sericnum":"FA-20200805-001","table":"fininfom","mid":"45","modeid":"11","modename":"\u8d39\u7528\u62a5\u9500","uname":"\u4e00\u672c\u8d26\u79d1\u6280","uid":"329","udeptid":"0","udeptname":"\u4e00\u672c\u8d26\u79d1\u6280\u6709\u9650\u516c\u53f8\u6d4b\u8bd5","optdt":"2020-08-05 15:17:47","optid":"329","optname":"\u4e00\u672c\u8d26\u79d1\u6280","allcheckid":"329","isdel":"0","nstatus":"0","applydt":"2020-08-05","nstatustext":"\u5f85\u4e00\u672c\u8d26\u79d1\u6280\u5904\u7406","status":"0","nowcourseid":"7","nowcheckid":"329","nowcheckname":"\u4e00\u672c\u8d26\u79d1\u6280","checksm":null,"updt":"2020-08-05 15:17:47","createdt":"2020-08-05 15:17:47","tuiid":"0","isturn":"1"}]}}