{"xinhu_kqjuser":{"fields":[{"name":"id","type":"int","explain":"","types":"int(11)","dev":null,"isnull":"NO","lens":null},{"name":"snid","type":"int","explain":"\u8bbe\u5907ID","types":"int(11)","dev":"0","isnull":"YES","lens":null},{"name":"uid","type":"int","explain":"\u7528\u6237ID","types":"int(11)","dev":"0","isnull":"YES","lens":null},{"name":"fingerprint1","type":"text","explain":"\u6307\u7eb91","types":"text","dev":null,"isnull":"YES","lens":"65535"},{"name":"fingerprint2","type":"text","explain":"\u6307\u7eb92","types":"text","dev":null,"isnull":"YES","lens":"65535"},{"name":"headpic","type":"varchar","explain":"\u5934\u50cf","types":"varchar(100)","dev":null,"isnull":"YES","lens":"100"}],"data":[]}}