{"xinhu_im_mess":{"fields":[{"name":"id","type":"int","explain":"","types":"int(11)","dev":null,"isnull":"NO","lens":null},{"name":"optdt","type":"datetime","explain":"","types":"datetime","dev":null,"isnull":"YES","lens":null},{"name":"zt","type":"tinyint","explain":"\u72b6\u6001","types":"tinyint(1)","dev":"0","isnull":"YES","lens":null},{"name":"cont","type":"varchar","explain":"\u5185\u5bb9","types":"varchar(4000)","dev":null,"isnull":"YES","lens":"4000"},{"name":"sendid","type":"smallint","explain":"","types":"smallint(6)","dev":null,"isnull":"YES","lens":null},{"name":"receid","type":"smallint","explain":"\u63a5\u6536","types":"smallint(6)","dev":"0","isnull":"YES","lens":null},{"name":"receuid","type":"varchar","explain":"\u63a5\u6536\u7528\u6237id","types":"varchar(4000)","dev":null,"isnull":"YES","lens":"4000"},{"name":"type","type":"varchar","explain":"\u4fe1\u606f\u7c7b\u578b","types":"varchar(20)","dev":null,"isnull":"YES","lens":"20"},{"name":"url","type":"varchar","explain":"\u76f8\u5173\u5730\u5740","types":"varchar(1000)","dev":null,"isnull":"YES","lens":"1000"},{"name":"fileid","type":"int","explain":"\u5bf9\u5e94\u6587\u4ef6Id","types":"int(11)","dev":"0","isnull":"NO","lens":null},{"name":"msgid","type":"varchar","explain":"","types":"varchar(50)","dev":null,"isnull":"YES","lens":"50"}],"data":[{"id":"7","optdt":"2020-06-01 16:44:28","zt":"1","cont":"MTExPGJyPg::","sendid":"252","receid":"231","receuid":"252,231","type":"user","url":null,"fileid":"0","msgid":null},{"id":"8","optdt":"2020-06-01 16:45:06","zt":"1","cont":"MTEx","sendid":"252","receid":"231","receuid":"252,231","type":"user","url":null,"fileid":"0","msgid":null},{"id":"9","optdt":"2020-06-01 16:45:10","zt":"1","cont":"W!W!rueskV0:","sendid":"252","receid":"231","receuid":"252,231","type":"user","url":null,"fileid":"0","msgid":null},{"id":"10","optdt":"2020-06-01 16:45:47","zt":"1","cont":"6LSi5Yqh5Lq65YqbPGJyPg::","sendid":"252","receid":"231","receuid":"252,231","type":"user","url":null,"fileid":"0","msgid":null},{"id":"11","optdt":"2020-06-01 16:48:39","zt":"0","cont":"77yM77yM77yM","sendid":"231","receid":"252","receuid":"231,252","type":"user","url":null,"fileid":"0","msgid":null},{"id":"12","optdt":"2020-06-03 18:36:07","zt":"0","cont":"W!WPkeWRhl0:","sendid":"233","receid":"233","receuid":"233,233","type":"user","url":null,"fileid":"0","msgid":null},{"id":"13","optdt":"2020-06-05 12:40:10","zt":"1","cont":"5oKo5aW9","sendid":"260","receid":"261","receuid":"260,261","type":"user","url":null,"fileid":"0","msgid":null},{"id":"14","optdt":"2020-06-11 16:39:12","zt":"1","cont":"MQ::","sendid":"260","receid":"2","receuid":"262,261,260","type":"group","url":null,"fileid":"0","msgid":null},{"id":"15","optdt":"2020-07-03 17:56:46","zt":"0","cont":"W!W!rueskV0:","sendid":"322","receid":"322","receuid":"322,322","type":"user","url":null,"fileid":"0","msgid":null}]}}