{"xinhu_finkemu":{"fields":[{"name":"id","type":"int","explain":"","types":"int(11)","dev":null,"isnull":"NO","lens":null},{"name":"num","type":"varchar","explain":"\u7f16\u53f7","types":"varchar(20)","dev":null,"isnull":"NO","lens":"20"},{"name":"name","type":"varchar","explain":"\u540d\u79f0","types":"varchar(50)","dev":null,"isnull":"YES","lens":"50"},{"name":"sort","type":"int","explain":"\u6392\u5e8f\u53f7","types":"int(11)","dev":"0","isnull":"YES","lens":null},{"name":"status","type":"tinyint","explain":"\u72b6\u6001","types":"tinyint(1)","dev":"1","isnull":"YES","lens":null},{"name":"type","type":"tinyint","explain":"0\u8d44\u4ea71\u8d1f\u503a2\u6743\u76ca3\u6210\u672c4\u635f\u76ca","types":"tinyint(1)","dev":"0","isnull":"YES","lens":null},{"name":"comid","type":"smallint","explain":"\u5bf9\u5e94\u5355\u4f4did","types":"smallint(6)","dev":"0","isnull":"YES","lens":null},{"name":"explain","type":"varchar","explain":"\u8bf4\u660e","types":"varchar(200)","dev":null,"isnull":"YES","lens":"200"}],"data":[]}}