{"xinhu_carmrese":{"fields":[{"name":"id","type":"int","explain":"","types":"int(11)","dev":null,"isnull":"NO","lens":null},{"name":"uid","type":"int","explain":"","types":"int(11)","dev":null,"isnull":"YES","lens":null},{"name":"optdt","type":"datetime","explain":"\u64cd\u4f5c\u65f6\u95f4","types":"datetime","dev":null,"isnull":"YES","lens":null},{"name":"optid","type":"int","explain":"","types":"int(11)","dev":null,"isnull":"YES","lens":null},{"name":"optname","type":"varchar","explain":"\u64cd\u4f5c\u4eba","types":"varchar(20)","dev":null,"isnull":"YES","lens":"20"},{"name":"applydt","type":"date","explain":"\u7533\u8bf7\u65e5\u671f","types":"date","dev":null,"isnull":"YES","lens":null},{"name":"explain","type":"varchar","explain":"\u8bf4\u660e","types":"varchar(500)","dev":null,"isnull":"YES","lens":"500"},{"name":"status","type":"tinyint","explain":"","types":"tinyint(1)","dev":"0","isnull":"YES","lens":null},{"name":"isturn","type":"tinyint","explain":"","types":"tinyint(1)","dev":"0","isnull":"YES","lens":null},{"name":"useid","type":"varchar","explain":"","types":"varchar(200)","dev":null,"isnull":"YES","lens":"200"},{"name":"usename","type":"varchar","explain":"\u4f7f\u7528\u8005","types":"varchar(200)","dev":null,"isnull":"YES","lens":"200"},{"name":"useren","type":"smallint","explain":"\u4f7f\u7528\u4eba\u6570","types":"smallint(6)","dev":"0","isnull":"YES","lens":null},{"name":"startdt","type":"datetime","explain":"\u5f00\u59cb\u65f6\u95f4","types":"datetime","dev":null,"isnull":"YES","lens":null},{"name":"enddt","type":"datetime","explain":"\u622a\u6b62\u65f6\u95f4","types":"datetime","dev":null,"isnull":"YES","lens":null},{"name":"address","type":"varchar","explain":"\u76ee\u7684\u5730","types":"varchar(50)","dev":null,"isnull":"YES","lens":"50"},{"name":"carid","type":"smallint","explain":"","types":"smallint(6)","dev":null,"isnull":"YES","lens":null},{"name":"carnum","type":"varchar","explain":"\u4f7f\u7528\u8f66\u8f86","types":"varchar(10)","dev":null,"isnull":"YES","lens":"10"},{"name":"xianlines","type":"varchar","explain":"\u7ebf\u8def","types":"varchar(200)","dev":null,"isnull":"YES","lens":"200"},{"name":"jiaid","type":"varchar","explain":"","types":"varchar(200)","dev":null,"isnull":"YES","lens":"200"},{"name":"jianame","type":"varchar","explain":"\u9a7e\u9a76\u5458","types":"varchar(200)","dev":null,"isnull":"YES","lens":"200"},{"name":"kmstart","type":"varchar","explain":"\u8d77\u59cb\u516c\u91cc\u6570","types":"varchar(20)","dev":null,"isnull":"YES","lens":"20"},{"name":"kmend","type":"varchar","explain":"\u7ed3\u675f\u516c\u91cc\u6570","types":"varchar(20)","dev":null,"isnull":"YES","lens":"20"},{"name":"returndt","type":"datetime","explain":"\u5f52\u8fd8\u65f6\u95f4","types":"datetime","dev":null,"isnull":"YES","lens":null},{"name":"comid","type":"smallint","explain":"\u5bf9\u5e94\u5355\u4f4did","types":"smallint(6)","dev":"0","isnull":"YES","lens":null}],"data":[]}}