{"xinhu_hrkaohen":{"fields":[{"name":"id","type":"int","explain":"","types":"int(11)","dev":null,"isnull":"NO","lens":null},{"name":"mid","type":"smallint","explain":"\u5bf9\u5e94\u4e3b\u8868hrkaohem.id","types":"smallint(6)","dev":"0","isnull":"YES","lens":null},{"name":"sort","type":"smallint","explain":"\u6392\u5e8f\u53f7","types":"smallint(6)","dev":"0","isnull":"YES","lens":null},{"name":"pfname","type":"varchar","explain":"\u8bc4\u5206\u540d\u79f0","types":"varchar(50)","dev":null,"isnull":"YES","lens":"50"},{"name":"pftype","type":"varchar","explain":"\u8bc4\u5206\u4eba\u7c7b\u578b","types":"varchar(20)","dev":null,"isnull":"YES","lens":"20"},{"name":"pfren","type":"varchar","explain":"\u8bc4\u5206\u4eba","types":"varchar(20)","dev":null,"isnull":"YES","lens":"20"},{"name":"pfrenid","type":"varchar","explain":"","types":"varchar(20)","dev":null,"isnull":"YES","lens":"20"},{"name":"pfweight","type":"decimal","explain":"\u8bc4\u5206\u6743\u91cd","types":"decimal(6,1)","dev":"0.0","isnull":"YES","lens":null},{"name":"comid","type":"smallint","explain":"\u5bf9\u5e94\u5355\u4f4did","types":"smallint(6)","dev":"0","isnull":"YES","lens":null}],"data":[]}}