{"xinhu_demo":{"fields":[{"name":"id","type":"int","explain":"","types":"int(11)","dev":null,"isnull":"NO","lens":null},{"name":"sheng","type":"varchar","explain":"\u7701","types":"varchar(50)","dev":null,"isnull":"YES","lens":"50"},{"name":"shi","type":"varchar","explain":"\u5e02","types":"varchar(50)","dev":null,"isnull":"YES","lens":"50"},{"name":"xian","type":"varchar","explain":"\u53bf(\u533a)","types":"varchar(50)","dev":null,"isnull":"YES","lens":"50"},{"name":"applydt","type":"date","explain":"\u7533\u8bf7\u65e5\u671f","types":"date","dev":null,"isnull":"YES","lens":null},{"name":"uid","type":"smallint","explain":"","types":"smallint(6)","dev":"0","isnull":"YES","lens":null},{"name":"optdt","type":"datetime","explain":"\u64cd\u4f5c\u65f6\u95f4","types":"datetime","dev":null,"isnull":"YES","lens":null},{"name":"optid","type":"smallint","explain":"","types":"smallint(6)","dev":"0","isnull":"YES","lens":null},{"name":"optname","type":"varchar","explain":"\u64cd\u4f5c\u4eba","types":"varchar(20)","dev":null,"isnull":"YES","lens":"20"},{"name":"explain","type":"varchar","explain":"\u8bf4\u660e","types":"varchar(500)","dev":null,"isnull":"YES","lens":"500"},{"name":"status","type":"tinyint","explain":"\u72b6\u6001","types":"tinyint(1)","dev":"1","isnull":"YES","lens":null},{"name":"isturn","type":"tinyint","explain":"\u662f\u5426\u63d0\u4ea4","types":"tinyint(1)","dev":"1","isnull":"YES","lens":null},{"name":"tanxuan","type":"varchar","explain":"\u5f39\u51fa\u4e0b\u6765\u5355\u9009","types":"varchar(50)","dev":null,"isnull":"YES","lens":"50"},{"name":"tanxuancheck","type":"varchar","explain":"\u5f39\u6846\u4e0b\u62c9\u591a\u9009","types":"varchar(50)","dev":null,"isnull":"YES","lens":"50"},{"name":"upfile1","type":"varchar","explain":"\u6587\u4ef6\u4e0a\u4f201","types":"varchar(50)","dev":null,"isnull":"YES","lens":"50"},{"name":"upfile2","type":"varchar","explain":"\u6587\u4ef6\u4e0a\u4f202","types":"varchar(50)","dev":null,"isnull":"YES","lens":"50"},{"name":"testfirs","type":"varchar","explain":"\u6d4b\u8bd5\u5b57\u6bb5","types":"varchar(50)","dev":null,"isnull":"YES","lens":"50"},{"name":"custname","type":"varchar","explain":"\u5ba2\u6237","types":"varchar(100)","dev":null,"isnull":"YES","lens":"100"},{"name":"custid","type":"int","explain":"\u5ba2\u6237id","types":"int(11)","dev":"0","isnull":"YES","lens":null},{"name":"money","type":"decimal","explain":"\u91d1\u989d","types":"decimal(10,2)","dev":"0.00","isnull":"YES","lens":null},{"name":"tanxuanid","type":"smallint","explain":"\u5355\u9009\u5f39\u51fa\u9009\u62e9id","types":"smallint(6)","dev":null,"isnull":"YES","lens":null},{"name":"fengmian","type":"varchar","explain":"\u5c01\u9762\u56fe\u7247","types":"varchar(200)","dev":null,"isnull":"YES","lens":"200"},{"name":"num","type":"varchar","explain":"\u7f16\u53f7","types":"varchar(50)","dev":null,"isnull":"YES","lens":"50"}],"data":[]}}