{"xinhu_custract":{"fields":[{"name":"id","type":"int","explain":"","types":"int(11)","dev":null,"isnull":"NO","lens":null},{"name":"uid","type":"smallint","explain":"","types":"smallint(6)","dev":"0","isnull":"YES","lens":null},{"name":"num","type":"varchar","explain":"\u5408\u540c\u7f16\u53f7","types":"varchar(30)","dev":null,"isnull":"YES","lens":"30"},{"name":"optdt","type":"datetime","explain":"\u64cd\u4f5c\u65f6\u95f4","types":"datetime","dev":null,"isnull":"YES","lens":null},{"name":"optname","type":"varchar","explain":"\u64cd\u4f5c\u4eba","types":"varchar(20)","dev":null,"isnull":"YES","lens":"20"},{"name":"applydt","type":"date","explain":"\u7533\u8bf7\u65e5\u671f","types":"date","dev":null,"isnull":"YES","lens":null},{"name":"explain","type":"varchar","explain":"\u8bf4\u660e","types":"varchar(500)","dev":null,"isnull":"YES","lens":"500"},{"name":"status","type":"tinyint","explain":"\u72b6\u6001","types":"tinyint(1)","dev":"1","isnull":"YES","lens":null},{"name":"custid","type":"int","explain":"","types":"int(11)","dev":"0","isnull":"YES","lens":null},{"name":"custname","type":"varchar","explain":"\u5ba2\u6237\u540d\u79f0","types":"varchar(255)","dev":null,"isnull":"YES","lens":"255"},{"name":"linkman","type":"varchar","explain":"\u5ba2\u6237\u8054\u7cfb\u4eba","types":"varchar(20)","dev":null,"isnull":"YES","lens":"20"},{"name":"money","type":"decimal","explain":"\u5408\u540c\u91d1\u989d","types":"decimal(10,2)","dev":"0.00","isnull":"YES","lens":null},{"name":"moneys","type":"decimal","explain":"\u5f85\u6536\u91d1\u989d","types":"decimal(10,2)","dev":"0.00","isnull":"YES","lens":null},{"name":"startdt","type":"date","explain":"\u751f\u6548\u65e5\u671f","types":"date","dev":null,"isnull":"YES","lens":null},{"name":"enddt","type":"date","explain":"\u622a\u6b62\u65e5\u671f","types":"date","dev":null,"isnull":"YES","lens":null},{"name":"content","type":"text","explain":"\u5408\u540c\u5185\u5bb9","types":"text","dev":null,"isnull":"YES","lens":"65535"},{"name":"saleid","type":"smallint","explain":"\u9500\u552e\u673a\u4f1aId","types":"smallint(6)","dev":"0","isnull":"YES","lens":null},{"name":"isturn","type":"tinyint","explain":"\u662f\u5426\u63d0\u4ea4","types":"tinyint(1)","dev":"1","isnull":"YES","lens":null},{"name":"signdt","type":"date","explain":"\u7b7e\u7ea6\u65e5\u671f","types":"date","dev":null,"isnull":"YES","lens":null},{"name":"type","type":"tinyint","explain":"0\u6536\u6b3e\u5408\u540c\uff0c1\u4ed8\u6b3e\u5408\u540c","types":"tinyint(1)","dev":"0","isnull":"YES","lens":null},{"name":"ispay","type":"tinyint","explain":"0\u5f85,1\u5df2\u5b8c\u6210,2\u90e8\u5206","types":"tinyint(1)","dev":"0","isnull":"YES","lens":null},{"name":"isover","type":"tinyint","explain":"\u662f\u5426\u5df2\u5168\u90e8\u521b\u5efa\u6536\u4ed8\u6b3e\u5355","types":"tinyint(1)","dev":"0","isnull":"YES","lens":null},{"name":"createname","type":"varchar","explain":"","types":"varchar(20)","dev":null,"isnull":"YES","lens":"20"},{"name":"createid","type":"smallint","explain":"","types":"smallint(6)","dev":"0","isnull":"YES","lens":null},{"name":"xiaoid","type":"int","explain":"\u5bf9\u5e94\u9500\u552egoodm.id","types":"int(11)","dev":"0","isnull":"YES","lens":null},{"name":"comid","type":"smallint","explain":"\u5bf9\u5e94\u5355\u4f4did","types":"smallint(6)","dev":"0","isnull":"YES","lens":null},{"name":"fenlei","type":"varchar","explain":"\u5408\u540c\u5206\u7c7b","types":"varchar(50)","dev":null,"isnull":"YES","lens":"50"},{"name":"fpid","type":"int","explain":"\u5bf9\u5e94\u7684\u53d1\u7968\u7c7b\u578bid feelv\u8868 by andy.ma","types":"int(11)","dev":"0","isnull":"YES","lens":null},{"name":"optid","type":"int","explain":"","types":"int(11)","dev":"0","isnull":"YES","lens":null},{"name":"optnameid","type":"smallint","explain":"","types":"smallint(6)","dev":null,"isnull":"YES","lens":null},{"name":"manager","type":"varchar","explain":"\u5ba2\u6237\u7ecf\u7406  by andy.ma","types":"varchar(50)","dev":null,"isnull":"YES","lens":"50"},{"name":"managerid","type":"int","explain":"\u5ba2\u6237\u7ecf\u7406 \u5bf9\u5e94 id by andy.ma","types":"int(11)","dev":null,"isnull":"YES","lens":null},{"name":"yisid","type":"int","explain":"\u7528\u4f5c\u5df2\u6536\u67e5\u8be2 \u503c\u4e0e\u4e3b\u952e\u4e00\u6837 by andy.ma","types":"int(11)","dev":null,"isnull":"YES","lens":null},{"name":"tiaoid","type":"int","explain":"\u7528\u4e8e\u8c03\u8d26\u67e5\u8be2\uff0c\u4f5c\u4e3a\u66ff\u6362\u7528\uff0c\u4e0d\u9700\u8981\u6709\u503c\uff0cby andy.ma","types":"int(11)","dev":"0","isnull":"YES","lens":null},{"name":"kaipid","type":"int","explain":"\u7528\u4e8e\u5f00\u7968\u67e5\u8be2\uff0c\u4f5c\u4e3a\u66ff\u6362\u7528\uff0c\u4e0d\u9700\u8981\u6709\u503c by andy.ma","types":"int(11)","dev":"0","isnull":"YES","lens":null}],"data":[{"id":"13","uid":"260","num":"20200605001","optdt":"2020-06-05 14:34:21","optname":"\u9f99\u9752\u4e91","applydt":"2020-06-05","explain":null,"status":"1","custid":"69","custname":"et","linkman":null,"money":"8000.00","moneys":"0.00","startdt":"2020-06-05","enddt":"2021-06-05","content":"gjgy","saleid":"0","isturn":"1","signdt":"2020-06-05","type":"0","ispay":"1","isover":"1","createname":"\u9f99\u9752\u4e91","createid":"260","xiaoid":"0","comid":"169","fenlei":null,"fpid":"252","optid":"260","optnameid":null,"manager":"\u6797\u8bd7\u742a","managerid":"261","yisid":"13","tiaoid":"0","kaipid":"0"},{"id":"14","uid":"266","num":"20200609001","optdt":"2020-06-09 14:39:57","optname":"\u5f20\u6cfd\u5a34","applydt":"2020-06-09","explain":null,"status":"1","custid":"70","custname":"DVDFX","linkman":null,"money":"500000.00","moneys":"500000.00","startdt":"2020-06-09","enddt":"2021-06-09","content":"  VB V","saleid":"0","isturn":"1","signdt":"2020-06-09","type":"0","ispay":"0","isover":"0","createname":"\u5f20\u6cfd\u5a34","createid":"266","xiaoid":"0","comid":"173","fenlei":null,"fpid":"264","optid":"266","optnameid":null,"manager":"\u5f20\u6cfd\u5a34","managerid":"266","yisid":"14","tiaoid":"0","kaipid":"0"},{"id":"15","uid":"260","num":"20200611001","optdt":"2020-06-11 17:12:57","optname":"\u9f99\u9752\u4e91","applydt":"2020-06-11","explain":null,"status":"1","custid":"69","custname":"et","linkman":null,"money":"2980.00","moneys":"0.00","startdt":"2020-06-11","enddt":"2021-06-11","content":"\u5408\u4f5c","saleid":"0","isturn":"1","signdt":"2020-06-11","type":"0","ispay":"1","isover":"1","createname":"\u9f99\u9752\u4e91","createid":"260","xiaoid":"0","comid":"169","fenlei":null,"fpid":"250","optid":"260","optnameid":null,"manager":"\u9f99\u9752\u4e91","managerid":"260","yisid":"15","tiaoid":"0","kaipid":"0"},{"id":"16","uid":"280","num":"20200617001","optdt":"2020-06-17 17:40:52","optname":"\u9752\u4e91","applydt":"2020-06-17","explain":null,"status":"1","custid":"71","custname":"\u4e00\u672c\u5e10","linkman":null,"money":"20000.00","moneys":"0.00","startdt":"2020-06-17","enddt":"2021-06-17","content":"\u6d4b\u8bd5","saleid":"0","isturn":"1","signdt":"2020-06-17","type":"0","ispay":"1","isover":"1","createname":"\u9752\u4e91","createid":"280","xiaoid":"0","comid":"180","fenlei":null,"fpid":"284","optid":"280","optnameid":null,"manager":"\u9752\u4e91","managerid":"280","yisid":"16","tiaoid":"0","kaipid":"0"},{"id":"17","uid":"283","num":"20200619001","optdt":"2020-06-19 15:51:20","optname":"\u51af\u4e9a\u519b","applydt":"2020-06-19","explain":null,"status":"1","custid":"72","custname":"\u6d4b\u8bd5","linkman":null,"money":"20000.00","moneys":"10000.00","startdt":"2020-06-19","enddt":"2021-06-19","content":"\u6b63\u5f0f\u5408\u540c","saleid":"0","isturn":"1","signdt":"2020-06-19","type":"0","ispay":"2","isover":"0","createname":"\u51af\u4e9a\u519b","createid":"283","xiaoid":"0","comid":"181","fenlei":null,"fpid":"287","optid":"283","optnameid":null,"manager":"\u51af\u4e9a\u519b","managerid":"283","yisid":"17","tiaoid":"0","kaipid":"0"},{"id":"18","uid":"291","num":"20200623001","optdt":"2020-06-23 15:06:22","optname":"\u8d3a\u5929\u6167","applydt":"2020-06-23","explain":null,"status":"1","custid":"73","custname":"\u822a\u7a7a\u5c40","linkman":null,"money":"200000.00","moneys":"200000.00","startdt":"2020-06-23","enddt":"2021-06-23","content":"\u591a\u8272\u5f69\u7684","saleid":"0","isturn":"1","signdt":"2020-06-08","type":"0","ispay":"0","isover":"0","createname":"\u8d3a\u5929\u6167","createid":"291","xiaoid":"0","comid":"185","fenlei":null,"fpid":"300","optid":"291","optnameid":null,"manager":"\u8d3a\u5929\u6167","managerid":"291","yisid":"18","tiaoid":"0","kaipid":"0"},{"id":"19","uid":"287","num":"20200624001","optdt":"2020-06-24 10:32:11","optname":"\u9648\u51ef","applydt":"2020-06-24","explain":null,"status":"1","custid":"74","custname":"\u7518\u5029","linkman":null,"money":"500000.00","moneys":"0.00","startdt":"2020-06-24","enddt":"2021-06-24","content":"\u6750\u6599","saleid":"0","isturn":"1","signdt":"2020-06-24","type":"0","ispay":"1","isover":"1","createname":"\u9648\u51ef","createid":"287","xiaoid":"0","comid":"184","fenlei":null,"fpid":"297","optid":"287","optnameid":null,"manager":"\u9648\u51ef","managerid":"287","yisid":"19","tiaoid":"0","kaipid":"0"},{"id":"20","uid":"287","num":"PAY20200624001","optdt":"2020-06-24 10:33:15","optname":"\u9648\u51ef","applydt":"2020-06-24","explain":null,"status":"1","custid":"76","custname":"\u98de\u98de","linkman":null,"money":"150000.00","moneys":"150000.00","startdt":"2020-06-24","enddt":"2021-06-24","content":"\u8d2d\u4e70\u539f\u6599","saleid":"0","isturn":"1","signdt":"2020-06-24","type":"1","ispay":"0","isover":"0","createname":"\u9648\u51ef","createid":"287","xiaoid":"0","comid":"184","fenlei":null,"fpid":"297","optid":"287","optnameid":null,"manager":"\u9648\u51ef","managerid":"287","yisid":"20","tiaoid":"0","kaipid":"0"},{"id":"21","uid":"287","num":"20200624002","optdt":"2020-06-24 11:35:31","optname":"\u9648\u51ef","applydt":"2020-06-24","explain":null,"status":"1","custid":"75","custname":"\u4e3d\u4e3d","linkman":null,"money":"100000.00","moneys":"100000.00","startdt":"2020-06-24","enddt":"2021-06-24","content":"\u8d2d\u4e70\u539f\u6599","saleid":"0","isturn":"1","signdt":"2020-06-24","type":"0","ispay":"0","isover":"0","createname":"\u9648\u51ef","createid":"287","xiaoid":"0","comid":"184","fenlei":null,"fpid":"297","optid":"287","optnameid":null,"manager":"\u7f57\u7f57","managerid":"295","yisid":"21","tiaoid":"0","kaipid":"0"},{"id":"22","uid":"287","num":"PAY20200624002","optdt":"2020-06-24 11:36:44","optname":"\u9648\u51ef","applydt":"2020-06-24","explain":null,"status":"1","custid":"76","custname":"\u98de\u98de","linkman":null,"money":"30000.00","moneys":"0.00","startdt":"2020-06-24","enddt":"2021-06-24","content":"\u8d2d\u4e70\u539f\u6599","saleid":"0","isturn":"1","signdt":"2020-06-24","type":"1","ispay":"1","isover":"1","createname":"\u9648\u51ef","createid":"287","xiaoid":"0","comid":"184","fenlei":null,"fpid":"297","optid":"287","optnameid":null,"manager":"\u9648\u51ef","managerid":"287","yisid":"22","tiaoid":"0","kaipid":"0"},{"id":"23","uid":"287","num":"PAY20200624003","optdt":"2020-06-24 11:45:28","optname":"\u9648\u51ef","applydt":"2020-06-24","explain":null,"status":"1","custid":"76","custname":"\u98de\u98de","linkman":null,"money":"10000.00","moneys":"10000.00","startdt":"2020-06-24","enddt":"2021-09-02","content":"\u8d2d\u4e70\u539f\u6599","saleid":"0","isturn":"1","signdt":"2020-06-24","type":"1","ispay":"0","isover":"0","createname":"\u9648\u51ef","createid":"287","xiaoid":"0","comid":"184","fenlei":null,"fpid":"297","optid":"287","optnameid":null,"manager":"\u7f57\u7f57","managerid":"295","yisid":"23","tiaoid":"0","kaipid":"0"},{"id":"24","uid":"298","num":"20200624003","optdt":"2020-06-24 15:09:15","optname":"\u4e00\u672c\u8d26\u79d1\u6280\u6d4b\u8bd5","applydt":"2020-06-24","explain":null,"status":"1","custid":"77","custname":"\u5f20\u4e09","linkman":null,"money":"10000.00","moneys":"0.00","startdt":"2020-06-24","enddt":"2021-06-24","content":"\u6d4b\u8bd5","saleid":"0","isturn":"1","signdt":"2020-06-24","type":"0","ispay":"1","isover":"1","createname":"\u4e00\u672c\u8d26\u79d1\u6280\u6d4b\u8bd5","createid":"298","xiaoid":"0","comid":"186","fenlei":null,"fpid":"302","optid":"298","optnameid":null,"manager":"\u674e\u822a","managerid":"314","yisid":"24","tiaoid":"0","kaipid":"0"},{"id":"25","uid":"299","num":"20200624004","optdt":"2020-06-24 15:21:45","optname":"\u8d3a\u5929\u6167","applydt":"2020-06-24","explain":null,"status":"1","custid":"78","custname":"\u5170\u5170","linkman":null,"money":"100000.00","moneys":"100000.00","startdt":"2020-06-24","enddt":"2021-06-24","content":"\u4e00\u822c","saleid":"0","isturn":"1","signdt":"2020-06-24","type":"0","ispay":"0","isover":"0","createname":"\u8d3a\u5929\u6167","createid":"299","xiaoid":"0","comid":"187","fenlei":null,"fpid":"304","optid":"299","optnameid":null,"manager":"\u8d3a\u5929\u6167","managerid":"299","yisid":"25","tiaoid":"0","kaipid":"0"},{"id":"26","uid":"299","num":"PAY20200624004","optdt":"2020-06-24 15:23:08","optname":"\u8d3a\u5929\u6167","applydt":"2020-06-24","explain":null,"status":"1","custid":"78","custname":"\u5170\u5170","linkman":null,"money":"50000.00","moneys":"50000.00","startdt":"2020-06-24","enddt":"2021-06-24","content":"\u4e00\u822c","saleid":"0","isturn":"1","signdt":"2020-06-24","type":"1","ispay":"0","isover":"0","createname":"\u8d3a\u5929\u6167","createid":"299","xiaoid":"0","comid":"187","fenlei":null,"fpid":"305","optid":"299","optnameid":null,"manager":"\u8d3a\u5929\u6167","managerid":"299","yisid":"26","tiaoid":"0","kaipid":"0"},{"id":"27","uid":"321","num":"PAY20200624005","optdt":"2020-06-24 15:49:08","optname":"\u674e\u56db","applydt":"2020-06-24","explain":null,"status":"1","custid":"79","custname":"\u5f20\u4e09","linkman":null,"money":"10000.00","moneys":"10000.00","startdt":"2020-06-24","enddt":"2021-06-24","content":"\u6d4b\u8bd5","saleid":"0","isturn":"1","signdt":"2020-06-24","type":"1","ispay":"0","isover":"0","createname":"\u674e\u56db","createid":"321","xiaoid":"0","comid":"1","fenlei":null,"fpid":"4","optid":"321","optnameid":null,"manager":"\u674e\u56db","managerid":"321","yisid":"27","tiaoid":"0","kaipid":"0"},{"id":"39","uid":"328","num":"20200630001","optdt":"2020-06-30 16:38:43","optname":"\u8d3a\u5929\u6167","applydt":"2020-06-30","explain":null,"status":"1","custid":"93","custname":"\u8c22\u4e30\u6c11","linkman":null,"money":"1000.00","moneys":"0.00","startdt":"2020-06-30","enddt":"2021-06-30","content":"\u4e00\u822c","saleid":"0","isturn":"1","signdt":"2020-06-30","type":"0","ispay":"1","isover":"1","createname":"\u8d3a\u5929\u6167","createid":"328","xiaoid":"0","comid":"192","fenlei":null,"fpid":"316","optid":"328","optnameid":null,"manager":"\u8d3a\u5929\u6167","managerid":"328","yisid":"39","tiaoid":"0","kaipid":"0"},{"id":"28","uid":"322","num":"20200624005","optdt":"2020-06-24 18:00:59","optname":"\u9648\u51ef","applydt":"2020-06-24","explain":null,"status":"1","custid":"83","custname":"\u5b59\u4e3d\u4e3d","linkman":null,"money":"100000.00","moneys":"40000.00","startdt":"2020-06-02","enddt":"2021-06-24","content":"\u8d2d\u4e70\u539f\u6599","saleid":"0","isturn":"1","signdt":"2020-06-01","type":"0","ispay":"2","isover":"1","createname":"\u9648\u51ef","createid":"322","xiaoid":"0","comid":"189","fenlei":null,"fpid":"312","optid":"322","optnameid":null,"manager":"\u5c0f\u4e03","managerid":"332","yisid":"28","tiaoid":"0","kaipid":"0"},{"id":"29","uid":"328","num":"20200628001","optdt":"2020-07-02 18:17:56","optname":"\u8d3a\u5929\u6167","applydt":"2020-06-28","explain":null,"status":"1","custid":"88","custname":"\u9ec4\u6dd1\u60c5","linkman":null,"money":"15000.00","moneys":"15000.00","startdt":"2020-04-01","enddt":"2021-06-15","content":"\u5546\u4e1a\u5408\u540c","saleid":"0","isturn":"1","signdt":"2020-04-01","type":"0","ispay":"0","isover":"0","createname":"\u8d3a\u5929\u6167","createid":"328","xiaoid":"0","comid":"192","fenlei":null,"fpid":"317","optid":"328","optnameid":null,"manager":"\u8d3a\u5929\u6167","managerid":"328","yisid":"29","tiaoid":"0","kaipid":"0"},{"id":"30","uid":"329","num":"20200628002","optdt":"2020-06-28 09:12:09","optname":"\u4e00\u672c\u8d26\u79d1\u6280","applydt":"2020-06-28","explain":null,"status":"1","custid":"84","custname":"\u6df1\u5733\u5e02\u542f\u7965\u88c5\u9970\u6709\u9650\u516c\u53f8","linkman":null,"money":"20000.00","moneys":"10000.00","startdt":"2020-06-28","enddt":"2021-07-28","content":"\u6846\u67b6\u534f\u8bae","saleid":"0","isturn":"1","signdt":"2020-06-28","type":"0","ispay":"2","isover":"0","createname":"\u4e00\u672c\u8d26\u79d1\u6280","createid":"329","xiaoid":"0","comid":"193","fenlei":null,"fpid":"320","optid":"329","optnameid":null,"manager":"\u4e00\u672c\u8d26\u79d1\u6280","managerid":"329","yisid":"30","tiaoid":"0","kaipid":"0"},{"id":"31","uid":"328","num":"PAY20200628001","optdt":"2020-06-28 09:12:26","optname":"\u8d3a\u5929\u6167","applydt":"2020-06-28","explain":null,"status":"1","custid":"85","custname":"\u5189\u5c0f\u534e","linkman":null,"money":"1000.00","moneys":"1000.00","startdt":"2020-06-28","enddt":"2021-06-28","content":"\u4e00\u822c","saleid":"0","isturn":"1","signdt":"2020-06-28","type":"1","ispay":"0","isover":"0","createname":"\u8d3a\u5929\u6167","createid":"328","xiaoid":"0","comid":"192","fenlei":null,"fpid":"316","optid":"328","optnameid":null,"manager":"\u8d3a\u5929\u6167","managerid":"328","yisid":"31","tiaoid":"0","kaipid":"0"},{"id":"32","uid":"327","num":"20200628003","optdt":"2020-06-28 09:39:15","optname":"\u536b\u5170","applydt":"2020-06-28","explain":null,"status":"1","custid":"86","custname":"\u742a\u742a","linkman":null,"money":"20000.00","moneys":"0.00","startdt":"2020-06-28","enddt":"2021-07-05","content":"\u9500\u552e\u5408\u540c","saleid":"0","isturn":"1","signdt":"2020-06-28","type":"0","ispay":"1","isover":"1","createname":"\u536b\u5170","createid":"327","xiaoid":"0","comid":"191","fenlei":null,"fpid":"313","optid":"327","optnameid":null,"manager":"\u536b\u5170","managerid":"327","yisid":"32","tiaoid":"0","kaipid":"0"},{"id":"33","uid":"328","num":"20200628004","optdt":"2020-06-28 09:45:20","optname":"\u8d3a\u5929\u6167","applydt":"2020-06-28","explain":null,"status":"1","custid":"87","custname":"\u6881\u8363\u63d0","linkman":null,"money":"1000.00","moneys":"0.00","startdt":"2020-06-28","enddt":"2021-06-28","content":"\u4e00\u822c","saleid":"0","isturn":"1","signdt":"2020-06-28","type":"0","ispay":"1","isover":"1","createname":"\u8d3a\u5929\u6167","createid":"328","xiaoid":"0","comid":"192","fenlei":null,"fpid":"317","optid":"328","optnameid":null,"manager":"\u8d3a\u5929\u6167","managerid":"328","yisid":"33","tiaoid":"0","kaipid":"0"},{"id":"34","uid":"328","num":"PAY20200628002","optdt":"2020-06-28 09:46:23","optname":"\u8d3a\u5929\u6167","applydt":"2020-06-28","explain":null,"status":"1","custid":"88","custname":"\u9ec4\u6dd1\u60c5","linkman":null,"money":"1000.00","moneys":"0.00","startdt":"2020-06-28","enddt":"2021-06-28","content":"\u4e00\u822c","saleid":"0","isturn":"1","signdt":"2020-06-28","type":"1","ispay":"1","isover":"1","createname":"\u8d3a\u5929\u6167","createid":"328","xiaoid":"0","comid":"192","fenlei":null,"fpid":"317","optid":"328","optnameid":null,"manager":"\u8d3a\u5929\u6167","managerid":"328","yisid":"34","tiaoid":"0","kaipid":"0"},{"id":"35","uid":"322","num":"PAY20200628003","optdt":"2020-06-28 09:53:14","optname":"\u9648\u51ef","applydt":"2020-06-28","explain":null,"status":"1","custid":"82","custname":"\u6797\u4e0e\u5b81","linkman":null,"money":"40000.00","moneys":"32000.00","startdt":"2020-06-08","enddt":"2021-07-29","content":"\u8d2d\u4e70\u539f\u6599","saleid":"0","isturn":"1","signdt":"2020-06-28","type":"1","ispay":"2","isover":"1","createname":"\u9648\u51ef","createid":"322","xiaoid":"0","comid":"189","fenlei":null,"fpid":"312","optid":"322","optnameid":null,"manager":"\u5c0f\u674e","managerid":"326","yisid":"35","tiaoid":"0","kaipid":"0"},{"id":"36","uid":"322","num":"20200628005","optdt":"2020-06-28 09:55:24","optname":"\u9648\u51ef","applydt":"2020-06-28","explain":null,"status":"1","custid":"81","custname":"\u7518\u5029","linkman":null,"money":"60000.00","moneys":"40000.00","startdt":"2020-06-28","enddt":"2021-06-28","content":"\u8d2d\u4e70\u539f\u6599","saleid":"0","isturn":"1","signdt":"2020-06-01","type":"0","ispay":"2","isover":"0","createname":"\u9648\u51ef","createid":"322","xiaoid":"0","comid":"189","fenlei":null,"fpid":"312","optid":"322","optnameid":null,"manager":"\u9648\u51ef","managerid":"322","yisid":"36","tiaoid":"0","kaipid":"0"},{"id":"37","uid":"336","num":"20200628006","optdt":"2020-06-28 14:13:00","optname":"\u5c0f\u4f55","applydt":"2020-06-28","explain":null,"status":"1","custid":"89","custname":"\u95ee\u95ee","linkman":null,"money":"1000.00","moneys":"1000.00","startdt":"2020-06-28","enddt":"2021-06-28","content":"\u4e00\u822c","saleid":"0","isturn":"1","signdt":"2020-06-28","type":"0","ispay":"0","isover":"0","createname":"\u5c0f\u4f55","createid":"336","xiaoid":"0","comid":"192","fenlei":null,"fpid":"316","optid":"336","optnameid":null,"manager":"\u5c0f\u4f55","managerid":"336","yisid":"37","tiaoid":"0","kaipid":"0"},{"id":"38","uid":"331","num":"20200628007","optdt":"2020-06-28 17:22:59","optname":"\u5929\u5929","applydt":"2020-06-28","explain":null,"status":"1","custid":"90","custname":"\u68a8\u82b1","linkman":null,"money":"1000.00","moneys":"1000.00","startdt":"2020-06-28","enddt":"2021-06-28","content":"\u8d2d\u4e70\u539f\u6599","saleid":"0","isturn":"1","signdt":"2020-06-28","type":"0","ispay":"0","isover":"0","createname":"\u5929\u5929","createid":"331","xiaoid":"0","comid":"189","fenlei":null,"fpid":"310","optid":"331","optnameid":null,"manager":"\u5929\u5929","managerid":"331","yisid":"38","tiaoid":"0","kaipid":"0"},{"id":"40","uid":"338","num":"20200630002","optdt":"2020-06-30 16:51:22","optname":"\u674e\u822a","applydt":"2020-06-30","explain":null,"status":"1","custid":"94","custname":"\u5c0f\u738b","linkman":null,"money":"2000.00","moneys":"2000.00","startdt":"2020-06-30","enddt":"2021-06-30","content":"\u4e00\u822c","saleid":"0","isturn":"1","signdt":"2020-06-30","type":"0","ispay":"0","isover":"0","createname":"\u674e\u822a","createid":"338","xiaoid":"0","comid":"192","fenlei":null,"fpid":"316","optid":"338","optnameid":null,"manager":"\u674e\u822a","managerid":"338","yisid":"40","tiaoid":"0","kaipid":"0"},{"id":"41","uid":"327","num":"20200630003","optdt":"2020-06-30 16:57:26","optname":"\u536b\u5170","applydt":"2020-06-30","explain":null,"status":"1","custid":"95","custname":"\u5f20\u4e09","linkman":null,"money":"35000.00","moneys":"35000.00","startdt":"2020-06-30","enddt":"2021-07-15","content":"\u9500\u552e\u5408\u540c","saleid":"0","isturn":"1","signdt":"2020-06-30","type":"0","ispay":"0","isover":"0","createname":"\u536b\u5170","createid":"327","xiaoid":"0","comid":"191","fenlei":null,"fpid":"313","optid":"327","optnameid":null,"manager":"\u536b\u5170","managerid":"327","yisid":"41","tiaoid":"0","kaipid":"0"},{"id":"42","uid":"359","num":"20200630004","optdt":"2020-06-30 18:22:47","optname":"\u6797\u8bd7\u742a","applydt":"2020-06-30","explain":null,"status":"1","custid":"91","custname":"\u9648\u7075","linkman":null,"money":"2980.00","moneys":"2980.00","startdt":"2020-06-30","enddt":"2021-06-30","content":"123","saleid":"0","isturn":"1","signdt":"2020-06-30","type":"0","ispay":"0","isover":"0","createname":"\u6797\u8bd7\u742a","createid":"359","xiaoid":"0","comid":"197","fenlei":null,"fpid":"331","optid":"359","optnameid":null,"manager":"\u6797\u8bd7\u742a","managerid":"335","yisid":"42","tiaoid":"0","kaipid":"0"},{"id":"43","uid":"324","num":"20200701001","optdt":"2020-07-01 11:29:19","optname":"\u5c0f\u6cb3","applydt":"2020-07-01","explain":null,"status":"1","custid":"104","custname":"\u738b\u603b","linkman":null,"money":"50000.00","moneys":"-20000.00","startdt":"2020-07-01","enddt":"2021-07-01","content":"\u8d2d\u4e70\u539f\u6599","saleid":"0","isturn":"1","signdt":"2020-07-01","type":"0","ispay":"1","isover":"1","createname":"\u5c0f\u6cb3","createid":"324","xiaoid":"0","comid":"189","fenlei":null,"fpid":"312","optid":"324","optnameid":null,"manager":"\u5929\u5929","managerid":"331","yisid":"43","tiaoid":"0","kaipid":"0"},{"id":"44","uid":"324","num":"PAY20200701001","optdt":"2020-07-01 11:33:48","optname":"\u5c0f\u6cb3","applydt":"2020-07-01","explain":null,"status":"1","custid":"105","custname":"\u9ad8\u5b97","linkman":null,"money":"20000.00","moneys":"10000.00","startdt":"2020-07-01","enddt":"2021-07-01","content":"\u8d2d\u4e70\u539f\u6599","saleid":"0","isturn":"1","signdt":"2020-07-01","type":"1","ispay":"2","isover":"0","createname":"\u5c0f\u6cb3","createid":"324","xiaoid":"0","comid":"189","fenlei":null,"fpid":"312","optid":"324","optnameid":null,"manager":"\u5c0f\u6cb3","managerid":"324","yisid":"44","tiaoid":"0","kaipid":"0"},{"id":"45","uid":"331","num":"20200701002","optdt":"2020-07-01 15:17:08","optname":"\u5929\u5929","applydt":"2020-07-01","explain":null,"status":"1","custid":"106","custname":"\u5510\u5b97","linkman":null,"money":"80000.00","moneys":"80000.00","startdt":"2020-07-01","enddt":"2021-07-01","content":"\u8d2d\u4e70\u539f\u6599","saleid":"0","isturn":"1","signdt":"2020-07-01","type":"0","ispay":"0","isover":"0","createname":"\u5929\u5929","createid":"331","xiaoid":"0","comid":"189","fenlei":null,"fpid":"312","optid":"331","optnameid":null,"manager":"\u5929\u5929","managerid":"331","yisid":"45","tiaoid":"0","kaipid":"0"},{"id":"46","uid":"331","num":"20200701003","optdt":"2020-07-01 15:18:37","optname":"\u5929\u5929","applydt":"2020-07-01","explain":null,"status":"1","custid":"108","custname":"\u5b59\u603b","linkman":null,"money":"10000.00","moneys":"10000.00","startdt":"2020-07-01","enddt":"2021-07-01","content":"\u8d2d\u4e70\u539f\u6599","saleid":"0","isturn":"1","signdt":"2020-07-01","type":"0","ispay":"0","isover":"0","createname":"\u5929\u5929","createid":"331","xiaoid":"0","comid":"189","fenlei":null,"fpid":"312","optid":"331","optnameid":null,"manager":"\u5929\u5929","managerid":"331","yisid":"46","tiaoid":"0","kaipid":"0"},{"id":"47","uid":"331","num":"PAY20200701002","optdt":"2020-07-01 15:22:27","optname":"\u5929\u5929","applydt":"2020-07-01","explain":null,"status":"1","custid":"107","custname":"\u6c6a\u603b","linkman":null,"money":"30000.00","moneys":"30000.00","startdt":"2020-07-01","enddt":"2021-07-01","content":"\u8d2d\u4e70\u539f\u6599","saleid":"0","isturn":"1","signdt":"2020-07-01","type":"1","ispay":"0","isover":"0","createname":"\u5929\u5929","createid":"331","xiaoid":"0","comid":"189","fenlei":null,"fpid":"312","optid":"331","optnameid":null,"manager":"\u5929\u5929","managerid":"331","yisid":"47","tiaoid":"0","kaipid":"0"},{"id":"48","uid":"331","num":"PAY20200701003","optdt":"2020-07-01 15:23:00","optname":"\u5929\u5929","applydt":"2020-07-01","explain":null,"status":"1","custid":"107","custname":"\u6c6a\u603b","linkman":null,"money":"10000.00","moneys":"10000.00","startdt":"2020-07-01","enddt":"2021-07-01","content":"\u8d2d\u4e70\u539f\u6599","saleid":"0","isturn":"1","signdt":"2020-07-01","type":"1","ispay":"0","isover":"0","createname":"\u5929\u5929","createid":"331","xiaoid":"0","comid":"189","fenlei":null,"fpid":"312","optid":"331","optnameid":null,"manager":"\u5929\u5929","managerid":"331","yisid":"48","tiaoid":"0","kaipid":"0"},{"id":"49","uid":"329","num":"20200701004","optdt":"2020-07-01 17:03:33","optname":"\u4e00\u672c\u8d26\u79d1\u6280","applydt":"2020-07-01","explain":null,"status":"1","custid":"110","custname":"\u4ebf\u52a0\u79d1\u6280","linkman":null,"money":"15000.00","moneys":"-98.00","startdt":"2020-07-01","enddt":"2021-07-31","content":"\u6d4b\u8bd5","saleid":"0","isturn":"1","signdt":"2020-07-01","type":"0","ispay":"1","isover":"1","createname":"\u4e00\u672c\u8d26\u79d1\u6280","createid":"329","xiaoid":"0","comid":"193","fenlei":null,"fpid":"320","optid":"329","optnameid":null,"manager":"\u4e00\u672c\u8d26\u79d1\u6280","managerid":"329","yisid":"49","tiaoid":"0","kaipid":"0"},{"id":"50","uid":"329","num":"PAY20200701004","optdt":"2020-07-01 17:05:18","optname":"\u4e00\u672c\u8d26\u79d1\u6280","applydt":"2020-07-01","explain":null,"status":"1","custid":"109","custname":"\u6df1\u5733\u5e02\u84dd\u5b87\u79d1\u6280\u6709\u9650\u79d1\u6280\u6709\u9650\u516c\u53f8","linkman":null,"money":"10000.00","moneys":"0.00","startdt":"2020-07-01","enddt":"2021-07-31","content":"\u52b3\u52a1\u5408\u540c","saleid":"0","isturn":"1","signdt":"2020-07-01","type":"1","ispay":"1","isover":"1","createname":"\u4e00\u672c\u8d26\u79d1\u6280","createid":"329","xiaoid":"0","comid":"193","fenlei":null,"fpid":"321","optid":"329","optnameid":null,"manager":"\u4e00\u672c\u8d26\u79d1\u6280","managerid":"329","yisid":"50","tiaoid":"0","kaipid":"0"},{"id":"51","uid":"329","num":"20200701005","optdt":"2020-07-01 17:37:51","optname":"\u4e00\u672c\u8d26\u79d1\u6280","applydt":"2020-07-01","explain":null,"status":"1","custid":"110","custname":"\u4ebf\u52a0\u79d1\u6280","linkman":null,"money":"10000.00","moneys":"0.00","startdt":"2020-07-01","enddt":"2021-07-01","content":"\u8d2d\u4e70\u539f\u6599","saleid":"0","isturn":"1","signdt":"2020-07-01","type":"0","ispay":"1","isover":"1","createname":"\u4e00\u672c\u8d26\u79d1\u6280","createid":"329","xiaoid":"0","comid":"193","fenlei":null,"fpid":"320","optid":"329","optnameid":null,"manager":"\u4e00\u672c\u8d26\u79d1\u6280","managerid":"329","yisid":"51","tiaoid":"0","kaipid":"0"},{"id":"52","uid":"329","num":"PAY20200701005","optdt":"2020-07-01 17:39:28","optname":"\u4e00\u672c\u8d26\u79d1\u6280","applydt":"2020-07-01","explain":null,"status":"1","custid":"110","custname":"\u4ebf\u52a0\u79d1\u6280","linkman":null,"money":"5000.00","moneys":"5000.00","startdt":"2020-07-01","enddt":"2021-07-01","content":"\u8d2d\u4e70\u539f\u6599","saleid":"0","isturn":"1","signdt":"2020-07-01","type":"1","ispay":"0","isover":"0","createname":"\u4e00\u672c\u8d26\u79d1\u6280","createid":"329","xiaoid":"0","comid":"193","fenlei":null,"fpid":"321","optid":"329","optnameid":null,"manager":"\u4e00\u672c\u8d26\u79d1\u6280","managerid":"329","yisid":"52","tiaoid":"0","kaipid":"0"},{"id":"53","uid":"329","num":"20200701006","optdt":"2020-07-01 18:09:41","optname":"\u4e00\u672c\u8d26\u79d1\u6280","applydt":"2020-07-01","explain":null,"status":"1","custid":"110","custname":"\u4ebf\u52a0\u79d1\u6280","linkman":null,"money":"20000.00","moneys":"0.00","startdt":"2020-07-01","enddt":"2021-07-31","content":"\u6536\u6b3e","saleid":"0","isturn":"1","signdt":"2020-07-01","type":"0","ispay":"1","isover":"1","createname":"\u4e00\u672c\u8d26\u79d1\u6280","createid":"329","xiaoid":"0","comid":"193","fenlei":null,"fpid":"320","optid":"329","optnameid":null,"manager":"\u4e00\u672c\u8d26\u79d1\u6280","managerid":"329","yisid":"53","tiaoid":"0","kaipid":"0"},{"id":"54","uid":"322","num":"20200702001","optdt":"2020-07-02 10:21:02","optname":"\u9648\u51ef","applydt":"2020-07-02","explain":null,"status":"1","custid":"118","custname":"\u5218\u82f1","linkman":null,"money":"120000.00","moneys":"20000.00","startdt":"2020-07-02","enddt":"2021-07-02","content":"\u8d2d\u4e70\u539f\u6599","saleid":"0","isturn":"1","signdt":"2020-07-02","type":"0","ispay":"2","isover":"1","createname":"\u9648\u51ef","createid":"322","xiaoid":"0","comid":"189","fenlei":null,"fpid":"311","optid":"322","optnameid":null,"manager":"\u9648\u51ef","managerid":"322","yisid":"54","tiaoid":"0","kaipid":"0"},{"id":"55","uid":"322","num":"20200702002","optdt":"2020-07-02 10:22:24","optname":"\u9648\u51ef","applydt":"2020-07-02","explain":null,"status":"1","custid":"83","custname":"\u5b59\u4e3d\u4e3d","linkman":null,"money":"40000.00","moneys":"40000.00","startdt":"2020-07-02","enddt":"2021-07-02","content":"\u8d2d\u4e70\u539f\u6599","saleid":"0","isturn":"1","signdt":"2020-07-02","type":"0","ispay":"0","isover":"1","createname":"\u9648\u51ef","createid":"322","xiaoid":"0","comid":"189","fenlei":null,"fpid":"311","optid":"322","optnameid":null,"manager":"\u9648\u51ef","managerid":"322","yisid":"55","tiaoid":"0","kaipid":"0"},{"id":"56","uid":"322","num":"20200702003","optdt":"2020-07-02 10:24:25","optname":"\u9648\u51ef","applydt":"2020-07-02","explain":null,"status":"1","custid":"124","custname":"\u674e\u51e4\u4e3d","linkman":null,"money":"200000.00","moneys":"100000.00","startdt":"2020-07-02","enddt":"2021-07-02","content":"\u8d2d\u4e70\u539f\u6599","saleid":"0","isturn":"1","signdt":"2020-07-02","type":"0","ispay":"2","isover":"0","createname":"\u9648\u51ef","createid":"322","xiaoid":"0","comid":"189","fenlei":null,"fpid":"312","optid":"322","optnameid":null,"manager":"\u9648\u51ef","managerid":"322","yisid":"56","tiaoid":"0","kaipid":"0"},{"id":"57","uid":"328","num":"20200702004","optdt":"2020-07-02 16:51:49","optname":"\u8d3a\u5929\u6167","applydt":"2020-07-02","explain":null,"status":"1","custid":"85","custname":"\u5189\u5c0f\u534e","linkman":null,"money":"1000.00","moneys":"1000.00","startdt":"2020-07-02","enddt":"2021-07-02","content":"\u5546\u4e1a\u5408\u540c","saleid":"0","isturn":"1","signdt":"2020-07-02","type":"0","ispay":"0","isover":"0","createname":"\u8d3a\u5929\u6167","createid":"328","xiaoid":"0","comid":"192","fenlei":null,"fpid":"317","optid":"328","optnameid":null,"manager":"\u8d3a\u5929\u6167","managerid":"328","yisid":"57","tiaoid":"0","kaipid":"0"},{"id":"58","uid":"322","num":"PAY20200702001","optdt":"2020-07-02 11:13:39","optname":"\u9648\u51ef","applydt":"2020-07-02","explain":null,"status":"1","custid":"115","custname":"\u80e1\u6587","linkman":null,"money":"30000.00","moneys":"15000.00","startdt":"2020-07-02","enddt":"2021-07-02","content":"\u8d2d\u4e70\u539f\u6599","saleid":"0","isturn":"1","signdt":"2020-07-02","type":"1","ispay":"2","isover":"0","createname":"\u9648\u51ef","createid":"322","xiaoid":"0","comid":"189","fenlei":null,"fpid":"312","optid":"322","optnameid":null,"manager":"\u9648\u51ef","managerid":"322","yisid":"58","tiaoid":"0","kaipid":"0"},{"id":"59","uid":"322","num":"PAY20200702002","optdt":"2020-07-02 11:14:32","optname":"\u9648\u51ef","applydt":"2020-07-02","explain":null,"status":"1","custid":"126","custname":"\u9ec4\u660e\u7a7a","linkman":null,"money":"10000.00","moneys":"0.00","startdt":"2020-07-02","enddt":"2021-07-02","content":"\u8d2d\u4e70\u539f\u6599","saleid":"0","isturn":"1","signdt":"2020-07-02","type":"1","ispay":"1","isover":"1","createname":"\u9648\u51ef","createid":"322","xiaoid":"0","comid":"189","fenlei":null,"fpid":"311","optid":"322","optnameid":null,"manager":"\u9648\u51ef","managerid":"322","yisid":"59","tiaoid":"0","kaipid":"0"},{"id":"60","uid":"322","num":"PAY20200702003","optdt":"2020-07-02 11:15:10","optname":"\u9648\u51ef","applydt":"2020-07-02","explain":null,"status":"1","custid":"117","custname":"\u6768\u80dc\u82b3","linkman":null,"money":"6000.00","moneys":"0.00","startdt":"2020-07-02","enddt":"2021-07-02","content":"\u8d2d\u4e70\u539f\u6599","saleid":"0","isturn":"1","signdt":"2020-07-02","type":"1","ispay":"1","isover":"1","createname":"\u9648\u51ef","createid":"322","xiaoid":"0","comid":"189","fenlei":null,"fpid":"311","optid":"322","optnameid":null,"manager":"\u9648\u51ef","managerid":"322","yisid":"60","tiaoid":"0","kaipid":"0"},{"id":"61","uid":"322","num":"PAY20200702004","optdt":"2020-07-02 11:15:43","optname":"\u9648\u51ef","applydt":"2020-07-02","explain":null,"status":"1","custid":"121","custname":"\u8463\u8d85\u4e91","linkman":null,"money":"50000.00","moneys":"40000.00","startdt":"2020-07-02","enddt":"2021-07-02","content":"\u8d2d\u4e70\u539f\u6599","saleid":"0","isturn":"1","signdt":"2020-07-02","type":"1","ispay":"2","isover":"0","createname":"\u9648\u51ef","createid":"322","xiaoid":"0","comid":"189","fenlei":null,"fpid":"311","optid":"322","optnameid":null,"manager":"\u9648\u51ef","managerid":"322","yisid":"61","tiaoid":"0","kaipid":"0"},{"id":"62","uid":"361","num":"20200702005","optdt":"2020-07-02 11:16:39","optname":"\u6e29\u709c\u5f6c","applydt":"2020-07-02","explain":"\u5916\u8d38\u5546\u884c\u6536\u5165  \u684c\u5e033000\u5f20","status":"1","custid":"130","custname":"lisa","linkman":null,"money":"30000.00","moneys":"30000.00","startdt":"2020-07-02","enddt":"2021-07-02","content":"\u6536\u6b3e\u5408\u540c","saleid":"0","isturn":"1","signdt":"2020-07-02","type":"0","ispay":"0","isover":"0","createname":"\u6e29\u709c\u5f6c","createid":"361","xiaoid":"0","comid":"198","fenlei":null,"fpid":"334","optid":"361","optnameid":null,"manager":"\u6e29\u709c\u5f6c","managerid":"361","yisid":"62","tiaoid":"0","kaipid":"0"},{"id":"63","uid":"361","num":"PAY20200702005","optdt":"2020-07-02 11:17:49","optname":"\u6e29\u709c\u5f6c","applydt":"2020-07-02","explain":"\u8d2d\u4e7020\u4e2a\u76d1\u63a7 ","status":"1","custid":"128","custname":"\u5f20\u9752","linkman":null,"money":"5000.00","moneys":"5000.00","startdt":"2020-07-02","enddt":"2021-07-02","content":"\u8d2d\u4e70","saleid":"0","isturn":"1","signdt":"2020-07-02","type":"1","ispay":"0","isover":"0","createname":"\u6e29\u709c\u5f6c","createid":"361","xiaoid":"0","comid":"198","fenlei":null,"fpid":"334","optid":"361","optnameid":null,"manager":"\u6e29\u709c\u5f6c","managerid":"361","yisid":"63","tiaoid":"0","kaipid":"0"},{"id":"64","uid":"361","num":"PAY20200702006","optdt":"2020-07-02 11:19:09","optname":"\u6e29\u709c\u5f6c","applydt":"2020-07-02","explain":"\u8ddf\u674e\u603b \u8c08\u5408\u4f5c\u65f6 \u5916\u51fa\u9910\u9986\u5403\u996d \u4ee5\u53ca \u7ed9\u674e\u603b\u7684\u98de\u673a\u7968","status":"1","custid":"127","custname":"\u674e\u660e","linkman":null,"money":"5000.00","moneys":"5000.00","startdt":"2020-07-02","enddt":"2021-07-02","content":"\u5916\u51fa\u6d88\u8d39","saleid":"0","isturn":"1","signdt":"2020-07-02","type":"1","ispay":"0","isover":"0","createname":"\u6e29\u709c\u5f6c","createid":"361","xiaoid":"0","comid":"198","fenlei":null,"fpid":"335","optid":"361","optnameid":null,"manager":"\u6e29\u709c\u5f6c","managerid":"361","yisid":"64","tiaoid":"0","kaipid":"0"},{"id":"65","uid":"361","num":"20200702006","optdt":"2020-07-02 11:20:24","optname":"\u6e29\u709c\u5f6c","applydt":"2020-07-02","explain":"\u589e\u7a0e\u5408\u540c  \u6536\u6b3e50000","status":"1","custid":"129","custname":"\u79e6\u67b1","linkman":null,"money":"50000.00","moneys":"50000.00","startdt":"2020-07-02","enddt":"2021-07-02","content":"\u6536\u7a0e","saleid":"0","isturn":"1","signdt":"2020-07-02","type":"0","ispay":"0","isover":"0","createname":"\u6e29\u709c\u5f6c","createid":"361","xiaoid":"0","comid":"198","fenlei":null,"fpid":"336","optid":"361","optnameid":null,"manager":"\u6e29\u709c\u5f6c","managerid":"361","yisid":"65","tiaoid":"0","kaipid":"0"},{"id":"66","uid":"329","num":"20200702007","optdt":"2020-07-02 14:12:13","optname":"\u4e00\u672c\u8d26\u79d1\u6280","applydt":"2020-07-02","explain":null,"status":"1","custid":"111","custname":"\u7396\u5174\u5e7f\u544a","linkman":null,"money":"0.00","moneys":"-32800.00","startdt":"2020-06-10","enddt":"2021-06-25","content":"\u9500\u552e\u5408\u540c","saleid":"0","isturn":"1","signdt":"2020-06-10","type":"0","ispay":"1","isover":"1","createname":"\u4e00\u672c\u8d26\u79d1\u6280","createid":"329","xiaoid":"0","comid":"193","fenlei":null,"fpid":"319","optid":"329","optnameid":null,"manager":"\u4e00\u672c\u8d26\u79d1\u6280","managerid":"329","yisid":"66","tiaoid":"0","kaipid":"0"},{"id":"67","uid":"322","num":"20200702008","optdt":"2020-07-02 14:44:08","optname":"\u9648\u51ef","applydt":"2020-07-02","explain":null,"status":"1","custid":"118","custname":"\u5218\u82f1","linkman":null,"money":"28000.00","moneys":"28000.00","startdt":"2020-01-02","enddt":"2021-07-02","content":"\u8d2d\u4e70\u539f\u6599","saleid":"0","isturn":"1","signdt":"2020-01-02","type":"0","ispay":"0","isover":"0","createname":"\u9648\u51ef","createid":"322","xiaoid":"0","comid":"189","fenlei":null,"fpid":"311","optid":"322","optnameid":null,"manager":"\u9648\u51ef","managerid":"322","yisid":"67","tiaoid":"0","kaipid":"0"},{"id":"68","uid":"322","num":"20200702009","optdt":"2020-07-02 14:47:30","optname":"\u9648\u51ef","applydt":"2020-07-02","explain":null,"status":"1","custid":"117","custname":"\u6768\u80dc\u82b3","linkman":null,"money":"600000.00","moneys":"600000.00","startdt":"2020-02-12","enddt":"2021-07-02","content":"\u8d2d\u4e70\u539f\u6599","saleid":"0","isturn":"1","signdt":"2020-02-11","type":"0","ispay":"0","isover":"0","createname":"\u9648\u51ef","createid":"322","xiaoid":"0","comid":"189","fenlei":null,"fpid":"312","optid":"322","optnameid":null,"manager":"\u9648\u51ef","managerid":"322","yisid":"68","tiaoid":"0","kaipid":"0"},{"id":"69","uid":"322","num":"20200702010","optdt":"2020-07-02 14:49:49","optname":"\u9648\u51ef","applydt":"2020-07-02","explain":null,"status":"1","custid":"115","custname":"\u80e1\u6587","linkman":null,"money":"80002.00","moneys":"80002.00","startdt":"2020-03-10","enddt":"2021-07-02","content":"\u8d2d\u4e70\u539f\u6599","saleid":"0","isturn":"1","signdt":"2020-03-03","type":"0","ispay":"0","isover":"0","createname":"\u9648\u51ef","createid":"322","xiaoid":"0","comid":"189","fenlei":null,"fpid":"312","optid":"322","optnameid":null,"manager":"\u5c0f\u674e","managerid":"326","yisid":"69","tiaoid":"0","kaipid":"0"},{"id":"70","uid":"329","num":"20200703001","optdt":"2020-07-03 15:33:12","optname":"\u4e00\u672c\u8d26\u79d1\u6280","applydt":"2020-07-03","explain":null,"status":"1","custid":"116","custname":"\u827e\u5fb7\u88c5\u9970","linkman":null,"money":"40000.00","moneys":"20000.00","startdt":"2020-07-03","enddt":"2021-07-03","content":"\u9500\u552e\u5408\u540c","saleid":"0","isturn":"1","signdt":"2020-07-01","type":"0","ispay":"2","isover":"0","createname":"\u4e00\u672c\u8d26\u79d1\u6280","createid":"329","xiaoid":"0","comid":"193","fenlei":null,"fpid":"321","optid":"329","optnameid":null,"manager":"\u4e00\u672c\u8d26\u79d1\u6280","managerid":"329","yisid":"70","tiaoid":"0","kaipid":"0"},{"id":"71","uid":"322","num":"20200703002","optdt":"2020-07-03 17:32:25","optname":"\u9648\u51ef","applydt":"2020-07-03","explain":null,"status":"1","custid":"131","custname":"\u4e00\u672c\u8d26\u79d1\u6280\u6d4b\u8bd5","linkman":null,"money":"20000.00","moneys":"0.00","startdt":"2020-07-03","enddt":"2021-07-31","content":"\u9500\u552e\u5408\u540c","saleid":"0","isturn":"1","signdt":"2020-07-03","type":"0","ispay":"1","isover":"1","createname":"\u9648\u51ef","createid":"322","xiaoid":"0","comid":"189","fenlei":null,"fpid":"311","optid":"322","optnameid":null,"manager":"\u9648\u51ef","managerid":"322","yisid":"71","tiaoid":"0","kaipid":"0"},{"id":"72","uid":"322","num":"20200710001","optdt":"2020-07-10 10:53:13","optname":"\u9648\u51ef","applydt":"2020-07-10","explain":null,"status":"1","custid":"118","custname":"\u5218\u82f1","linkman":null,"money":"10000.00","moneys":"0.00","startdt":"2020-04-16","enddt":"2021-07-10","content":"\u8d2d\u4e70\u539f\u6599","saleid":"0","isturn":"1","signdt":"2020-07-10","type":"0","ispay":"1","isover":"1","createname":"\u9648\u51ef","createid":"322","xiaoid":"0","comid":"189","fenlei":null,"fpid":"311","optid":"322","optnameid":null,"manager":"\u5c0f\u5f20","managerid":"323","yisid":"72","tiaoid":"0","kaipid":"0"},{"id":"73","uid":"322","num":"20200710002","optdt":"2020-07-10 11:00:44","optname":"\u9648\u51ef","applydt":"2020-07-10","explain":null,"status":"1","custid":"117","custname":"\u6768\u80dc\u82b3","linkman":null,"money":"35000.00","moneys":"35000.00","startdt":"2020-07-10","enddt":"2021-07-10","content":"\u8d2d\u4e70\u539f\u6599","saleid":"0","isturn":"1","signdt":"2020-07-10","type":"0","ispay":"0","isover":"0","createname":"\u9648\u51ef","createid":"322","xiaoid":"0","comid":"189","fenlei":null,"fpid":"311","optid":"322","optnameid":null,"manager":"\u5c0f\u5f20","managerid":"323","yisid":"73","tiaoid":"0","kaipid":"0"},{"id":"74","uid":"376","num":"20200719001","optdt":"2020-07-19 16:22:25","optname":"\u738b\u4e3d\u7476","applydt":"2020-07-19","explain":null,"status":"1","custid":"133","custname":"\u5b89\u6cfd\u53bf\u5e9c\u57ce\u9547\u4eba\u6c11\u653f\u5e9c","linkman":null,"money":"100.00","moneys":"0.00","startdt":"2020-07-19","enddt":"2021-07-19","content":"\u7248\u9762","saleid":"0","isturn":"1","signdt":"2020-07-19","type":"0","ispay":"1","isover":"1","createname":"\u738b\u4e3d\u7476","createid":"376","xiaoid":"0","comid":"205","fenlei":null,"fpid":"356","optid":"376","optnameid":null,"manager":"\u738b\u4e3d\u7476","managerid":"376","yisid":"74","tiaoid":"0","kaipid":"0"},{"id":"75","uid":"329","num":"20200721001","optdt":"2020-07-21 13:39:38","optname":"\u4e00\u672c\u8d26\u79d1\u6280","applydt":"2020-07-21","explain":"\u84dd\u6d776\u6708\u8fd0\u8d39","status":"1","custid":"134","custname":"\u674e\u4e16\u4e91","linkman":null,"money":"5357.00","moneys":"5357.00","startdt":"2020-07-21","enddt":"2021-07-21","content":"\u84dd\u6d776\u6708\u8fd0\u8d39","saleid":"0","isturn":"1","signdt":"2020-07-16","type":"0","ispay":"0","isover":"0","createname":"\u4e00\u672c\u8d26\u79d1\u6280","createid":"329","xiaoid":"0","comid":"193","fenlei":null,"fpid":"319","optid":"329","optnameid":null,"manager":"\u6797\u8bd7\u742a","managerid":"346","yisid":"75","tiaoid":"0","kaipid":"0"},{"id":"76","uid":"329","num":"PAY20200721001","optdt":"2020-07-21 13:14:11","optname":"\u4e00\u672c\u8d26\u79d1\u6280","applydt":"2020-07-21","explain":null,"status":"1","custid":"134","custname":"\u674e\u4e16\u4e91","linkman":null,"money":"5357.00","moneys":"5357.00","startdt":"2020-07-21","enddt":"2021-07-21","content":"\u67d2\u4e4b\u82b1\u8d27\u6b3e","saleid":"0","isturn":"1","signdt":"2020-07-21","type":"1","ispay":"0","isover":"0","createname":"\u4e00\u672c\u8d26\u79d1\u6280","createid":"329","xiaoid":"0","comid":"193","fenlei":null,"fpid":"319","optid":"329","optnameid":null,"manager":"\u6797\u8bd7\u742a","managerid":"346","yisid":"76","tiaoid":"0","kaipid":"0"},{"id":"77","uid":"329","num":"20200721002","optdt":"2020-07-21 13:41:08","optname":"\u4e00\u672c\u8d26\u79d1\u6280","applydt":"2020-07-21","explain":null,"status":"1","custid":"135","custname":"\u5d14\u6d77","linkman":null,"money":"290677.00","moneys":"290677.00","startdt":"2020-07-21","enddt":"2021-07-21","content":"9\u6708\u82b1\u5349\u8d27\u6b3e","saleid":"0","isturn":"1","signdt":"2020-07-15","type":"0","ispay":"0","isover":"0","createname":"\u4e00\u672c\u8d26\u79d1\u6280","createid":"329","xiaoid":"0","comid":"193","fenlei":null,"fpid":"319","optid":"329","optnameid":null,"manager":"\u6797\u8bd7\u742a","managerid":"346","yisid":"77","tiaoid":"0","kaipid":"0"},{"id":"78","uid":"329","num":"20200721003","optdt":"2020-07-21 13:41:30","optname":"\u4e00\u672c\u8d26\u79d1\u6280","applydt":"2020-07-21","explain":null,"status":"1","custid":"135","custname":"\u5d14\u6d77","linkman":null,"money":"423589.00","moneys":"423589.00","startdt":"2020-07-21","enddt":"2021-07-21","content":"\u84dd\u6d776\u6708\u8fd0\u8d39","saleid":"0","isturn":"1","signdt":"2020-07-16","type":"0","ispay":"0","isover":"0","createname":"\u4e00\u672c\u8d26\u79d1\u6280","createid":"329","xiaoid":"0","comid":"193","fenlei":null,"fpid":"319","optid":"329","optnameid":null,"manager":"\u6797\u8bd7\u742a","managerid":"346","yisid":"78","tiaoid":"0","kaipid":"0"},{"id":"79","uid":"329","num":"20200721004","optdt":"2020-07-22 10:25:32","optname":"\u4e00\u672c\u8d26\u79d1\u6280","applydt":"2020-07-21","explain":null,"status":"1","custid":"135","custname":"\u5d14\u6d77","linkman":null,"money":"338753.00","moneys":"338753.00","startdt":"2020-07-21","enddt":"2021-07-21","content":"\u67d2\u4e4b\u82b1\u8d27\u6b3e","saleid":"0","isturn":"1","signdt":"2020-07-09","type":"0","ispay":"0","isover":"0","createname":"\u4e00\u672c\u8d26\u79d1\u6280","createid":"329","xiaoid":"0","comid":"193","fenlei":null,"fpid":"319","optid":"329","optnameid":null,"manager":"\u66fe\u536b\u5170","managerid":"347","yisid":"79","tiaoid":"0","kaipid":"0"},{"id":"80","uid":"329","num":"20200721005","optdt":"2020-07-21 13:40:48","optname":"\u4e00\u672c\u8d26\u79d1\u6280","applydt":"2020-07-21","explain":null,"status":"1","custid":"136","custname":"\u5c39\u56fd\u677e","linkman":null,"money":"69410.00","moneys":"69410.00","startdt":"2020-07-21","enddt":"2021-07-21","content":"9\u6708\u82b1\u5349\u8d27\u6b3e","saleid":"0","isturn":"1","signdt":"2020-07-15","type":"0","ispay":"0","isover":"0","createname":"\u4e00\u672c\u8d26\u79d1\u6280","createid":"329","xiaoid":"0","comid":"193","fenlei":null,"fpid":"319","optid":"329","optnameid":null,"manager":"\u6797\u8bd7\u742a","managerid":"346","yisid":"80","tiaoid":"0","kaipid":"0"},{"id":"81","uid":"329","num":"PAY20200721002","optdt":"2020-07-21 14:10:51","optname":"\u4e00\u672c\u8d26\u79d1\u6280","applydt":"2020-07-21","explain":null,"status":"1","custid":"136","custname":"\u5c39\u56fd\u677e","linkman":null,"money":"1803.00","moneys":"1803.00","startdt":"2020-07-21","enddt":"2021-07-21","content":"\u84dd\u6d776\u6708\u8fd0\u8d39","saleid":"0","isturn":"1","signdt":"2020-07-16","type":"1","ispay":"0","isover":"0","createname":"\u4e00\u672c\u8d26\u79d1\u6280","createid":"329","xiaoid":"0","comid":"193","fenlei":null,"fpid":"319","optid":"329","optnameid":null,"manager":"\u4e00\u672c\u8d26\u79d1\u6280","managerid":"329","yisid":"81","tiaoid":"0","kaipid":"0"},{"id":"82","uid":"329","num":"20200721006","optdt":"2020-07-21 15:44:06","optname":"\u4e00\u672c\u8d26\u79d1\u6280","applydt":"2020-07-21","explain":null,"status":"1","custid":"122","custname":"\u76db\u79be\u4e91","linkman":null,"money":"200000.00","moneys":"200000.00","startdt":"2020-07-14","enddt":"2021-07-14","content":"\u9500\u552e\u5408\u540c","saleid":"0","isturn":"1","signdt":"2020-07-14","type":"0","ispay":"0","isover":"0","createname":"\u4e00\u672c\u8d26\u79d1\u6280","createid":"329","xiaoid":"0","comid":"193","fenlei":null,"fpid":"319","optid":"329","optnameid":null,"manager":"\u4e00\u672c\u8d26\u79d1\u6280","managerid":"329","yisid":"82","tiaoid":"0","kaipid":"0"},{"id":"83","uid":"329","num":"20200721007","optdt":"2020-07-21 15:45:11","optname":"\u4e00\u672c\u8d26\u79d1\u6280","applydt":"2020-07-21","explain":null,"status":"1","custid":"136","custname":"\u5c39\u56fd\u677e","linkman":null,"money":"50000.00","moneys":"50000.00","startdt":"2020-07-14","enddt":"2021-07-14","content":"\u9500\u552e\u5408\u540c","saleid":"0","isturn":"1","signdt":"2020-07-14","type":"0","ispay":"0","isover":"0","createname":"\u4e00\u672c\u8d26\u79d1\u6280","createid":"329","xiaoid":"0","comid":"193","fenlei":null,"fpid":"319","optid":"329","optnameid":null,"manager":"\u4e00\u672c\u8d26\u79d1\u6280","managerid":"329","yisid":"83","tiaoid":"0","kaipid":"0"},{"id":"84","uid":"329","num":"20200721008","optdt":"2020-07-21 16:34:08","optname":"\u4e00\u672c\u8d26\u79d1\u6280","applydt":"2020-07-21","explain":null,"status":"1","custid":"137","custname":"\u5d14\u9752\u65e5","linkman":null,"money":"50000.00","moneys":"0.00","startdt":"2020-07-14","enddt":"2021-07-14","content":"\u5f80\u6765\u6b3e","saleid":"0","isturn":"1","signdt":"2020-07-14","type":"0","ispay":"1","isover":"1","createname":"\u4e00\u672c\u8d26\u79d1\u6280","createid":"329","xiaoid":"0","comid":"193","fenlei":null,"fpid":"319","optid":"329","optnameid":null,"manager":"\u4e00\u672c\u8d26\u79d1\u6280","managerid":"329","yisid":"84","tiaoid":"0","kaipid":"0"},{"id":"85","uid":"329","num":"20200721009","optdt":"2020-07-21 15:47:00","optname":"\u4e00\u672c\u8d26\u79d1\u6280","applydt":"2020-07-21","explain":null,"status":"1","custid":"122","custname":"\u76db\u79be\u4e91","linkman":null,"money":"500000.00","moneys":"500000.00","startdt":"2020-07-15","enddt":"2020-07-21","content":"\u9500\u552e\u5408\u540c","saleid":"0","isturn":"1","signdt":"2020-07-15","type":"0","ispay":"0","isover":"0","createname":"\u4e00\u672c\u8d26\u79d1\u6280","createid":"329","xiaoid":"0","comid":"193","fenlei":null,"fpid":"319","optid":"329","optnameid":null,"manager":"\u4e00\u672c\u8d26\u79d1\u6280","managerid":"329","yisid":"85","tiaoid":"0","kaipid":"0"},{"id":"86","uid":"329","num":"20200721010","optdt":"2020-07-21 15:47:44","optname":"\u4e00\u672c\u8d26\u79d1\u6280","applydt":"2020-07-21","explain":null,"status":"1","custid":"122","custname":"\u76db\u79be\u4e91","linkman":null,"money":"300000.00","moneys":"300000.00","startdt":"2020-07-15","enddt":"2021-07-15","content":"\u9500\u552e\u5408\u540c","saleid":"0","isturn":"1","signdt":"2020-07-15","type":"0","ispay":"0","isover":"0","createname":"\u4e00\u672c\u8d26\u79d1\u6280","createid":"329","xiaoid":"0","comid":"193","fenlei":null,"fpid":"319","optid":"329","optnameid":null,"manager":"\u4e00\u672c\u8d26\u79d1\u6280","managerid":"329","yisid":"86","tiaoid":"0","kaipid":"0"},{"id":"87","uid":"329","num":"00020200726","optdt":"2020-07-27 15:34:20","optname":"\u4e00\u672c\u8d26\u79d1\u6280","applydt":"2020-07-21","explain":null,"status":"1","custid":"171","custname":"\u90d1\u5dde\u5927\u5b66\u2014\u5468\u5b66\u751f","linkman":null,"money":"6000.00","moneys":"6000.00","startdt":"2020-07-16","enddt":"2021-07-16","content":"\u81ea\u62d3\u5408\u540c","saleid":"0","isturn":"1","signdt":"2020-07-16","type":"0","ispay":"0","isover":"0","createname":"\u4e00\u672c\u8d26\u79d1\u6280","createid":"329","xiaoid":"0","comid":"193","fenlei":null,"fpid":"319","optid":"329","optnameid":null,"manager":"\u4e00\u672c\u8d26\u79d1\u6280","managerid":"329","yisid":"87","tiaoid":"0","kaipid":"0"},{"id":"88","uid":"329","num":"PAY20200721003","optdt":"2020-07-21 16:06:09","optname":"\u4e00\u672c\u8d26\u79d1\u6280","applydt":"2020-07-21","explain":null,"status":"1","custid":"135","custname":"\u5d14\u6d77","linkman":null,"money":"75000.00","moneys":"75000.00","startdt":"2020-07-14","enddt":"2021-07-14","content":"\u988d\u6cc9\u8d27\u6b3e","saleid":"0","isturn":"1","signdt":"2020-07-14","type":"1","ispay":"0","isover":"0","createname":"\u4e00\u672c\u8d26\u79d1\u6280","createid":"329","xiaoid":"0","comid":"193","fenlei":null,"fpid":"320","optid":"329","optnameid":null,"manager":"\u4e00\u672c\u8d26\u79d1\u6280","managerid":"329","yisid":"88","tiaoid":"0","kaipid":"0"},{"id":"89","uid":"329","num":"PAY20200721004","optdt":"2020-07-21 16:13:54","optname":"\u4e00\u672c\u8d26\u79d1\u6280","applydt":"2020-07-21","explain":null,"status":"1","custid":"138","custname":"\u738b\u793c","linkman":null,"money":"50000.00","moneys":"50000.00","startdt":"2020-07-14","enddt":"2021-07-14","content":"\u738b\u793c\u8d27\u6b3e","saleid":"0","isturn":"1","signdt":"2020-07-14","type":"1","ispay":"0","isover":"0","createname":"\u4e00\u672c\u8d26\u79d1\u6280","createid":"329","xiaoid":"0","comid":"193","fenlei":null,"fpid":"319","optid":"329","optnameid":null,"manager":"\u4e00\u672c\u8d26\u79d1\u6280","managerid":"329","yisid":"89","tiaoid":"0","kaipid":"0"},{"id":"90","uid":"329","num":"PAY20200721005","optdt":"2020-07-21 16:15:58","optname":"\u4e00\u672c\u8d26\u79d1\u6280","applydt":"2020-07-21","explain":null,"status":"1","custid":"139","custname":"\u6c82\u5cb8\u8d27\u6b3e","linkman":null,"money":"100000.00","moneys":"100000.00","startdt":"2020-07-21","enddt":"2021-07-21","content":"\u6c82\u5cb8\u8d27\u6b3e\uff08\u5171\u96c5\u57ab\u4ed85\u4e07\uff09","saleid":"0","isturn":"1","signdt":"2020-07-14","type":"1","ispay":"0","isover":"0","createname":"\u4e00\u672c\u8d26\u79d1\u6280","createid":"329","xiaoid":"0","comid":"193","fenlei":null,"fpid":"320","optid":"329","optnameid":null,"manager":"\u4e00\u672c\u8d26\u79d1\u6280","managerid":"329","yisid":"90","tiaoid":"0","kaipid":"0"},{"id":"91","uid":"329","num":"PAY20200721006","optdt":"2020-07-21 16:17:43","optname":"\u4e00\u672c\u8d26\u79d1\u6280","applydt":"2020-07-21","explain":null,"status":"1","custid":"122","custname":"\u76db\u79be\u4e91","linkman":null,"money":"500000.00","moneys":"300000.00","startdt":"2020-07-15","enddt":"2021-07-15","content":"\u5f80\u6765\u6b3e","saleid":"0","isturn":"1","signdt":"2020-07-15","type":"1","ispay":"2","isover":"0","createname":"\u4e00\u672c\u8d26\u79d1\u6280","createid":"329","xiaoid":"0","comid":"193","fenlei":null,"fpid":"320","optid":"329","optnameid":null,"manager":"\u4e00\u672c\u8d26\u79d1\u6280","managerid":"329","yisid":"91","tiaoid":"0","kaipid":"0"},{"id":"92","uid":"329","num":"PAY20200721007","optdt":"2020-07-21 16:18:43","optname":"\u4e00\u672c\u8d26\u79d1\u6280","applydt":"2020-07-21","explain":null,"status":"1","custid":"140","custname":"\u90b3\u5dde\u98de\u8fea","linkman":null,"money":"14040.00","moneys":"14040.00","startdt":"2020-07-15","enddt":"2021-07-15","content":"\u8d27\u6b3e","saleid":"0","isturn":"1","signdt":"2020-07-15","type":"1","ispay":"0","isover":"0","createname":"\u4e00\u672c\u8d26\u79d1\u6280","createid":"329","xiaoid":"0","comid":"193","fenlei":null,"fpid":"320","optid":"329","optnameid":null,"manager":"\u4e00\u672c\u8d26\u79d1\u6280","managerid":"329","yisid":"92","tiaoid":"0","kaipid":"0"},{"id":"93","uid":"329","num":"PAY20200721008","optdt":"2020-07-21 16:19:24","optname":"\u4e00\u672c\u8d26\u79d1\u6280","applydt":"2020-07-21","explain":null,"status":"1","custid":"141","custname":"\u67d2\u4e4b\u82b1\u8d27\u6b3e","linkman":null,"money":"15120.00","moneys":"0.00","startdt":"2020-07-15","enddt":"2021-07-15","content":"\u67d2\u4e4b\u82b1","saleid":"0","isturn":"1","signdt":"2020-07-15","type":"1","ispay":"1","isover":"1","createname":"\u4e00\u672c\u8d26\u79d1\u6280","createid":"329","xiaoid":"0","comid":"193","fenlei":null,"fpid":"320","optid":"329","optnameid":null,"manager":"\u4e00\u672c\u8d26\u79d1\u6280","managerid":"329","yisid":"93","tiaoid":"0","kaipid":"0"},{"id":"94","uid":"329","num":"PAY20200721009","optdt":"2020-07-21 16:20:17","optname":"\u4e00\u672c\u8d26\u79d1\u6280","applydt":"2020-07-21","explain":null,"status":"1","custid":"142","custname":"\u5341\u91cc\u83ca\u82b1","linkman":null,"money":"141525.00","moneys":"141525.00","startdt":"2020-07-15","enddt":"2021-07-15","content":"\u8d27\u6b3e","saleid":"0","isturn":"1","signdt":"2020-07-15","type":"1","ispay":"0","isover":"0","createname":"\u4e00\u672c\u8d26\u79d1\u6280","createid":"329","xiaoid":"0","comid":"193","fenlei":null,"fpid":"320","optid":"329","optnameid":null,"manager":"\u4e00\u672c\u8d26\u79d1\u6280","managerid":"329","yisid":"94","tiaoid":"0","kaipid":"0"},{"id":"95","uid":"329","num":"PAY20200721010","optdt":"2020-07-21 16:21:00","optname":"\u4e00\u672c\u8d26\u79d1\u6280","applydt":"2020-07-21","explain":null,"status":"1","custid":"143","custname":"\u4e5d\u6708\u82b1\u5349","linkman":null,"money":"135711.00","moneys":"135711.00","startdt":"2020-07-16","enddt":"2021-07-16","content":"\u8d27\u6b3e","saleid":"0","isturn":"1","signdt":"2020-07-16","type":"1","ispay":"0","isover":"0","createname":"\u4e00\u672c\u8d26\u79d1\u6280","createid":"329","xiaoid":"0","comid":"193","fenlei":null,"fpid":"320","optid":"329","optnameid":null,"manager":"\u4e00\u672c\u8d26\u79d1\u6280","managerid":"329","yisid":"95","tiaoid":"0","kaipid":"0"},{"id":"96","uid":"329","num":"PAY20200721011","optdt":"2020-07-21 16:21:45","optname":"\u4e00\u672c\u8d26\u79d1\u6280","applydt":"2020-07-21","explain":null,"status":"1","custid":"144","custname":"\u5feb\u9012\u8d39","linkman":null,"money":"30250.00","moneys":"30250.00","startdt":"2020-07-16","enddt":"2021-07-16","content":"6\u6708\u8fd0\u8d39","saleid":"0","isturn":"1","signdt":"2020-07-16","type":"1","ispay":"0","isover":"0","createname":"\u4e00\u672c\u8d26\u79d1\u6280","createid":"329","xiaoid":"0","comid":"193","fenlei":null,"fpid":"320","optid":"329","optnameid":null,"manager":"\u4e00\u672c\u8d26\u79d1\u6280","managerid":"329","yisid":"96","tiaoid":"0","kaipid":"0"},{"id":"97","uid":"329","num":"PAY20200721012","optdt":"2020-07-21 16:22:41","optname":"\u4e00\u672c\u8d26\u79d1\u6280","applydt":"2020-07-21","explain":null,"status":"1","custid":"140","custname":"\u90b3\u5dde\u98de\u8fea","linkman":null,"money":"294488.00","moneys":"294488.00","startdt":"2020-07-16","enddt":"2021-07-16","content":"\u8d27\u6b3e","saleid":"0","isturn":"1","signdt":"2020-07-16","type":"1","ispay":"0","isover":"0","createname":"\u4e00\u672c\u8d26\u79d1\u6280","createid":"329","xiaoid":"0","comid":"193","fenlei":null,"fpid":"320","optid":"329","optnameid":null,"manager":"\u4e00\u672c\u8d26\u79d1\u6280","managerid":"329","yisid":"97","tiaoid":"0","kaipid":"0"},{"id":"98","uid":"329","num":"PAY20200721013","optdt":"2020-07-21 16:23:28","optname":"\u4e00\u672c\u8d26\u79d1\u6280","applydt":"2020-07-21","explain":null,"status":"1","custid":"141","custname":"\u67d2\u4e4b\u82b1\u8d27\u6b3e","linkman":null,"money":"200000.00","moneys":"200000.00","startdt":"2020-07-16","enddt":"2021-07-16","content":"\u8d27\u6b3e","saleid":"0","isturn":"1","signdt":"2020-07-16","type":"1","ispay":"0","isover":"0","createname":"\u4e00\u672c\u8d26\u79d1\u6280","createid":"329","xiaoid":"0","comid":"193","fenlei":null,"fpid":"320","optid":"329","optnameid":null,"manager":"\u4e00\u672c\u8d26\u79d1\u6280","managerid":"329","yisid":"98","tiaoid":"0","kaipid":"0"},{"id":"99","uid":"347","num":"PAY20200721014","optdt":"2020-07-21 16:24:07","optname":"\u66fe\u536b\u5170","applydt":"2020-07-21","explain":null,"status":"1","custid":"145","custname":"\u5357\u5f00\u5927\u5b66","linkman":null,"money":"6400.00","moneys":"6400.00","startdt":"2020-07-16","enddt":"2021-07-16","content":"\u8fd0\u8d39","saleid":"0","isturn":"1","signdt":"2020-07-16","type":"1","ispay":"0","isover":"0","createname":"\u4e00\u672c\u8d26\u79d1\u6280","createid":"329","xiaoid":"0","comid":"193","fenlei":null,"fpid":"320","optid":"329","optnameid":null,"manager":"\u4e00\u672c\u8d26\u79d1\u6280","managerid":"329","yisid":"99","tiaoid":"0","kaipid":"0"},{"id":"100","uid":"329","num":"PAY20200721015","optdt":"2020-07-21 16:24:43","optname":"\u4e00\u672c\u8d26\u79d1\u6280","applydt":"2020-07-21","explain":null,"status":"1","custid":"141","custname":"\u67d2\u4e4b\u82b1\u8d27\u6b3e","linkman":null,"money":"74836.00","moneys":"74836.00","startdt":"2020-07-20","enddt":"2021-07-20","content":"\u8d27\u6b3e","saleid":"0","isturn":"1","signdt":"2020-07-20","type":"1","ispay":"0","isover":"0","createname":"\u4e00\u672c\u8d26\u79d1\u6280","createid":"329","xiaoid":"0","comid":"193","fenlei":null,"fpid":"320","optid":"329","optnameid":null,"manager":"\u4e00\u672c\u8d26\u79d1\u6280","managerid":"329","yisid":"100","tiaoid":"0","kaipid":"0"},{"id":"101","uid":"379","num":"PAY20200722001","optdt":"2020-07-22 10:14:56","optname":"\u6881\u96c5\u73cd","applydt":"2020-07-22","explain":null,"status":"1","custid":"146","custname":"\u5d14\u6d77","linkman":null,"money":"50000.00","moneys":"0.00","startdt":"2020-07-22","enddt":"2021-07-22","content":"\u5f80\u6765\u6b3e","saleid":"0","isturn":"1","signdt":"2020-07-22","type":"1","ispay":"1","isover":"1","createname":"\u6881\u96c5\u73cd","createid":"379","xiaoid":"0","comid":"206","fenlei":null,"fpid":"358","optid":"379","optnameid":null,"manager":"\u6881\u96c5\u73cd","managerid":"379","yisid":"101","tiaoid":"0","kaipid":"0"},{"id":"102","uid":"379","num":"20200722001","optdt":"2020-07-22 10:16:33","optname":"\u6881\u96c5\u73cd","applydt":"2020-07-22","explain":null,"status":"1","custid":"146","custname":"\u5d14\u6d77","linkman":null,"money":"50000.00","moneys":"0.00","startdt":"2020-07-21","enddt":"2021-07-21","content":"\u5f80\u6765\u6b3e","saleid":"0","isturn":"1","signdt":"2020-07-21","type":"0","ispay":"1","isover":"1","createname":"\u6881\u96c5\u73cd","createid":"379","xiaoid":"0","comid":"206","fenlei":null,"fpid":"358","optid":"379","optnameid":null,"manager":"\u6881\u96c5\u73cd","managerid":"379","yisid":"102","tiaoid":"0","kaipid":"0"},{"id":"103","uid":"379","num":"PAY20200722002","optdt":"2020-07-22 11:47:42","optname":"\u6881\u96c5\u73cd","applydt":"2020-07-22","explain":null,"status":"1","custid":"148","custname":"\u51ef\u8fd0\u7269\u6d41","linkman":null,"money":"30250.00","moneys":"0.00","startdt":"2020-07-16","enddt":"2021-07-16","content":"\u8fd0\u8d39","saleid":"0","isturn":"1","signdt":"2020-07-16","type":"1","ispay":"1","isover":"1","createname":"\u6881\u96c5\u73cd","createid":"379","xiaoid":"0","comid":"206","fenlei":null,"fpid":"359","optid":"379","optnameid":null,"manager":"\u6881\u96c5\u73cd","managerid":"379","yisid":"103","tiaoid":"0","kaipid":"0"},{"id":"104","uid":"379","num":"PAY20200722003","optdt":"2020-07-22 11:48:10","optname":"\u6881\u96c5\u73cd","applydt":"2020-07-22","explain":null,"status":"1","custid":"149","custname":"\u90b3\u5dde\u5e02\u98de\u8fea\u519c\u4e1a\u53d1\u5c55\u6709\u9650\u516c\u53f8","linkman":null,"money":"294488.00","moneys":"0.00","startdt":"2020-07-16","enddt":"2021-07-16","content":"\u8d27\u6b3e","saleid":"0","isturn":"1","signdt":"2020-07-16","type":"1","ispay":"1","isover":"1","createname":"\u6881\u96c5\u73cd","createid":"379","xiaoid":"0","comid":"206","fenlei":null,"fpid":"359","optid":"379","optnameid":null,"manager":"\u6881\u96c5\u73cd","managerid":"379","yisid":"104","tiaoid":"0","kaipid":"0"},{"id":"105","uid":"379","num":"PAY20200722004","optdt":"2020-07-22 11:48:43","optname":"\u6881\u96c5\u73cd","applydt":"2020-07-22","explain":null,"status":"1","custid":"150","custname":"\u5f90\u5dde\u67d2\u4e4b\u82b1\u519c\u4e1a\u53d1\u5c55\u6709\u9650\u516c\u53f8","linkman":null,"money":"200000.00","moneys":"0.00","startdt":"2020-07-16","enddt":"2021-07-16","content":"\u8d27\u6b3e","saleid":"0","isturn":"1","signdt":"2020-07-16","type":"1","ispay":"1","isover":"1","createname":"\u6881\u96c5\u73cd","createid":"379","xiaoid":"0","comid":"206","fenlei":null,"fpid":"359","optid":"379","optnameid":null,"manager":"\u6881\u96c5\u73cd","managerid":"379","yisid":"105","tiaoid":"0","kaipid":"0"},{"id":"106","uid":"379","num":"PAY20200722005","optdt":"2020-07-22 11:49:15","optname":"\u6881\u96c5\u73cd","applydt":"2020-07-22","explain":null,"status":"1","custid":"151","custname":"\u84dd\u6d77\u7269\u6d41","linkman":null,"money":"6400.00","moneys":"0.00","startdt":"2020-07-16","enddt":"2021-07-16","content":"\u8fd0\u8d39","saleid":"0","isturn":"1","signdt":"2020-07-16","type":"1","ispay":"1","isover":"1","createname":"\u6881\u96c5\u73cd","createid":"379","xiaoid":"0","comid":"206","fenlei":null,"fpid":"359","optid":"379","optnameid":null,"manager":"\u6881\u96c5\u73cd","managerid":"379","yisid":"106","tiaoid":"0","kaipid":"0"},{"id":"107","uid":"379","num":"PAY20200722006","optdt":"2020-07-22 11:49:49","optname":"\u6881\u96c5\u73cd","applydt":"2020-07-22","explain":null,"status":"1","custid":"150","custname":"\u5f90\u5dde\u67d2\u4e4b\u82b1\u519c\u4e1a\u53d1\u5c55\u6709\u9650\u516c\u53f8","linkman":null,"money":"74836.00","moneys":"0.00","startdt":"2020-07-20","enddt":"2021-07-20","content":"\u8d27\u6b3e","saleid":"0","isturn":"1","signdt":"2020-07-20","type":"1","ispay":"1","isover":"1","createname":"\u6881\u96c5\u73cd","createid":"379","xiaoid":"0","comid":"206","fenlei":null,"fpid":"359","optid":"379","optnameid":null,"manager":"\u6881\u96c5\u73cd","managerid":"379","yisid":"107","tiaoid":"0","kaipid":"0"},{"id":"108","uid":"379","num":"20200722002","optdt":"2020-07-22 11:50:40","optname":"\u6881\u96c5\u73cd","applydt":"2020-07-22","explain":null,"status":"1","custid":"148","custname":"\u51ef\u8fd0\u7269\u6d41","linkman":null,"money":"30250.00","moneys":"30250.00","startdt":"2020-07-16","enddt":"2021-07-16","content":"\u8fd0\u8d39","saleid":"0","isturn":"1","signdt":"2020-07-16","type":"0","ispay":"0","isover":"0","createname":"\u6881\u96c5\u73cd","createid":"379","xiaoid":"0","comid":"206","fenlei":null,"fpid":"358","optid":"379","optnameid":null,"manager":"\u6881\u96c5\u73cd","managerid":"379","yisid":"108","tiaoid":"0","kaipid":"0"},{"id":"109","uid":"379","num":"20200722003","optdt":"2020-07-22 11:51:08","optname":"\u6881\u96c5\u73cd","applydt":"2020-07-22","explain":null,"status":"1","custid":"149","custname":"\u90b3\u5dde\u5e02\u98de\u8fea\u519c\u4e1a\u53d1\u5c55\u6709\u9650\u516c\u53f8","linkman":null,"money":"294488.00","moneys":"0.00","startdt":"2020-07-16","enddt":"2021-07-16","content":"\u8d27\u6b3e","saleid":"0","isturn":"1","signdt":"2020-07-16","type":"0","ispay":"1","isover":"1","createname":"\u6881\u96c5\u73cd","createid":"379","xiaoid":"0","comid":"206","fenlei":null,"fpid":"358","optid":"379","optnameid":null,"manager":"\u6881\u96c5\u73cd","managerid":"379","yisid":"109","tiaoid":"0","kaipid":"0"},{"id":"110","uid":"379","num":"20200722004","optdt":"2020-07-22 11:51:36","optname":"\u6881\u96c5\u73cd","applydt":"2020-07-22","explain":null,"status":"1","custid":"150","custname":"\u5f90\u5dde\u67d2\u4e4b\u82b1\u519c\u4e1a\u53d1\u5c55\u6709\u9650\u516c\u53f8","linkman":null,"money":"200000.00","moneys":"200000.00","startdt":"2020-07-16","enddt":"2021-07-16","content":"\u8d27\u6b3e","saleid":"0","isturn":"1","signdt":"2020-07-16","type":"0","ispay":"0","isover":"0","createname":"\u6881\u96c5\u73cd","createid":"379","xiaoid":"0","comid":"206","fenlei":null,"fpid":"358","optid":"379","optnameid":null,"manager":"\u6881\u96c5\u73cd","managerid":"379","yisid":"110","tiaoid":"0","kaipid":"0"},{"id":"111","uid":"379","num":"20200722005","optdt":"2020-07-22 11:52:09","optname":"\u6881\u96c5\u73cd","applydt":"2020-07-22","explain":null,"status":"1","custid":"151","custname":"\u84dd\u6d77\u7269\u6d41","linkman":null,"money":"6400.00","moneys":"6400.00","startdt":"2020-07-16","enddt":"2021-07-16","content":"\u8fd0\u8d39","saleid":"0","isturn":"1","signdt":"2020-07-22","type":"0","ispay":"0","isover":"0","createname":"\u6881\u96c5\u73cd","createid":"379","xiaoid":"0","comid":"206","fenlei":null,"fpid":"358","optid":"379","optnameid":null,"manager":"\u6881\u96c5\u73cd","managerid":"379","yisid":"111","tiaoid":"0","kaipid":"0"},{"id":"112","uid":"379","num":"20200722006","optdt":"2020-07-22 11:52:42","optname":"\u6881\u96c5\u73cd","applydt":"2020-07-22","explain":null,"status":"1","custid":"150","custname":"\u5f90\u5dde\u67d2\u4e4b\u82b1\u519c\u4e1a\u53d1\u5c55\u6709\u9650\u516c\u53f8","linkman":null,"money":"74836.00","moneys":"74836.00","startdt":"2020-07-20","enddt":"2021-07-20","content":"\u8d27\u6b3e","saleid":"0","isturn":"1","signdt":"2020-07-20","type":"0","ispay":"0","isover":"0","createname":"\u6881\u96c5\u73cd","createid":"379","xiaoid":"0","comid":"206","fenlei":null,"fpid":"358","optid":"379","optnameid":null,"manager":"\u6881\u96c5\u73cd","managerid":"379","yisid":"112","tiaoid":"0","kaipid":"0"},{"id":"113","uid":"381","num":"20200722007","optdt":"2020-07-22 14:45:47","optname":"\u5468","applydt":"2020-07-22","explain":null,"status":"1","custid":"152","custname":"\u4e2d\u6295\u8f6f\u4ef6\u5f00\u53d1\u6709\u9650\u516c\u53f8","linkman":null,"money":"10000.00","moneys":"0.00","startdt":"2020-07-22","enddt":"2021-07-22","content":"LED","saleid":"0","isturn":"1","signdt":"2020-07-22","type":"0","ispay":"1","isover":"1","createname":"\u5468","createid":"381","xiaoid":"0","comid":"208","fenlei":null,"fpid":"365","optid":"381","optnameid":null,"manager":"\u5468","managerid":"381","yisid":"113","tiaoid":"0","kaipid":"0"},{"id":"114","uid":"381","num":"20200722008","optdt":"2020-07-22 14:49:41","optname":"\u5468","applydt":"2020-07-22","explain":null,"status":"1","custid":"152","custname":"\u4e2d\u6295\u8f6f\u4ef6\u5f00\u53d1\u6709\u9650\u516c\u53f8","linkman":null,"money":"20000.00","moneys":"20000.00","startdt":"2020-07-22","enddt":"2021-07-22","content":"\u5907\u6ce8\u4fe1\u606f","saleid":"0","isturn":"1","signdt":"2020-07-22","type":"0","ispay":"0","isover":"0","createname":"\u5468","createid":"381","xiaoid":"0","comid":"208","fenlei":null,"fpid":"365","optid":"381","optnameid":null,"manager":"\u5468","managerid":"381","yisid":"114","tiaoid":"0","kaipid":"0"},{"id":"115","uid":"379","num":"20200722009","optdt":"2020-07-22 15:37:09","optname":"\u6881\u96c5\u73cd","applydt":"2020-07-22","explain":null,"status":"1","custid":"147","custname":"\u76db\u79be\u4e91","linkman":null,"money":"500000.00","moneys":"0.00","startdt":"2020-07-16","enddt":"2021-07-16","content":"\u8d27\u6b3e","saleid":"0","isturn":"1","signdt":"2020-07-16","type":"0","ispay":"1","isover":"1","createname":"\u6881\u96c5\u73cd","createid":"379","xiaoid":"0","comid":"206","fenlei":null,"fpid":"358","optid":"379","optnameid":null,"manager":"\u6881\u96c5\u73cd","managerid":"379","yisid":"115","tiaoid":"0","kaipid":"0"},{"id":"116","uid":"385","num":"PAY20200722007","optdt":"2020-07-22 16:25:16","optname":"lyz1","applydt":"2020-07-22","explain":null,"status":"1","custid":"161","custname":"\u674e\u4e16\u4e91","linkman":null,"money":"28560.00","moneys":"28560.00","startdt":"2020-07-22","enddt":"2021-07-22","content":"\u90b3\u5dde\u98de\u8fea\u8d27\u6b3e","saleid":"0","isturn":"1","signdt":"2020-07-22","type":"1","ispay":"0","isover":"0","createname":"lyz1","createid":"385","xiaoid":"0","comid":"210","fenlei":null,"fpid":"370","optid":"385","optnameid":null,"manager":"lyz1","managerid":"385","yisid":"116","tiaoid":"0","kaipid":"0"},{"id":"117","uid":"385","num":"20200722010","optdt":"2020-07-22 16:31:07","optname":"lyz1","applydt":"2020-07-22","explain":null,"status":"1","custid":"161","custname":"\u674e\u4e16\u4e91","linkman":null,"money":"28500.00","moneys":"28500.00","startdt":"2020-07-11","enddt":"2021-07-11","content":"\u90b3\u5dde\u98de\u8fea\u8d27\u6b3e","saleid":"0","isturn":"1","signdt":"2020-07-22","type":"0","ispay":"0","isover":"0","createname":"lyz1","createid":"385","xiaoid":"0","comid":"210","fenlei":null,"fpid":"370","optid":"385","optnameid":null,"manager":"lyz1","managerid":"385","yisid":"117","tiaoid":"0","kaipid":"0"},{"id":"118","uid":"385","num":"20200722011","optdt":"2020-07-22 16:35:42","optname":"lyz1","applydt":"2020-07-22","explain":null,"status":"1","custid":"161","custname":"\u674e\u4e16\u4e91","linkman":null,"money":"5000.00","moneys":"5000.00","startdt":"2020-07-10","enddt":"2021-07-10","content":"HUE\u4ee3\u7406\u8d39","saleid":"0","isturn":"1","signdt":"2020-07-10","type":"0","ispay":"0","isover":"0","createname":"lyz1","createid":"385","xiaoid":"0","comid":"210","fenlei":null,"fpid":"372","optid":"385","optnameid":null,"manager":"lyz1","managerid":"385","yisid":"118","tiaoid":"0","kaipid":"0"},{"id":"119","uid":"342","num":"20200727001","optdt":"2020-07-27 10:05:02","optname":"\u5434\u65b0\u6cb3","applydt":"2020-07-27","explain":null,"status":"1","custid":"167","custname":"\u529e\u516c","linkman":null,"money":"10000.00","moneys":"10000.00","startdt":"2020-07-27","enddt":"2021-07-27","content":"\u5b89\u5fbd","saleid":"0","isturn":"1","signdt":"2020-07-27","type":"0","ispay":"0","isover":"0","createname":"\u5434\u65b0\u6cb3","createid":"342","xiaoid":"0","comid":"193","fenlei":null,"fpid":"321","optid":"342","optnameid":null,"manager":"\u5434\u65b0\u6cb3","managerid":"342","yisid":"119","tiaoid":"0","kaipid":"0"},{"id":"120","uid":"386","num":"0001253","optdt":"2020-07-27 11:12:26","optname":"\u5733\u65b0\u6559\u80b2","applydt":"2020-07-27","explain":null,"status":"1","custid":"168","custname":"\u66fe\u806a","linkman":null,"money":"14500.00","moneys":"14500.00","startdt":"2020-07-08","enddt":"2021-12-31","content":"\u81ea\u62d3\u5408\u540c","saleid":"0","isturn":"1","signdt":"2020-07-08","type":"0","ispay":"0","isover":"0","createname":"\u5733\u65b0\u6559\u80b2","createid":"386","xiaoid":"0","comid":"211","fenlei":null,"fpid":"375","optid":"386","optnameid":null,"manager":"\u5733\u65b0\u6559\u80b2","managerid":"386","yisid":"120","tiaoid":"0","kaipid":"0"},{"id":"121","uid":"345","num":"20200727002","optdt":"2020-07-27 10:49:33","optname":"\u8d3a\u5929\u6167","applydt":"2020-07-27","explain":null,"status":"1","custid":"169","custname":"\u6e56\u5357\u548c\u6cf0","linkman":null,"money":"2000.00","moneys":"2000.00","startdt":"2020-07-27","enddt":"2021-07-27","content":"\u9ad8\u7ea7\u5ba2\u6237","saleid":"0","isturn":"1","signdt":"2020-07-27","type":"0","ispay":"0","isover":"0","createname":"\u8d3a\u5929\u6167","createid":"345","xiaoid":"0","comid":"193","fenlei":null,"fpid":"319","optid":"345","optnameid":null,"manager":"\u8d3a\u5929\u6167","managerid":"345","yisid":"121","tiaoid":"0","kaipid":"0"},{"id":"122","uid":"329","num":"20200727003","optdt":"2020-07-27 11:36:26","optname":"\u4e00\u672c\u8d26\u79d1\u6280","applydt":"2020-07-27","explain":null,"status":"1","custid":"112","custname":"\u4e1c\u6c47\u79d1\u6280","linkman":null,"money":"2980.00","moneys":"2980.00","startdt":"2020-07-27","enddt":"2021-07-27","content":"\u5408\u540c\u7c7b\u578b","saleid":"0","isturn":"1","signdt":"2020-07-27","type":"0","ispay":"0","isover":"0","createname":"\u4e00\u672c\u8d26\u79d1\u6280","createid":"329","xiaoid":"0","comid":"193","fenlei":null,"fpid":"321","optid":"329","optnameid":null,"manager":"\u4e00\u672c\u8d26\u79d1\u6280","managerid":"329","yisid":"122","tiaoid":"0","kaipid":"0"},{"id":"123","uid":"329","num":"20200727004","optdt":"2020-07-27 14:20:43","optname":"\u4e00\u672c\u8d26\u79d1\u6280","applydt":"2020-07-27","explain":null,"status":"1","custid":"170","custname":"\u674e\u624d\u534e\u8001\u5e08\u2014\u8bb8\u5b66\u751f","linkman":null,"money":"3500.00","moneys":"3500.00","startdt":"2020-07-27","enddt":"2021-07-27","content":"\u5ba2\u6237\u5408\u540c","saleid":"0","isturn":"1","signdt":"2020-07-27","type":"0","ispay":"0","isover":"0","createname":"\u4e00\u672c\u8d26\u79d1\u6280","createid":"329","xiaoid":"0","comid":"193","fenlei":null,"fpid":"319","optid":"329","optnameid":null,"manager":"\u5f20\u6cfd\u5a34","managerid":"341","yisid":"123","tiaoid":"0","kaipid":"0"},{"id":"124","uid":"329","num":"20200727005","optdt":"2020-07-27 14:25:44","optname":"\u4e00\u672c\u8d26\u79d1\u6280","applydt":"2020-07-27","explain":null,"status":"1","custid":"171","custname":"\u90d1\u5dde\u5927\u5b66\u2014\u5468\u5b66\u751f","linkman":null,"money":"5000.00","moneys":"5000.00","startdt":"2020-07-27","enddt":"2021-07-27","content":"\u5ba2\u6237","saleid":"0","isturn":"1","signdt":"2020-07-27","type":"0","ispay":"0","isover":"0","createname":"\u4e00\u672c\u8d26\u79d1\u6280","createid":"329","xiaoid":"0","comid":"193","fenlei":null,"fpid":"319","optid":"329","optnameid":null,"manager":"\u5434\u65b0\u6cb3","managerid":"342","yisid":"124","tiaoid":"0","kaipid":"0"},{"id":"125","uid":"329","num":"20200729001","optdt":"2020-07-29 16:10:39","optname":"\u4e00\u672c\u8d26\u79d1\u6280","applydt":"2020-07-29","explain":null,"status":"1","custid":"173","custname":"\u5929\u4f26\u56fd\u9645","linkman":null,"money":"1200.00","moneys":"1200.00","startdt":"2020-07-29","enddt":"2021-07-29","content":"\u6c34\u676f","saleid":"0","isturn":"1","signdt":"2020-07-29","type":"0","ispay":"0","isover":"0","createname":"\u4e00\u672c\u8d26\u79d1\u6280","createid":"329","xiaoid":"0","comid":"193","fenlei":null,"fpid":"320","optid":"329","optnameid":null,"manager":"\u4e00\u672c\u8d26\u79d1\u6280","managerid":"329","yisid":"125","tiaoid":"0","kaipid":"0"},{"id":"126","uid":"401","num":"20200731001","optdt":"2020-07-31 16:32:40","optname":"\u674e\u5b81","applydt":"2020-07-31","explain":null,"status":"1","custid":"180","custname":"\u5f20\u9752\u56ed\u957f","linkman":null,"money":"200000.00","moneys":"200000.00","startdt":"2020-07-31","enddt":"2021-07-31","content":"\u5168\u5305\u5408\u540c","saleid":"0","isturn":"1","signdt":"2020-07-31","type":"0","ispay":"0","isover":"0","createname":"\u674e\u5b81","createid":"401","xiaoid":"0","comid":"215","fenlei":null,"fpid":"387","optid":"401","optnameid":null,"manager":"\u674e\u5b81","managerid":"401","yisid":"126","tiaoid":"0","kaipid":"0"},{"id":"127","uid":"401","num":"20200731002","optdt":"2020-07-31 16:40:50","optname":"\u674e\u5b81","applydt":"2020-07-31","explain":null,"status":"1","custid":"179","custname":"\u5468\u751f","linkman":null,"money":"50000.00","moneys":"50000.00","startdt":"2020-07-20","enddt":"2021-07-31","content":"\u5168\u5305\u5408\u540c","saleid":"0","isturn":"1","signdt":"2020-07-20","type":"0","ispay":"0","isover":"0","createname":"\u674e\u5b81","createid":"401","xiaoid":"0","comid":"215","fenlei":null,"fpid":"387","optid":"401","optnameid":null,"manager":"\u674e\u5b81","managerid":"401","yisid":"127","tiaoid":"0","kaipid":"0"},{"id":"128","uid":"401","num":"20200731003","optdt":"2020-07-31 16:52:15","optname":"\u674e\u5b81","applydt":"2020-07-31","explain":null,"status":"1","custid":"175","custname":"\u674e\u96c4","linkman":null,"money":"123000.00","moneys":"123000.00","startdt":"2020-07-31","enddt":"2021-07-31","content":"\u5168\u5305\u5408\u540c","saleid":"0","isturn":"1","signdt":"2020-06-01","type":"0","ispay":"0","isover":"0","createname":"\u674e\u5b81","createid":"401","xiaoid":"0","comid":"215","fenlei":null,"fpid":"387","optid":"401","optnameid":null,"manager":"\u674e\u5b81","managerid":"401","yisid":"128","tiaoid":"0","kaipid":"0"},{"id":"129","uid":"401","num":"20200731004","optdt":"2020-07-31 17:27:05","optname":"\u674e\u5b81","applydt":"2020-07-31","explain":null,"status":"1","custid":"178","custname":"\u6768\u94b0\u83b9","linkman":null,"money":"100000.00","moneys":"100000.00","startdt":"2019-07-15","enddt":"2019-07-16","content":"\u5168\u5305\u5408\u540c","saleid":"0","isturn":"1","signdt":"2019-07-16","type":"0","ispay":"0","isover":"0","createname":"\u674e\u5b81","createid":"401","xiaoid":"0","comid":"215","fenlei":null,"fpid":"387","optid":"401","optnameid":null,"manager":"\u674e\u5b81","managerid":"401","yisid":"129","tiaoid":"0","kaipid":"0"},{"id":"130","uid":"401","num":"PAY20200731001","optdt":"2020-07-31 17:48:02","optname":"\u674e\u5b81","applydt":"2020-07-31","explain":null,"status":"1","custid":"181","custname":"\u987e\u6653","linkman":null,"money":"200000.00","moneys":"200000.00","startdt":"2020-07-31","enddt":"2021-07-31","content":"\u5546\u4e1a\u5408\u4f5c","saleid":"0","isturn":"1","signdt":"2020-07-31","type":"1","ispay":"0","isover":"0","createname":"\u674e\u5b81","createid":"401","xiaoid":"0","comid":"215","fenlei":null,"fpid":"386","optid":"401","optnameid":null,"manager":"\u674e\u5b81","managerid":"401","yisid":"130","tiaoid":"0","kaipid":"0"},{"id":"131","uid":"346","num":"20200803001","optdt":"2020-08-03 10:31:32","optname":"\u6797\u8bd7\u742a","applydt":"2020-08-03","explain":null,"status":"1","custid":"182","custname":"\u5f20\u603b","linkman":null,"money":"8000.00","moneys":"8000.00","startdt":"2020-08-03","enddt":"2021-08-31","content":"\u6d4b\u7ed8\u670d\u52a1\u8d39","saleid":"0","isturn":"1","signdt":"2020-08-03","type":"0","ispay":"0","isover":"0","createname":"\u6797\u8bd7\u742a","createid":"346","xiaoid":"0","comid":"193","fenlei":null,"fpid":"319","optid":"346","optnameid":null,"manager":"\u6797\u8bd7\u742a","managerid":"346","yisid":"131","tiaoid":"0","kaipid":"0"},{"id":"132","uid":"329","num":"PAY20200805001","optdt":"2020-08-05 14:55:52","optname":"\u4e00\u672c\u8d26\u79d1\u6280","applydt":"2020-08-05","explain":null,"status":"1","custid":"143","custname":"\u4e5d\u6708\u82b1\u5349","linkman":null,"money":"20000.00","moneys":"0.00","startdt":"2020-08-05","enddt":"2021-08-05","content":"\u5b66\u5386\u63d0\u5347","saleid":"0","isturn":"1","signdt":"2020-08-05","type":"1","ispay":"1","isover":"1","createname":"\u4e00\u672c\u8d26\u79d1\u6280","createid":"329","xiaoid":"0","comid":"193","fenlei":null,"fpid":"319","optid":"329","optnameid":null,"manager":"\u4e00\u672c\u8d26\u79d1\u6280","managerid":"329","yisid":"132","tiaoid":"0","kaipid":"0"}]}}