{"xinhu_flow_course":{"fields":[{"name":"id","type":"int","explain":"","types":"int(11)","dev":null,"isnull":"NO","lens":null},{"name":"mid","type":"int","explain":"\u4e0a\u7ea7ID","types":"int(11)","dev":"0","isnull":"YES","lens":null},{"name":"nid","type":"int","explain":"\u4e0b\u7ea7\u6b65\u9aa4ID","types":"int(11)","dev":"0","isnull":"YES","lens":null},{"name":"setid","type":"smallint","explain":"\u6a21\u5757ID","types":"smallint(6)","dev":"0","isnull":"YES","lens":null},{"name":"name","type":"varchar","explain":"\u6b65\u9aa4\u540d\u79f0","types":"varchar(20)","dev":null,"isnull":"YES","lens":"20"},{"name":"num","type":"varchar","explain":"","types":"varchar(20)","dev":null,"isnull":"YES","lens":"20"},{"name":"checktype","type":"varchar","explain":"\u5ba1\u6838\u4eba\u7c7b\u578b","types":"varchar(20)","dev":null,"isnull":"YES","lens":"20"},{"name":"checktypeid","type":"varchar","explain":"","types":"varchar(200)","dev":null,"isnull":"YES","lens":"200"},{"name":"checktypename","type":"varchar","explain":"\u5ba1\u6838\u4eba","types":"varchar(200)","dev":null,"isnull":"YES","lens":"200"},{"name":"sort","type":"smallint","explain":"","types":"smallint(6)","dev":"0","isnull":"YES","lens":null},{"name":"whereid","type":"smallint","explain":"\u6d41\u7a0b\u6a21\u5757\u6761\u4ef6\u4e0b\u7684Id","types":"smallint(6)","dev":"0","isnull":"YES","lens":null},{"name":"where","type":"varchar","explain":"\u5ba1\u6838\u6761\u4ef6","types":"varchar(500)","dev":null,"isnull":"YES","lens":"500"},{"name":"explain","type":"varchar","explain":"\u8bf4\u660e","types":"varchar(100)","dev":null,"isnull":"YES","lens":"100"},{"name":"optdt","type":"datetime","explain":"","types":"datetime","dev":null,"isnull":"YES","lens":null},{"name":"status","type":"tinyint","explain":"","types":"tinyint(1)","dev":"1","isnull":"YES","lens":null},{"name":"courseact","type":"varchar","explain":"\u5ba1\u6838\u52a8\u4f5c","types":"varchar(50)","dev":null,"isnull":"YES","lens":"50"},{"name":"checkshu","type":"tinyint","explain":"\u81f3\u5c11\u51e0\u4eba\u5ba1\u6838 ,0\u5168\u90e8","types":"tinyint(2)","dev":"1","isnull":"YES","lens":null},{"name":"checkfields","type":"varchar","explain":"\u5ba1\u6838\u5904\u7406\u8868\u5355","types":"varchar(500)","dev":null,"isnull":"YES","lens":"500"},{"name":"pid","type":"smallint","explain":"\u4e0a\u7ea7Id(\u5f03\u7528)","types":"smallint(6)","dev":"0","isnull":"YES","lens":null},{"name":"optid","type":"smallint","explain":"\u64cd\u4f5c\u4ebaid","types":"smallint(6)","dev":"0","isnull":"YES","lens":null},{"name":"optname","type":"varchar","explain":"\u64cd\u4f5c\u4eba\u59d3\u540d","types":"varchar(20)","dev":null,"isnull":"YES","lens":"20"},{"name":"receid","type":"varchar","explain":"\u9002\u7528\u5bf9\u8c61id","types":"varchar(1000)","dev":null,"isnull":"YES","lens":"1000"},{"name":"recename","type":"varchar","explain":"\u9002\u7528\u5bf9\u8c61","types":"varchar(1000)","dev":null,"isnull":"YES","lens":"1000"},{"name":"iszf","type":"tinyint","explain":"\u662f\u5426\u53ef\u4ee5\u8f6c\u7ed9\u4ed6\u4eba\u529e\u7406","types":"tinyint(1)","dev":"0","isnull":"YES","lens":null},{"name":"isqm","type":"tinyint","explain":"\u624b\u5199\u7b7e\u540d0\u4e0d\u7528,1\u90fd\u9700\u8981,2\u53ea\u9700\u8981\u901a\u8fc7,3\u53ea\u9700\u8981\u4e0d\u901a\u8fc7","types":"tinyint(1)","dev":"0","isnull":"YES","lens":null},{"name":"coursetype","type":"tinyint","explain":"\u5ba1\u6279\u65b9\u5f0f0\u987a\u5e8f,1\u524d\u7f6e\u5ba1\u6279,2\u540e\u7f6e\u5ba1\u6279","types":"tinyint(1)","dev":"0","isnull":"YES","lens":null},{"name":"zshtime","type":"int","explain":"\u8d85\u65f6\u65f6\u95f4(\u5206\u949f)","types":"int(11)","dev":"0","isnull":"YES","lens":null},{"name":"zshstate","type":"tinyint","explain":"\u81ea\u52a8\u5ba1\u6838\u7c7b\u578b","types":"tinyint(2)","dev":"1","isnull":"YES","lens":null},{"name":"zbrangeame","type":"varchar","explain":"\u8f6c\u529e\u4eba\u5458\u53ef\u9009\u8303\u56f4","types":"varchar(200)","dev":null,"isnull":"YES","lens":"200"},{"name":"zbrangeid","type":"varchar","explain":"\u8f6c\u529e\u4eba\u5458\u53ef\u9009\u8303\u56f4ID","types":"varchar(200)","dev":null,"isnull":"YES","lens":"200"},{"name":"smlx","type":"tinyint","explain":"\u5904\u7406\u8bf4\u660e\u7c7b\u578b","types":"tinyint(1)","dev":"0","isnull":"YES","lens":null},{"name":"wjlx","type":"tinyint","explain":"\u76f8\u5173\u6587\u4ef6\u7c7b\u578b","types":"tinyint(1)","dev":"0","isnull":"YES","lens":null},{"name":"isxgfj","type":"tinyint","explain":"\u5ba1\u6279\u65f6\u662f\u5426\u53ef\u76f4\u63a5\u7f16\u8f91\u9644\u4ef6","types":"tinyint(1)","dev":"0","isnull":"YES","lens":null}],"data":[{"id":"1","mid":"0","nid":"0","setid":"5","name":"\u4e0a\u7ea7\u5ba1\u6838","num":"super","checktype":"superall","checktypeid":null,"checktypename":null,"sort":"0","whereid":"0","where":null,"explain":null,"optdt":"2019-09-23 17:09:58","status":"1","courseact":null,"checkshu":"1","checkfields":null,"pid":"0","optid":"0","optname":null,"receid":null,"recename":null,"iszf":"0","isqm":"0","coursetype":null,"zshtime":"0","zshstate":"4","zbrangeame":null,"zbrangeid":null,"smlx":"0","wjlx":"0","isxgfj":"0"},{"id":"2","mid":"1","nid":"0","setid":"5","name":"\u4eba\u4e8b\u5ba1\u6838","num":null,"checktype":"rank","checktypeid":null,"checktypename":"\u4eba\u4e8b\u4e3b\u7ba1","sort":"0","whereid":"0","where":null,"explain":null,"optdt":"2018-05-07 09:47:03","status":"1","courseact":null,"checkshu":"1","checkfields":null,"pid":"0","optid":"0","optname":null,"receid":null,"recename":null,"iszf":"0","isqm":"0","coursetype":"0","zshtime":"0","zshstate":"1","zbrangeame":null,"zbrangeid":null,"smlx":"0","wjlx":"0","isxgfj":"0"},{"id":"3","mid":"0","nid":"0","setid":"6","name":"\u4e0a\u7ea7\u5ba1\u6838","num":null,"checktype":"super","checktypeid":null,"checktypename":null,"sort":"0","whereid":"0","where":null,"explain":null,"optdt":"2016-07-02 22:25:29","status":"1","courseact":null,"checkshu":"1","checkfields":null,"pid":"0","optid":"0","optname":null,"receid":null,"recename":null,"iszf":"0","isqm":"0","coursetype":"0","zshtime":"0","zshstate":"1","zbrangeame":null,"zbrangeid":null,"smlx":"0","wjlx":"0","isxgfj":"0"},{"id":"4","mid":"2","nid":"0","setid":"5","name":"\u603b\u7ecf\u7406\u5ba1\u6838","num":null,"checktype":"user","checktypeid":"5","checktypename":"\u7cfb\u7edf\u7ba1\u7406\u5458","sort":"0","whereid":"2","where":null,"explain":"\u8d85\u8fc73\u592924\u5c0f\u65f6","optdt":"2016-09-25 14:53:34","status":"1","courseact":null,"checkshu":"1","checkfields":null,"pid":"0","optid":"0","optname":null,"receid":null,"recename":null,"iszf":"0","isqm":"0","coursetype":"0","zshtime":"0","zshstate":"1","zbrangeame":null,"zbrangeid":null,"smlx":"0","wjlx":"0","isxgfj":"0"},{"id":"5","mid":"0","nid":"0","setid":"23","name":"\u4e0a\u7ea7\u5ba1\u6838","num":null,"checktype":"super","checktypeid":null,"checktypename":null,"sort":"0","whereid":"0","where":null,"explain":null,"optdt":"2016-08-27 08:46:27","status":"1","courseact":null,"checkshu":"1","checkfields":null,"pid":"0","optid":"0","optname":null,"receid":null,"recename":null,"iszf":"0","isqm":"0","coursetype":"0","zshtime":"0","zshstate":"1","zbrangeame":null,"zbrangeid":null,"smlx":"0","wjlx":"0","isxgfj":"0"},{"id":"6","mid":"0","nid":"0","setid":"24","name":"\u884c\u653f\u53d1\u653e","num":null,"checktype":"user","checktypeid":"4","checktypename":"\u5927\u4e54","sort":"0","whereid":"0","where":null,"explain":null,"optdt":"2017-08-10 11:42:24","status":"1","courseact":"\u53d1\u653e,\u9a73\u56de|red","checkshu":"1","checkfields":null,"pid":"0","optid":"0","optname":null,"receid":null,"recename":null,"iszf":"0","isqm":"0","coursetype":"0","zshtime":"0","zshstate":"1","zbrangeame":null,"zbrangeid":null,"smlx":"0","wjlx":"0","isxgfj":"0"},{"id":"7","mid":"0","nid":"0","setid":"11","name":"\u4e0a\u7ea7\u5ba1\u6279","num":null,"checktype":"super","checktypeid":null,"checktypename":null,"sort":"0","whereid":"0","where":null,"explain":null,"optdt":"2016-09-02 17:36:36","status":"1","courseact":null,"checkshu":"1","checkfields":null,"pid":"0","optid":"0","optname":null,"receid":null,"recename":null,"iszf":"0","isqm":"0","coursetype":"0","zshtime":"0","zshstate":"1","zbrangeame":null,"zbrangeid":null,"smlx":"0","wjlx":"0","isxgfj":"0"},{"id":"8","mid":"7","nid":"0","setid":"11","name":"\u4eba\u4e8b\u5ba1\u6838","num":null,"checktype":"rank","checktypeid":null,"checktypename":"\u4eba\u4e8b\u4e3b\u7ba1","sort":"0","whereid":"0","where":null,"explain":null,"optdt":"2016-09-02 17:38:15","status":"0","courseact":null,"checkshu":"1","checkfields":null,"pid":"0","optid":"0","optname":null,"receid":null,"recename":null,"iszf":"0","isqm":"0","coursetype":"0","zshtime":"0","zshstate":"1","zbrangeame":null,"zbrangeid":null,"smlx":"0","wjlx":"0","isxgfj":"0"},{"id":"9","mid":"8","nid":"0","setid":"11","name":"\u8d22\u52a1\u5ba1\u6838","num":null,"checktype":"rank","checktypeid":null,"checktypename":"\u8d22\u52a1\u603b\u76d1","sort":"0","whereid":"0","where":null,"explain":null,"optdt":"2016-09-02 17:39:07","status":"0","courseact":null,"checkshu":"1","checkfields":null,"pid":"0","optid":"0","optname":null,"receid":null,"recename":null,"iszf":"0","isqm":"0","coursetype":"0","zshtime":"0","zshstate":"1","zbrangeame":null,"zbrangeid":null,"smlx":"0","wjlx":"0","isxgfj":"0"},{"id":"10","mid":"0","nid":"0","setid":"25","name":"\u4e0a\u7ea7\u5ba1\u6279","num":null,"checktype":"super","checktypeid":null,"checktypename":null,"sort":"0","whereid":"0","where":null,"explain":null,"optdt":"2016-09-03 09:26:32","status":"1","courseact":null,"checkshu":"1","checkfields":null,"pid":"0","optid":"0","optname":null,"receid":null,"recename":null,"iszf":"0","isqm":"0","coursetype":"0","zshtime":"0","zshstate":"1","zbrangeame":null,"zbrangeid":null,"smlx":"0","wjlx":"0","isxgfj":"0"},{"id":"11","mid":"10","nid":"0","setid":"25","name":"\u4eba\u4e8b\u5ba1\u6838","num":null,"checktype":"rank","checktypeid":null,"checktypename":"\u4eba\u4e8b\u4e3b\u7ba1","sort":"0","whereid":"0","where":null,"explain":null,"optdt":"2016-09-03 09:27:00","status":"1","courseact":null,"checkshu":"1","checkfields":null,"pid":"0","optid":"0","optname":null,"receid":null,"recename":null,"iszf":"0","isqm":"0","coursetype":"0","zshtime":"0","zshstate":"1","zbrangeame":null,"zbrangeid":null,"smlx":"0","wjlx":"0","isxgfj":"0"},{"id":"12","mid":"11","nid":"0","setid":"25","name":"\u8d22\u52a1\u5ba1\u6838","num":null,"checktype":"rank","checktypeid":null,"checktypename":"\u8d22\u52a1\u603b\u76d1","sort":"0","whereid":"0","where":null,"explain":null,"optdt":"2016-09-03 09:27:26","status":"1","courseact":null,"checkshu":"1","checkfields":null,"pid":"0","optid":"0","optname":null,"receid":null,"recename":null,"iszf":"0","isqm":"0","coursetype":"0","zshtime":"0","zshstate":"1","zbrangeame":null,"zbrangeid":null,"smlx":"0","wjlx":"0","isxgfj":"0"},{"id":"13","mid":"0","nid":"0","setid":"26","name":"\u4e0a\u7ea7\u5ba1\u6838","num":null,"checktype":"super","checktypeid":null,"checktypename":null,"sort":"0","whereid":"0","where":null,"explain":null,"optdt":"2016-09-03 09:27:55","status":"1","courseact":null,"checkshu":"1","checkfields":null,"pid":"0","optid":"0","optname":null,"receid":null,"recename":null,"iszf":"0","isqm":"0","coursetype":"0","zshtime":"0","zshstate":"1","zbrangeame":null,"zbrangeid":null,"smlx":"0","wjlx":"0","isxgfj":"0"},{"id":"14","mid":"13","nid":"0","setid":"26","name":"\u4eba\u4e8b\u5ba1\u6838","num":null,"checktype":"rank","checktypeid":null,"checktypename":"\u4eba\u4e8b\u4e3b\u7ba1","sort":"0","whereid":"0","where":null,"explain":null,"optdt":"2016-09-03 09:28:18","status":"1","courseact":null,"checkshu":"1","checkfields":null,"pid":"0","optid":"0","optname":null,"receid":null,"recename":null,"iszf":"0","isqm":"0","coursetype":"0","zshtime":"0","zshstate":"1","zbrangeame":null,"zbrangeid":null,"smlx":"0","wjlx":"0","isxgfj":"0"},{"id":"15","mid":"14","nid":"0","setid":"26","name":"\u8d22\u52a1\u5ba1\u6838","num":null,"checktype":"rank","checktypeid":null,"checktypename":"\u8d22\u52a1\u603b\u76d1","sort":"0","whereid":"0","where":null,"explain":null,"optdt":"2016-09-03 09:28:35","status":"1","courseact":null,"checkshu":"1","checkfields":null,"pid":"0","optid":"0","optname":null,"receid":null,"recename":null,"iszf":"0","isqm":"0","coursetype":"0","zshtime":"0","zshstate":"1","zbrangeame":null,"zbrangeid":null,"smlx":"0","wjlx":"0","isxgfj":"0"},{"id":"16","mid":"0","nid":"0","setid":"27","name":"\u8d22\u52a1\u786e\u8ba4","num":null,"checktype":"rank","checktypeid":null,"checktypename":"\u8d22\u52a1\u603b\u76d1","sort":"0","whereid":"0","where":null,"explain":null,"optdt":"2016-09-03 15:29:45","status":"1","courseact":null,"checkshu":"1","checkfields":null,"pid":"0","optid":"0","optname":null,"receid":null,"recename":null,"iszf":"0","isqm":"0","coursetype":"0","zshtime":"0","zshstate":"1","zbrangeame":null,"zbrangeid":null,"smlx":"0","wjlx":"0","isxgfj":"0"},{"id":"17","mid":"16","nid":"0","setid":"27","name":"\u4ed8\u6b3e\u786e\u8ba4","num":null,"checktype":"apply","checktypeid":null,"checktypename":null,"sort":"0","whereid":"0","where":null,"explain":null,"optdt":"2016-09-03 15:32:25","status":"1","courseact":null,"checkshu":"1","checkfields":null,"pid":"0","optid":"0","optname":null,"receid":null,"recename":null,"iszf":"0","isqm":"0","coursetype":"0","zshtime":"0","zshstate":"1","zbrangeame":null,"zbrangeid":null,"smlx":"0","wjlx":"0","isxgfj":"0"},{"id":"18","mid":"17","nid":"0","setid":"27","name":"\u786e\u8ba4\u6536\u6b3e","num":null,"checktype":"rank","checktypeid":null,"checktypename":"\u8d22\u52a1\u603b\u76d1","sort":"0","whereid":"0","where":null,"explain":null,"optdt":"2016-09-03 15:33:23","status":"1","courseact":null,"checkshu":"1","checkfields":null,"pid":"0","optid":"0","optname":null,"receid":null,"recename":null,"iszf":"0","isqm":"0","coursetype":"0","zshtime":"0","zshstate":"1","zbrangeame":null,"zbrangeid":null,"smlx":"0","wjlx":"0","isxgfj":"0"},{"id":"19","mid":"0","nid":"0","setid":"28","name":"\u4e0a\u7ea7\u5ba1\u6279","num":null,"checktype":"super","checktypeid":null,"checktypename":null,"sort":"0","whereid":"0","where":null,"explain":null,"optdt":"2017-02-08 14:39:04","status":"1","courseact":null,"checkshu":"1","checkfields":null,"pid":"0","optid":"0","optname":null,"receid":null,"recename":null,"iszf":"0","isqm":"0","coursetype":"0","zshtime":"0","zshstate":"1","zbrangeame":null,"zbrangeid":null,"smlx":"0","wjlx":"0","isxgfj":"0"},{"id":"20","mid":"19","nid":"0","setid":"28","name":"\u884c\u653f\u5ba1\u6279","num":null,"checktype":"cname","checktypeid":"group1","checktypename":"\u5ba1\u6838\u4eba\u5458\u5206\u7ec41","sort":"0","whereid":"0","where":null,"explain":null,"optdt":"2018-07-28 22:05:34","status":"1","courseact":null,"checkshu":"0","checkfields":null,"pid":"0","optid":"0","optname":null,"receid":null,"recename":null,"iszf":"0","isqm":"0","coursetype":null,"zshtime":"0","zshstate":"1","zbrangeame":null,"zbrangeid":null,"smlx":"0","wjlx":"0","isxgfj":"0"},{"id":"21","mid":"0","nid":"0","setid":"19","name":"\u4e0a\u7ea7\u590d\u641e","num":null,"checktype":"super","checktypeid":null,"checktypename":null,"sort":"0","whereid":"0","where":null,"explain":null,"optdt":"2019-04-10 20:17:46","status":"1","courseact":null,"checkshu":"1","checkfields":null,"pid":"0","optid":"0","optname":null,"receid":null,"recename":null,"iszf":"1","isqm":"2","coursetype":null,"zshtime":"0","zshstate":"1","zbrangeame":"\u5c0f\u4e54,\u8c82\u8749","zbrangeid":"u3,u2","smlx":"0","wjlx":"0","isxgfj":"1"},{"id":"22","mid":"21","nid":"0","setid":"19","name":"\u4e3b\u8981\u9886\u5bfc\u4f1a\u7b7e","num":null,"checktype":"rank","checktypeid":null,"checktypename":"\u5206\u7ba1\u9886\u5bfc","sort":"0","whereid":"0","where":null,"explain":null,"optdt":"2019-04-10 20:43:05","status":"1","courseact":null,"checkshu":"0","checkfields":null,"pid":"0","optid":"0","optname":null,"receid":null,"recename":null,"iszf":"0","isqm":"2","coursetype":null,"zshtime":"0","zshstate":"1","zbrangeame":null,"zbrangeid":null,"smlx":"0","wjlx":"0","isxgfj":"0"},{"id":"23","mid":"22","nid":"0","setid":"19","name":"\u9886\u5bfc\u7b7e\u53d1","num":null,"checktype":"change","checktypeid":null,"checktypename":null,"sort":"0","whereid":"0","where":null,"explain":null,"optdt":"2019-04-10 20:43:13","status":"1","courseact":null,"checkshu":"0","checkfields":null,"pid":"0","optid":"0","optname":null,"receid":null,"recename":null,"iszf":"0","isqm":"0","coursetype":null,"zshtime":"0","zshstate":"1","zbrangeame":null,"zbrangeid":null,"smlx":"0","wjlx":"0","isxgfj":"1"},{"id":"24","mid":"0","nid":"0","setid":"20","name":"\u4e0a\u7ea7\u5ba1\u6279","num":null,"checktype":"super","checktypeid":null,"checktypename":null,"sort":"0","whereid":"0","where":null,"explain":null,"optdt":"2017-10-24 10:07:45","status":"1","courseact":null,"checkshu":"1","checkfields":null,"pid":"0","optid":"0","optname":null,"receid":null,"recename":null,"iszf":"0","isqm":"0","coursetype":"0","zshtime":"0","zshstate":"1","zbrangeame":null,"zbrangeid":null,"smlx":"0","wjlx":"0","isxgfj":"0"},{"id":"25","mid":"24","nid":"0","setid":"20","name":"\u4e3b\u8981\u9886\u5bfc\u4f1a\u7b7e","num":null,"checktype":"change","checktypeid":null,"checktypename":null,"sort":"0","whereid":"0","where":null,"explain":null,"optdt":"2019-04-22 19:17:16","status":"1","courseact":null,"checkshu":"0","checkfields":null,"pid":"0","optid":"0","optname":null,"receid":null,"recename":null,"iszf":"0","isqm":"0","coursetype":null,"zshtime":"0","zshstate":"1","zbrangeame":null,"zbrangeid":null,"smlx":"0","wjlx":"0","isxgfj":"0"},{"id":"26","mid":"25","nid":"0","setid":"20","name":"\u9886\u5bfc\u7b7e\u53d1","num":null,"checktype":"change","checktypeid":null,"checktypename":null,"sort":"0","whereid":"0","where":null,"explain":null,"optdt":"2019-04-22 19:17:22","status":"1","courseact":null,"checkshu":"0","checkfields":null,"pid":"0","optid":"0","optname":null,"receid":null,"recename":null,"iszf":"0","isqm":"0","coursetype":null,"zshtime":"0","zshstate":"1","zbrangeame":null,"zbrangeid":null,"smlx":"0","wjlx":"0","isxgfj":"0"},{"id":"27","mid":"0","nid":"0","setid":"32","name":"\u4e0a\u7ea7\u5ba1\u6279","num":null,"checktype":"super","checktypeid":null,"checktypename":null,"sort":"0","whereid":"0","where":null,"explain":null,"optdt":"2016-10-06 20:43:27","status":"1","courseact":null,"checkshu":"1","checkfields":null,"pid":"0","optid":"0","optname":null,"receid":null,"recename":null,"iszf":"0","isqm":"0","coursetype":"0","zshtime":"0","zshstate":"1","zbrangeame":null,"zbrangeid":null,"smlx":"0","wjlx":"0","isxgfj":"0"},{"id":"28","mid":"27","nid":"0","setid":"32","name":"\u4eba\u4e8b\u5ba1\u6279","num":null,"checktype":"rank","checktypeid":null,"checktypename":"\u4eba\u4e8b\u4e3b\u7ba1","sort":"0","whereid":"0","where":null,"explain":null,"optdt":"2016-10-07 10:24:03","status":"1","courseact":null,"checkshu":"1","checkfields":null,"pid":"0","optid":"0","optname":null,"receid":null,"recename":null,"iszf":"0","isqm":"0","coursetype":"0","zshtime":"0","zshstate":"1","zbrangeame":null,"zbrangeid":null,"smlx":"0","wjlx":"0","isxgfj":"0"},{"id":"29","mid":"0","nid":"0","setid":"33","name":"\u4e0a\u7ea7\u5ba1\u6279","num":null,"checktype":"super","checktypeid":null,"checktypename":null,"sort":"0","whereid":"0","where":null,"explain":null,"optdt":"2016-10-07 11:41:01","status":"1","courseact":null,"checkshu":"1","checkfields":null,"pid":"0","optid":"0","optname":null,"receid":null,"recename":null,"iszf":"0","isqm":"0","coursetype":"0","zshtime":"0","zshstate":"1","zbrangeame":null,"zbrangeid":null,"smlx":"0","wjlx":"0","isxgfj":"0"},{"id":"30","mid":"29","nid":"0","setid":"33","name":"\u4eba\u4e8b\u5ba1\u6279","num":null,"checktype":"rank","checktypeid":null,"checktypename":"\u4eba\u4e8b\u4e3b\u7ba1","sort":"0","whereid":"0","where":null,"explain":null,"optdt":"2016-10-07 11:41:17","status":"1","courseact":null,"checkshu":"1","checkfields":null,"pid":"0","optid":"0","optname":null,"receid":null,"recename":null,"iszf":"0","isqm":"0","coursetype":"0","zshtime":"0","zshstate":"1","zbrangeame":null,"zbrangeid":null,"smlx":"0","wjlx":"0","isxgfj":"0"},{"id":"31","mid":"0","nid":"0","setid":"34","name":"\u4eba\u4e8b\u5ba1\u6838","num":null,"checktype":"rank","checktypeid":null,"checktypename":"\u4eba\u4e8b\u4e3b\u7ba1","sort":"0","whereid":"0","where":null,"explain":null,"optdt":"2016-10-07 19:24:54","status":"1","courseact":null,"checkshu":"1","checkfields":null,"pid":"0","optid":"0","optname":null,"receid":null,"recename":null,"iszf":"0","isqm":"0","coursetype":"0","zshtime":"0","zshstate":"1","zbrangeame":null,"zbrangeid":null,"smlx":"0","wjlx":"0","isxgfj":"0"},{"id":"32","mid":"0","nid":"0","setid":"38","name":"\u4eba\u4e8b\u5ba1\u6279","num":null,"checktype":"rank","checktypeid":null,"checktypename":"\u4eba\u4e8b\u4e3b\u7ba1","sort":"0","whereid":"0","where":null,"explain":null,"optdt":"2016-10-19 21:48:34","status":"1","courseact":null,"checkshu":"1","checkfields":null,"pid":"0","optid":"0","optname":null,"receid":null,"recename":null,"iszf":"0","isqm":"0","coursetype":"0","zshtime":"0","zshstate":"1","zbrangeame":null,"zbrangeid":null,"smlx":"0","wjlx":"0","isxgfj":"0"},{"id":"33","mid":"0","nid":"0","setid":"37","name":"\u4e0a\u7ea7\u5ba1\u6279","num":null,"checktype":"super","checktypeid":null,"checktypename":null,"sort":"0","whereid":"0","where":null,"explain":null,"optdt":"2019-04-06 22:37:58","status":"1","courseact":null,"checkshu":"1","checkfields":null,"pid":"0","optid":"0","optname":null,"receid":null,"recename":null,"iszf":"0","isqm":"0","coursetype":null,"zshtime":"0","zshstate":"1","zbrangeame":null,"zbrangeid":null,"smlx":"0","wjlx":"0","isxgfj":"0"},{"id":"34","mid":"33","nid":"0","setid":"37","name":"\u4eba\u4e8b\u5ba1\u6279","num":null,"checktype":"rank","checktypeid":null,"checktypename":"\u4eba\u4e8b\u4e3b\u7ba1","sort":"0","whereid":"0","where":null,"explain":null,"optdt":"2019-04-06 22:38:02","status":"1","courseact":null,"checkshu":"1","checkfields":null,"pid":"0","optid":"0","optname":null,"receid":null,"recename":null,"iszf":"2","isqm":"0","coursetype":null,"zshtime":"0","zshstate":"1","zbrangeame":null,"zbrangeid":null,"smlx":"0","wjlx":"0","isxgfj":"0"},{"id":"35","mid":"0","nid":"0","setid":"39","name":"\u5f53\u4e8b\u4eba\u786e\u8ba4","num":"objectque","checktype":"auto","checktypeid":null,"checktypename":null,"sort":"0","whereid":"0","where":null,"explain":null,"optdt":"2016-10-20 20:52:15","status":"1","courseact":"\u65e0\u5f02\u8bae,\u4e0d\u8ba4\u53ef","checkshu":"1","checkfields":null,"pid":"0","optid":"0","optname":null,"receid":null,"recename":null,"iszf":"0","isqm":"0","coursetype":"0","zshtime":"0","zshstate":"1","zbrangeame":null,"zbrangeid":null,"smlx":"0","wjlx":"0","isxgfj":"0"},{"id":"36","mid":"35","nid":"0","setid":"39","name":"\u4eba\u4e8b\u5ba1\u6279","num":null,"checktype":"rank","checktypeid":null,"checktypename":"\u4eba\u4e8b\u4e3b\u7ba1","sort":"0","whereid":"0","where":null,"explain":null,"optdt":"2016-10-20 20:53:10","status":"1","courseact":null,"checkshu":"1","checkfields":null,"pid":"0","optid":"0","optname":null,"receid":null,"recename":null,"iszf":"0","isqm":"0","coursetype":"0","zshtime":"0","zshstate":"1","zbrangeame":null,"zbrangeid":null,"smlx":"0","wjlx":"0","isxgfj":"0"},{"id":"37","mid":"0","nid":"0","setid":"44","name":"\u4e0a\u7ea7\u5ba1\u6279","num":null,"checktype":"super","checktypeid":null,"checktypename":null,"sort":"0","whereid":"0","where":null,"explain":null,"optdt":"2016-10-28 11:29:50","status":"1","courseact":null,"checkshu":"1","checkfields":null,"pid":"0","optid":"0","optname":null,"receid":null,"recename":null,"iszf":"0","isqm":"0","coursetype":"0","zshtime":"0","zshstate":"1","zbrangeame":null,"zbrangeid":null,"smlx":"0","wjlx":"0","isxgfj":"0"},{"id":"38","mid":"37","nid":"0","setid":"44","name":"\u884c\u653f\u786e\u8ba4","num":null,"checktype":"user","checktypeid":"3","checktypename":"\u5c0f\u4e54","sort":"0","whereid":"0","where":null,"explain":null,"optdt":"2017-08-25 20:03:02","status":"1","courseact":null,"checkshu":"1","checkfields":"kmstart,carid,carnum","pid":"0","optid":"0","optname":null,"receid":null,"recename":null,"iszf":"0","isqm":"0","coursetype":"0","zshtime":"0","zshstate":"1","zbrangeame":null,"zbrangeid":null,"smlx":"0","wjlx":"0","isxgfj":"0"},{"id":"39","mid":"0","nid":"0","setid":"46","name":"\u884c\u653f\u786e\u8ba4","num":null,"checktype":"user","checktypeid":"3","checktypename":"\u5c0f\u4e54","sort":"0","whereid":"0","where":null,"explain":null,"optdt":"2018-11-06 20:58:16","status":"1","courseact":null,"checkshu":"1","checkfields":null,"pid":"0","optid":"0","optname":null,"receid":null,"recename":null,"iszf":"0","isqm":"0","coursetype":null,"zshtime":"0","zshstate":"1","zbrangeame":null,"zbrangeid":null,"smlx":"0","wjlx":"0","isxgfj":"0"},{"id":"40","mid":"39","nid":"0","setid":"46","name":"\u501f\u9605\u4eba\u5f52\u8fd4","num":null,"checktype":"apply","checktypeid":null,"checktypename":null,"sort":"0","whereid":"0","where":null,"explain":null,"optdt":"2016-10-29 22:26:13","status":"1","courseact":"\u786e\u8ba4\u5f52\u8fd8","checkshu":"1","checkfields":"ghtime","pid":"0","optid":"0","optname":null,"receid":null,"recename":null,"iszf":"0","isqm":"0","coursetype":"0","zshtime":"0","zshstate":"1","zbrangeame":null,"zbrangeid":null,"smlx":"0","wjlx":"0","isxgfj":"0"},{"id":"41","mid":"0","nid":"0","setid":"49","name":"\u4e0a\u7ea7\u5ba1\u6279","num":null,"checktype":"super","checktypeid":null,"checktypename":null,"sort":"0","whereid":"0","where":null,"explain":null,"optdt":"2016-12-08 21:32:07","status":"1","courseact":null,"checkshu":"1","checkfields":null,"pid":"0","optid":"0","optname":null,"receid":null,"recename":null,"iszf":"0","isqm":"0","coursetype":"0","zshtime":"0","zshstate":"1","zbrangeame":null,"zbrangeid":null,"smlx":"0","wjlx":"0","isxgfj":"0"},{"id":"42","mid":"41","nid":"0","setid":"49","name":"\u4fdd\u7ba1\u4eba\u786e\u8ba4","num":"bgque","checktype":"auto","checktypeid":null,"checktypename":null,"sort":"0","whereid":"0","where":null,"explain":null,"optdt":"2019-04-19 18:22:12","status":"1","courseact":null,"checkshu":"0","checkfields":null,"pid":"0","optid":"0","optname":null,"receid":null,"recename":null,"iszf":"0","isqm":"0","coursetype":null,"zshtime":"0","zshstate":"1","zbrangeame":null,"zbrangeid":null,"smlx":"0","wjlx":"0","isxgfj":"0"},{"id":"43","mid":"42","nid":"0","setid":"49","name":"\u7533\u8bf7\u4eba\u786e\u8ba4","num":null,"checktype":"apply","checktypeid":null,"checktypename":null,"sort":"0","whereid":"0","where":null,"explain":null,"optdt":"2016-12-08 21:56:33","status":"1","courseact":"\u5df2\u76d6\u7ae0,\u653e\u5f03\u76d6\u7ae0","checkshu":"1","checkfields":null,"pid":"0","optid":"0","optname":null,"receid":null,"recename":null,"iszf":"0","isqm":"0","coursetype":"0","zshtime":"0","zshstate":"1","zbrangeame":null,"zbrangeid":null,"smlx":"0","wjlx":"0","isxgfj":"0"},{"id":"44","mid":"0","nid":"0","setid":"51","name":"\u4e0a\u7ea7\u5ba1\u6838","num":null,"checktype":"super","checktypeid":null,"checktypename":null,"sort":"0","whereid":"0","where":null,"explain":null,"optdt":"2016-12-16 18:02:01","status":"1","courseact":null,"checkshu":"1","checkfields":null,"pid":"0","optid":"0","optname":null,"receid":null,"recename":null,"iszf":"0","isqm":"0","coursetype":"0","zshtime":"0","zshstate":"1","zbrangeame":null,"zbrangeid":null,"smlx":"0","wjlx":"0","isxgfj":"0"},{"id":"45","mid":"44","nid":"0","setid":"51","name":"\u4eba\u4e8b\u786e\u8ba4","num":null,"checktype":"rank","checktypeid":null,"checktypename":"\u4eba\u4e8b\u4e3b\u7ba1","sort":"0","whereid":"0","where":null,"explain":null,"optdt":"2016-12-16 18:02:21","status":"1","courseact":null,"checkshu":"1","checkfields":null,"pid":"0","optid":"0","optname":null,"receid":null,"recename":null,"iszf":"0","isqm":"0","coursetype":"0","zshtime":"0","zshstate":"1","zbrangeame":null,"zbrangeid":null,"smlx":"0","wjlx":"0","isxgfj":"0"},{"id":"46","mid":"0","nid":"0","setid":"52","name":"\u4e0a\u7ea7\u5ba1\u6838","num":null,"checktype":"super","checktypeid":null,"checktypename":null,"sort":"0","whereid":"0","where":null,"explain":null,"optdt":"2016-12-19 09:58:39","status":"1","courseact":null,"checkshu":"1","checkfields":null,"pid":"0","optid":"0","optname":null,"receid":null,"recename":null,"iszf":"0","isqm":"0","coursetype":"0","zshtime":"0","zshstate":"1","zbrangeame":null,"zbrangeid":null,"smlx":"0","wjlx":"0","isxgfj":"0"},{"id":"47","mid":"0","nid":"0","setid":"24","name":"\u884c\u653f\u786e\u8ba4","num":null,"checktype":"rank","checktypeid":null,"checktypename":"\u4eba\u4e8b\u4e3b\u7ba1","sort":"1","whereid":"0","where":null,"explain":null,"optdt":"2017-09-26 10:20:04","status":"1","courseact":null,"checkshu":"1","checkfields":null,"pid":"0","optid":"0","optname":null,"receid":"d3,d4","recename":"\u8d22\u52a1\u90e8,\u884c\u653f\u4eba\u4e8b\u90e8","iszf":"0","isqm":"0","coursetype":"0","zshtime":"0","zshstate":"1","zbrangeame":null,"zbrangeid":null,"smlx":"0","wjlx":"0","isxgfj":"0"},{"id":"48","mid":"47","nid":"0","setid":"24","name":"\u884c\u653f\u53d1\u653e","num":null,"checktype":"user","checktypeid":"3","checktypename":"\u5c0f\u4e54","sort":"1","whereid":"0","where":null,"explain":null,"optdt":"2017-08-09 16:58:39","status":"1","courseact":"\u53d1\u653e,\u9a73\u56de|red","checkshu":"1","checkfields":null,"pid":"0","optid":"0","optname":null,"receid":"u3","recename":"\u5c0f\u4e54","iszf":"0","isqm":"0","coursetype":"0","zshtime":"0","zshstate":"1","zbrangeame":null,"zbrangeid":null,"smlx":"0","wjlx":"0","isxgfj":"0"},{"id":"50","mid":"38","nid":"0","setid":"44","name":"\u9a7e\u9a76\u5458\u5f52\u8fd8","num":"jias","checktype":"auto","checktypeid":null,"checktypename":null,"sort":"0","whereid":"0","where":null,"explain":null,"optdt":"2017-03-01 14:58:11","status":"1","courseact":"\u5df2\u5f52\u8fd8","checkshu":"1","checkfields":"kmend,returndt","pid":"0","optid":"0","optname":null,"receid":null,"recename":null,"iszf":"0","isqm":"0","coursetype":"0","zshtime":"0","zshstate":"1","zbrangeame":null,"zbrangeid":null,"smlx":"0","wjlx":"0","isxgfj":"0"},{"id":"51","mid":"0","nid":"52","setid":"4","name":"\u4efb\u52a1\u5206\u914d","num":null,"checktype":"super","checktypeid":null,"checktypename":null,"sort":"0","whereid":"4","where":null,"explain":"\u672a\u5206\u914d\u65f6","optdt":"2018-07-06 16:14:45","status":"1","courseact":"\u540c\u610f\u5206\u914d|green|3,\u4e0d\u901a\u8fc7|red","checkshu":"1","checkfields":"dist","pid":"0","optid":"0","optname":null,"receid":null,"recename":null,"iszf":"0","isqm":"0","coursetype":null,"zshtime":"0","zshstate":"1","zbrangeame":null,"zbrangeid":null,"smlx":"0","wjlx":"0","isxgfj":"0"},{"id":"52","mid":"0","nid":"0","setid":"4","name":"\u6267\u884c\u4eba\u6267\u884c","num":"run","checktype":"auto","checktypeid":null,"checktypename":null,"sort":"0","whereid":"0","where":null,"explain":"\u5df2\u5206\u914d","optdt":"2017-08-12 16:16:16","status":"1","courseact":"\u5df2\u5b8c\u6210||6,\u65e0\u6cd5\u5b8c\u6210|red,\u6267\u884c\u4e2d||4","checkshu":"1","checkfields":null,"pid":"0","optid":"0","optname":null,"receid":null,"recename":null,"iszf":"1","isqm":"0","coursetype":"0","zshtime":"0","zshstate":"1","zbrangeame":null,"zbrangeid":null,"smlx":"0","wjlx":"0","isxgfj":"0"},{"id":"53","mid":"52","nid":"0","setid":"4","name":"\u63d0\u4ea4\u4eba\u9a8c\u8bc1","num":null,"checktype":"opt","checktypeid":null,"checktypename":null,"sort":"0","whereid":"0","where":null,"explain":null,"optdt":"2017-08-15 17:46:47","status":"1","courseact":null,"checkshu":"1","checkfields":null,"pid":"0","optid":"0","optname":null,"receid":null,"recename":null,"iszf":"0","isqm":"0","coursetype":"0","zshtime":"0","zshstate":"1","zbrangeame":null,"zbrangeid":null,"smlx":"0","wjlx":"0","isxgfj":"0"},{"id":"55","mid":"0","nid":"0","setid":"59","name":"\u884c\u653f\u786e\u8ba4","num":null,"checktype":"rank","checktypeid":null,"checktypename":"\u4eba\u4e8b\u4e3b\u7ba1","sort":"0","whereid":"0","where":null,"explain":null,"optdt":"2017-06-26 21:26:30","status":"1","courseact":null,"checkshu":"1","checkfields":null,"pid":"0","optid":"0","optname":null,"receid":null,"recename":null,"iszf":"0","isqm":"0","coursetype":"0","zshtime":"0","zshstate":"1","zbrangeame":null,"zbrangeid":null,"smlx":"0","wjlx":"0","isxgfj":"0"},{"id":"56","mid":"0","nid":"0","setid":"60","name":"\u884c\u653f\u786e\u8ba4","num":null,"checktype":"rank","checktypeid":null,"checktypename":"\u4eba\u4e8b\u4e3b\u7ba1","sort":"0","whereid":"0","where":null,"explain":null,"optdt":"2017-06-27 13:03:25","status":"1","courseact":null,"checkshu":"1","checkfields":null,"pid":"0","optid":"0","optname":null,"receid":null,"recename":null,"iszf":"0","isqm":"0","coursetype":"0","zshtime":"0","zshstate":"1","zbrangeame":null,"zbrangeid":null,"smlx":"0","wjlx":"0","isxgfj":"0"},{"id":"57","mid":"56","nid":"0","setid":"60","name":"\u9a7e\u9a76\u5458\u5904\u7406","num":"jia","checktype":"auto","checktypeid":null,"checktypename":null,"sort":"0","whereid":"0","where":null,"explain":null,"optdt":"2017-06-27 13:04:24","status":"1","courseact":null,"checkshu":"1","checkfields":"address,bujian,kmshu","pid":"0","optid":"0","optname":null,"receid":null,"recename":null,"iszf":"0","isqm":"0","coursetype":"0","zshtime":"0","zshstate":"1","zbrangeame":null,"zbrangeid":null,"smlx":"0","wjlx":"0","isxgfj":"0"},{"id":"58","mid":"57","nid":"0","setid":"60","name":"\u9a7e\u9a76\u5458\u53d6\u8f66","num":"jia","checktype":"auto","checktypeid":null,"checktypename":null,"sort":"0","whereid":"0","where":null,"explain":null,"optdt":"2017-06-27 13:05:41","status":"1","courseact":null,"checkshu":"1","checkfields":"nextdt,kmnshu,enddt,money","pid":"0","optid":"0","optname":null,"receid":null,"recename":null,"iszf":"0","isqm":"0","coursetype":"0","zshtime":"0","zshstate":"1","zbrangeame":null,"zbrangeid":null,"smlx":"0","wjlx":"0","isxgfj":"0"},{"id":"59","mid":"3","nid":"0","setid":"6","name":"\u6838\u7b97\u52a0\u73ed\u8d39","num":null,"checktype":"rank","checktypeid":null,"checktypename":"\u4eba\u4e8b\u4e3b\u7ba1","sort":"0","whereid":"129","where":null,"explain":null,"optdt":"2017-06-29 10:05:49","status":"1","courseact":null,"checkshu":"1","checkfields":"jiafee","pid":"0","optid":"0","optname":null,"receid":null,"recename":null,"iszf":"0","isqm":"0","coursetype":"0","zshtime":"0","zshstate":"1","zbrangeame":null,"zbrangeid":null,"smlx":"0","wjlx":"0","isxgfj":"0"},{"id":"60","mid":"0","nid":"0","setid":"62","name":"\u884c\u653f\u4eba\u5458\u68c0\u67e5","num":null,"checktype":"user","checktypeid":"4","checktypename":"\u5927\u4e54","sort":"0","whereid":"0","where":null,"explain":null,"optdt":"2017-07-07 13:16:02","status":"1","courseact":"\u786e\u8ba4","checkshu":"1","checkfields":"iswx,reasons,money,wxname","pid":"0","optid":"0","optname":null,"receid":null,"recename":null,"iszf":"0","isqm":"0","coursetype":"0","zshtime":"0","zshstate":"1","zbrangeame":null,"zbrangeid":null,"smlx":"0","wjlx":"0","isxgfj":"0"},{"id":"61","mid":"60","nid":"0","setid":"62","name":"\u5916\u4fee\u786e\u8ba4","num":null,"checktype":"user","checktypeid":"4","checktypename":"\u5927\u4e54","sort":"0","whereid":"140","where":null,"explain":null,"optdt":"2017-07-07 13:36:48","status":"1","courseact":null,"checkshu":"1","checkfields":"money,wxname","pid":"0","optid":"0","optname":null,"receid":null,"recename":null,"iszf":"0","isqm":"0","coursetype":"0","zshtime":"0","zshstate":"1","zbrangeame":null,"zbrangeid":null,"smlx":"0","wjlx":"0","isxgfj":"0"},{"id":"62","mid":"0","nid":"0","setid":"64","name":"\u4e0a\u7ea7\u5ba1\u6279","num":null,"checktype":"super","checktypeid":null,"checktypename":null,"sort":"0","whereid":"0","where":null,"explain":null,"optdt":"2017-08-07 20:21:47","status":"1","courseact":null,"checkshu":"1","checkfields":null,"pid":"0","optid":"0","optname":null,"receid":null,"recename":null,"iszf":"0","isqm":"0","coursetype":"0","zshtime":"0","zshstate":"1","zbrangeame":null,"zbrangeid":null,"smlx":"0","wjlx":"0","isxgfj":"0"},{"id":"63","mid":"62","nid":"0","setid":"64","name":"\u51fa\u7eb3\u4ed8\u6b3e","num":null,"checktype":"rank","checktypeid":null,"checktypename":"\u51fa\u7eb3","sort":"0","whereid":"0","where":null,"explain":null,"optdt":"2017-10-09 15:32:23","status":"1","courseact":"\u5df2\u4ed8\u6b3e","checkshu":"1","checkfields":null,"pid":"0","optid":"0","optname":null,"receid":null,"recename":null,"iszf":"0","isqm":"0","coursetype":"0","zshtime":"0","zshstate":"1","zbrangeame":null,"zbrangeid":null,"smlx":"0","wjlx":"0","isxgfj":"0"},{"id":"64","mid":"0","nid":"0","setid":"65","name":"\u4e0a\u7ea7\u5ba1\u6279","num":null,"checktype":"super","checktypeid":null,"checktypename":null,"sort":"0","whereid":"0","where":null,"explain":null,"optdt":"2017-08-07 21:11:40","status":"1","courseact":null,"checkshu":"1","checkfields":null,"pid":"0","optid":"0","optname":null,"receid":null,"recename":null,"iszf":"0","isqm":"0","coursetype":"0","zshtime":"0","zshstate":"1","zbrangeame":null,"zbrangeid":null,"smlx":"0","wjlx":"0","isxgfj":"0"},{"id":"65","mid":"64","nid":"0","setid":"65","name":"\u8d22\u52a1\u5ba1\u6279","num":null,"checktype":"rank","checktypeid":null,"checktypename":"\u8d22\u52a1\u603b\u76d1","sort":"0","whereid":"0","where":null,"explain":null,"optdt":"2017-08-07 21:11:58","status":"0","courseact":null,"checkshu":"1","checkfields":null,"pid":"0","optid":"0","optname":null,"receid":null,"recename":null,"iszf":"0","isqm":"0","coursetype":"0","zshtime":"0","zshstate":"1","zbrangeame":null,"zbrangeid":null,"smlx":"0","wjlx":"0","isxgfj":"0"},{"id":"66","mid":"65","nid":"0","setid":"65","name":"\u4f1a\u8ba1\u5f00\u7968","num":null,"checktype":"rank","checktypeid":null,"checktypename":"\u51fa\u7eb3","sort":"0","whereid":"0","where":null,"explain":null,"optdt":"2017-08-07 21:12:24","status":"0","courseact":"\u5df2\u5f00\u7968","checkshu":"1","checkfields":null,"pid":"0","optid":"0","optname":null,"receid":null,"recename":null,"iszf":"0","isqm":"0","coursetype":"0","zshtime":"0","zshstate":"1","zbrangeame":null,"zbrangeid":null,"smlx":"0","wjlx":"0","isxgfj":"0"},{"id":"71","mid":"0","nid":"0","setid":"72","name":"\u4e0a\u7ea7\u5ba1\u6279","num":null,"checktype":"super","checktypeid":null,"checktypename":null,"sort":"0","whereid":"0","where":null,"explain":null,"optdt":"2019-08-15 21:08:25","status":"1","courseact":null,"checkshu":"1","checkfields":"tanxuan|tanxuancheck","pid":"0","optid":"0","optname":null,"receid":null,"recename":null,"iszf":"0","isqm":"0","coursetype":null,"zshtime":"0","zshstate":"1","zbrangeame":null,"zbrangeid":null,"smlx":"0","wjlx":"0","isxgfj":"0"},{"id":"72","mid":"0","nid":"0","setid":"76","name":"\u4e0a\u7ea7\u5ba1\u6279","num":null,"checktype":"super","checktypeid":null,"checktypename":null,"sort":"0","whereid":"0","where":null,"explain":null,"optdt":"2017-12-28 14:12:41","status":"1","courseact":null,"checkshu":"1","checkfields":null,"pid":"0","optid":"0","optname":null,"receid":null,"recename":null,"iszf":"0","isqm":"0","coursetype":"0","zshtime":"0","zshstate":"1","zbrangeame":null,"zbrangeid":null,"smlx":"0","wjlx":"0","isxgfj":"0"},{"id":"73","mid":"0","nid":"0","setid":"77","name":"\u4e0a\u7ea7\u5ba1\u6279","num":null,"checktype":"change","checktypeid":"u87,u85,u86","checktypename":"\u611f\u6069\u80a1\u4e1c,\u611f\u6069\u8d22\u52a1,\u611f\u6069\u9500\u552e","sort":"0","whereid":"0","where":null,"explain":null,"optdt":"2020-01-13 21:41:37","status":"1","courseact":null,"checkshu":"1","checkfields":null,"pid":"0","optid":"0","optname":null,"receid":null,"recename":null,"iszf":"0","isqm":"0","coursetype":null,"zshtime":"0","zshstate":"1","zbrangeame":null,"zbrangeid":null,"smlx":"0","wjlx":"0","isxgfj":"0"},{"id":"74","mid":"0","nid":"0","setid":"78","name":"\u4eba\u4e8b\u5ba1\u6838","num":null,"checktype":"rank","checktypeid":null,"checktypename":"\u4eba\u4e8b\u4e3b\u7ba1","sort":"0","whereid":"0","where":null,"explain":null,"optdt":"2018-04-18 19:41:00","status":"1","courseact":null,"checkshu":"1","checkfields":null,"pid":"0","optid":"0","optname":null,"receid":null,"recename":null,"iszf":"0","isqm":"0","coursetype":"0","zshtime":"0","zshstate":"1","zbrangeame":null,"zbrangeid":null,"smlx":"0","wjlx":"0","isxgfj":"0"},{"id":"75","mid":"0","nid":"0","setid":"79","name":"\u9762\u8bd5\u4eba\u786e\u8ba4","num":"msque","checktype":"field","checktypeid":"msuserid","checktypename":"\u9762\u8bd5\u4eba\u5458(msuserid)","sort":"0","whereid":"0","where":null,"explain":null,"optdt":"2018-04-18 22:35:24","status":"1","courseact":"\u53ef\u4ee5\u9762\u8bd5,\u4e0d\u9002\u5408","checkshu":"1","checkfields":null,"pid":"0","optid":"0","optname":null,"receid":null,"recename":null,"iszf":"0","isqm":"0","coursetype":"0","zshtime":"0","zshstate":"1","zbrangeame":null,"zbrangeid":null,"smlx":"0","wjlx":"0","isxgfj":"0"},{"id":"76","mid":"75","nid":"0","setid":"79","name":"\u9762\u8bd5\u7ed3\u679c","num":null,"checktype":"field","checktypeid":"msuserid","checktypename":"\u9762\u8bd5\u4eba\u5458(msuserid)","sort":"0","whereid":"0","where":null,"explain":null,"optdt":"2018-04-18 21:34:30","status":"1","courseact":"\u9762\u8bd5\u8bb0\u5f55","checkshu":"1","checkfields":"state,mscont","pid":"0","optid":"0","optname":null,"receid":null,"recename":null,"iszf":"0","isqm":"0","coursetype":"0","zshtime":"0","zshstate":"1","zbrangeame":null,"zbrangeid":null,"smlx":"0","wjlx":"0","isxgfj":"0"},{"id":"77","mid":"76","nid":"0","setid":"79","name":"\u5b89\u6392\u4eba\u786e\u8ba4","num":null,"checktype":"apply","checktypeid":null,"checktypename":null,"sort":"0","whereid":"0","where":null,"explain":null,"optdt":"2018-04-18 23:03:09","status":"1","courseact":null,"checkshu":"1","checkfields":null,"pid":"0","optid":"0","optname":null,"receid":null,"recename":null,"iszf":"0","isqm":"0","coursetype":"0","zshtime":"0","zshstate":"1","zbrangeame":null,"zbrangeid":null,"smlx":"0","wjlx":"0","isxgfj":"0"},{"id":"78","mid":"71","nid":"0","setid":"72","name":"\u4eba\u4e8b\u5ba1\u6279","num":"rsnum","checktype":"user","checktypeid":"2","checktypename":"\u8c82\u8749","sort":"0","whereid":"0","where":null,"explain":null,"optdt":"2019-04-24 16:14:43","status":"1","courseact":null,"checkshu":"1","checkfields":null,"pid":"0","optid":"0","optname":null,"receid":null,"recename":null,"iszf":"1","isqm":"1","coursetype":null,"zshtime":"0","zshstate":"1","zbrangeame":"\u7cfb\u7edf\u7ba1\u7406\u5458","zbrangeid":"u5","smlx":"0","wjlx":"0","isxgfj":"0"},{"id":"79","mid":"78","nid":"0","setid":"72","name":"\u8d22\u52a1\u5ba1\u6279","num":"cwnum","checktype":"change","checktypeid":"g3","checktypename":"\u90e8\u95e8\u8d1f\u8d23\u4eba","sort":"0","whereid":"0","where":null,"explain":null,"optdt":"2019-04-24 19:48:07","status":"1","courseact":null,"checkshu":"1","checkfields":null,"pid":"0","optid":"0","optname":null,"receid":null,"recename":null,"iszf":"1","isqm":"0","coursetype":null,"zshtime":"0","zshstate":"1","zbrangeame":"\u672c\u90e8\u95e8(\u542b\u4e0b\u7ea7\u90e8\u95e8)","zbrangeid":"deptall","smlx":"0","wjlx":"0","isxgfj":"0"},{"id":"82","mid":"79","nid":"0","setid":"72","name":"\u6700\u540e\u786e\u8ba4","num":"queren","checktype":"apply","checktypeid":null,"checktypename":null,"sort":"0","whereid":"0","where":null,"explain":null,"optdt":"2019-02-24 12:17:24","status":"1","courseact":null,"checkshu":"1","checkfields":null,"pid":"0","optid":"0","optname":null,"receid":null,"recename":null,"iszf":"0","isqm":"0","coursetype":null,"zshtime":"0","zshstate":"1","zbrangeame":null,"zbrangeid":null,"smlx":"0","wjlx":"0","isxgfj":"0"},{"id":"83","mid":"0","nid":"0","setid":"87","name":"\u63a5\u6536\u4eba\u63a5\u6536","num":null,"checktype":"field","checktypeid":"qiannameid","checktypename":"\u7b7e\u6536\u4eba(qiannameid)","sort":"0","whereid":"0","where":null,"explain":null,"optdt":"2019-03-09 12:34:20","status":"1","courseact":"\u63a5\u6536,\u62d2\u63a5","checkshu":"1","checkfields":null,"pid":"0","optid":"0","optname":null,"receid":null,"recename":null,"iszf":"0","isqm":"0","coursetype":null,"zshtime":"0","zshstate":"1","zbrangeame":null,"zbrangeid":null,"smlx":"0","wjlx":"0","isxgfj":"1"},{"id":"84","mid":"78","nid":"0","setid":"72","name":"\u884c\u653f\u5ba1\u6279","num":null,"checktype":"change","checktypeid":"d4,d3","checktypename":"\u884c\u653f\u4eba\u4e8b\u90e8,\u8d22\u52a1\u90e8","sort":"0","whereid":"0","where":null,"explain":null,"optdt":"2019-04-25 10:33:38","status":"1","courseact":null,"checkshu":"1","checkfields":null,"pid":"0","optid":"0","optname":null,"receid":null,"recename":null,"iszf":"2","isqm":"0","coursetype":null,"zshtime":"0","zshstate":"1","zbrangeame":null,"zbrangeid":null,"smlx":"0","wjlx":"0","isxgfj":"0"},{"id":"85","mid":"84","nid":"0","setid":"72","name":"\u7ba1\u7406\u5c42\u5ba1\u6279","num":null,"checktype":"change","checktypeid":null,"checktypename":null,"sort":"0","whereid":"0","where":null,"explain":null,"optdt":"2019-04-24 23:23:06","status":"1","courseact":null,"checkshu":"1","checkfields":null,"pid":"0","optid":"0","optname":null,"receid":null,"recename":null,"iszf":"0","isqm":"0","coursetype":null,"zshtime":"0","zshstate":"1","zbrangeame":null,"zbrangeid":null,"smlx":"0","wjlx":"0","isxgfj":"0"},{"id":"86","mid":"84","nid":"0","setid":"72","name":"\u9886\u5bfc\u5ba1\u6279","num":null,"checktype":"user","checktypeid":"5","checktypename":"\u7cfb\u7edf\u7ba1\u7406\u5458","sort":"0","whereid":"0","where":null,"explain":null,"optdt":"2019-04-25 20:06:22","status":"1","courseact":null,"checkshu":"0","checkfields":null,"pid":"0","optid":"0","optname":null,"receid":null,"recename":null,"iszf":"0","isqm":"0","coursetype":null,"zshtime":"0","zshstate":"1","zbrangeame":null,"zbrangeid":null,"smlx":"0","wjlx":"0","isxgfj":"0"},{"id":"87","mid":"0","nid":"84","setid":"72","name":"\u4e0a\u7ea7\u5904\u7406","num":null,"checktype":"change","checktypeid":"d2","checktypename":"\u5f00\u53d1\u90e8","sort":"0","whereid":"0","where":null,"explain":null,"optdt":"2019-04-24 22:11:45","status":"1","courseact":null,"checkshu":"1","checkfields":null,"pid":"0","optid":"0","optname":null,"receid":null,"recename":null,"iszf":"0","isqm":"0","coursetype":null,"zshtime":"0","zshstate":"1","zbrangeame":null,"zbrangeid":null,"smlx":"0","wjlx":"0","isxgfj":"0"},{"id":"88","mid":"0","nid":"0","setid":"92","name":"\u4e0a\u7ea7\u5ba1\u6279","num":null,"checktype":"super","checktypeid":null,"checktypename":null,"sort":"0","whereid":"0","where":null,"explain":null,"optdt":"2019-05-09 17:40:51","status":"1","courseact":null,"checkshu":"1","checkfields":null,"pid":"0","optid":"0","optname":null,"receid":null,"recename":null,"iszf":"0","isqm":"0","coursetype":null,"zshtime":"0","zshstate":"1","zbrangeame":null,"zbrangeid":null,"smlx":"0","wjlx":"0","isxgfj":"0"},{"id":"89","mid":"0","nid":"0","setid":"35","name":"\u5408\u540c\u5ba1\u6279","num":null,"checktype":"super","checktypeid":null,"checktypename":null,"sort":"0","whereid":"0","where":null,"explain":null,"optdt":"2019-12-17 15:30:35","status":"1","courseact":null,"checkshu":"1","checkfields":null,"pid":"0","optid":"0","optname":null,"receid":null,"recename":null,"iszf":"0","isqm":"0","coursetype":null,"zshtime":"0","zshstate":"1","zbrangeame":null,"zbrangeid":null,"smlx":"0","wjlx":"0","isxgfj":"0"},{"id":"90","mid":"89","nid":"0","setid":"35","name":"\u8d22\u52a1\u5ba1\u6279","num":null,"checktype":"super","checktypeid":null,"checktypename":null,"sort":"0","whereid":"0","where":null,"explain":null,"optdt":"2019-12-17 17:12:15","status":"1","courseact":null,"checkshu":"1","checkfields":null,"pid":"0","optid":"0","optname":null,"receid":null,"recename":null,"iszf":"0","isqm":"0","coursetype":null,"zshtime":"0","zshstate":"1","zbrangeame":null,"zbrangeid":null,"smlx":"0","wjlx":"0","isxgfj":"0"},{"id":"91","mid":"0","nid":"0","setid":"98","name":"\u4e0a\u7ea7\u5ba1\u6279","num":null,"checktype":"super","checktypeid":null,"checktypename":null,"sort":"0","whereid":"0","where":null,"explain":null,"optdt":"2020-05-04 16:02:01","status":"1","courseact":null,"checkshu":"1","checkfields":null,"pid":"0","optid":"0","optname":null,"receid":null,"recename":null,"iszf":"0","isqm":"0","coursetype":null,"zshtime":"0","zshstate":"1","zbrangeame":null,"zbrangeid":null,"smlx":"0","wjlx":"0","isxgfj":"0"}]}}