{"xinhu_hrkaohem":{"fields":[{"name":"id","type":"int","explain":"","types":"int(11)","dev":null,"isnull":"NO","lens":null},{"name":"title","type":"varchar","explain":"\u8003\u6838\u540d\u79f0","types":"varchar(100)","dev":null,"isnull":"YES","lens":"100"},{"name":"startdt","type":"date","explain":"\u5f00\u59cb\u65e5\u671f","types":"date","dev":null,"isnull":"YES","lens":null},{"name":"enddt","type":"date","explain":"\u622a\u6b62\u65e5\u671f","types":"date","dev":null,"isnull":"YES","lens":null},{"name":"receid","type":"varchar","explain":"","types":"varchar(1000)","dev":null,"isnull":"YES","lens":"1000"},{"name":"recename","type":"varchar","explain":"\u5bf9\u5e94\u8003\u6838\u4eba","types":"varchar(1000)","dev":null,"isnull":"YES","lens":"1000"},{"name":"optid","type":"int","explain":"","types":"int(11)","dev":"0","isnull":"YES","lens":null},{"name":"optname","type":"varchar","explain":"\u64cd\u4f5c\u4eba","types":"varchar(20)","dev":null,"isnull":"YES","lens":"20"},{"name":"optdt","type":"datetime","explain":"\u64cd\u4f5c\u65f6\u95f4","types":"datetime","dev":null,"isnull":"YES","lens":null},{"name":"hegfen","type":"smallint","explain":"\u5408\u683c\u5206\u6570","types":"smallint(6)","dev":"0","isnull":"YES","lens":null},{"name":"maxfen","type":"smallint","explain":"\u6700\u9ad8\u5206\u6570","types":"smallint(6)","dev":"100","isnull":"YES","lens":null},{"name":"pinlv","type":"varchar","explain":"\u8003\u6838\u9891\u7387","types":"varchar(50)","dev":"m","isnull":"YES","lens":"50"},{"name":"sctime","type":"varchar","explain":"\u751f\u6210\u65f6\u95f4","types":"varchar(30)","dev":null,"isnull":"YES","lens":"30"},{"name":"pfsj","type":"smallint","explain":"\u8bc4\u5206\u65f6\u95f4(\u5929)","types":"smallint(6)","dev":"3","isnull":"YES","lens":null},{"name":"status","type":"tinyint","explain":"\u662f\u5426\u542f\u7528","types":"tinyint(1)","dev":"1","isnull":"YES","lens":null},{"name":"comid","type":"smallint","explain":"\u5bf9\u5e94\u5355\u4f4did","types":"smallint(6)","dev":"0","isnull":"YES","lens":null}],"data":[]}}