{"xinhu_work":{"fields":[{"name":"id","type":"int","explain":"","types":"int(11)","dev":null,"isnull":"NO","lens":null},{"name":"num","type":"varchar","explain":"","types":"varchar(30)","dev":null,"isnull":"YES","lens":"30"},{"name":"title","type":"varchar","explain":"\u6807\u9898","types":"varchar(200)","dev":null,"isnull":"YES","lens":"200"},{"name":"type","type":"varchar","explain":"\u4efb\u52a1\u7c7b\u578b","types":"varchar(20)","dev":null,"isnull":"YES","lens":"20"},{"name":"grade","type":"varchar","explain":"\u4efb\u52a1\u7b49\u7ea7","types":"varchar(10)","dev":null,"isnull":"YES","lens":"10"},{"name":"distid","type":"varchar","explain":"","types":"varchar(50)","dev":null,"isnull":"YES","lens":"50"},{"name":"dist","type":"varchar","explain":"\u5206\u914d\u7ed9","types":"varchar(50)","dev":null,"isnull":"YES","lens":"50"},{"name":"explain","type":"varchar","explain":"\u8bf4\u660e","types":"varchar(4000)","dev":null,"isnull":"YES","lens":"4000"},{"name":"optdt","type":"datetime","explain":"\u64cd\u4f5c\u65f6\u95f4","types":"datetime","dev":null,"isnull":"YES","lens":null},{"name":"optid","type":"int","explain":"","types":"int(11)","dev":null,"isnull":"YES","lens":null},{"name":"optname","type":"varchar","explain":"\u64cd\u4f5c\u4eba","types":"varchar(20)","dev":null,"isnull":"YES","lens":"20"},{"name":"startdt","type":"datetime","explain":"\u5f00\u59cb\u65f6\u95f4","types":"datetime","dev":null,"isnull":"YES","lens":null},{"name":"enddt","type":"datetime","explain":"\u7ed3\u675f\u65f6\u95f4","types":"datetime","dev":null,"isnull":"YES","lens":null},{"name":"state","type":"tinyint","explain":"\u72b6\u6001","types":"tinyint(1)","dev":"0","isnull":"YES","lens":null},{"name":"txdt","type":"datetime","explain":"","types":"datetime","dev":null,"isnull":"YES","lens":null},{"name":"fen","type":"smallint","explain":"\u5206\u503c","types":"smallint(6)","dev":"0","isnull":"YES","lens":null},{"name":"status","type":"tinyint","explain":"","types":"tinyint(1)","dev":"1","isnull":"YES","lens":null},{"name":"projectid","type":"smallint","explain":"\u5bf9\u5e94\u9879\u76eeId","types":"smallint(6)","dev":"0","isnull":"YES","lens":null},{"name":"ddid","type":"varchar","explain":"","types":"varchar(50)","dev":null,"isnull":"YES","lens":"50"},{"name":"ddname","type":"varchar","explain":"\u7763\u5bfc\u4eba\u5458\uff0c\u4e0d\u586b\u9ed8\u8ba4\u4e0a\u7ea7","types":"varchar(50)","dev":null,"isnull":"YES","lens":"50"},{"name":"score","type":"smallint","explain":"\u4efb\u52a1\u5206\u6570","types":"smallint(6)","dev":"0","isnull":"YES","lens":null},{"name":"mark","type":"smallint","explain":"\u5f97\u5206","types":"smallint(6)","dev":"0","isnull":"YES","lens":null},{"name":"uid","type":"smallint","explain":"","types":"smallint(6)","dev":"0","isnull":"YES","lens":null},{"name":"applydt","type":"date","explain":"\u7533\u8bf7\u65e5\u671f","types":"date","dev":null,"isnull":"YES","lens":null},{"name":"isturn","type":"tinyint","explain":"\u662f\u5426\u63d0\u4ea4","types":"tinyint(1)","dev":"1","isnull":"YES","lens":null},{"name":"comid","type":"smallint","explain":"\u5bf9\u5e94\u5355\u4f4did","types":"smallint(6)","dev":"0","isnull":"YES","lens":null}],"data":[]}}