{"xinhu_flow_todo":{"fields":[{"name":"id","type":"int","explain":"","types":"int(11)","dev":null,"isnull":"NO","lens":null},{"name":"name","type":"varchar","explain":"\u540d\u79f0\u6807\u9898","types":"varchar(30)","dev":null,"isnull":"YES","lens":"30"},{"name":"num","type":"varchar","explain":"\u7f16\u53f7","types":"varchar(30)","dev":null,"isnull":"YES","lens":"30"},{"name":"setid","type":"smallint","explain":"\u5bf9\u5e94\u6a21\u5757","types":"smallint(6)","dev":"0","isnull":"YES","lens":null},{"name":"explain","type":"varchar","explain":"\u8bf4\u660e","types":"varchar(100)","dev":null,"isnull":"YES","lens":"100"},{"name":"whereid","type":"smallint","explain":"\u5bf9\u5e94\u6761\u4ef6id","types":"smallint(6)","dev":"0","isnull":"YES","lens":null},{"name":"status","type":"tinyint","explain":"\u72b6\u6001","types":"tinyint(1)","dev":"1","isnull":"YES","lens":null},{"name":"receid","type":"varchar","explain":"","types":"varchar(500)","dev":null,"isnull":"YES","lens":"500"},{"name":"recename","type":"varchar","explain":"\u901a\u77e5\u7ed9","types":"varchar(500)","dev":null,"isnull":"YES","lens":"500"},{"name":"changefields","type":"varchar","explain":"\u6539\u53d8\u5b57\u6bb5","types":"varchar(200)","dev":null,"isnull":"YES","lens":"200"},{"name":"changecourse","type":"varchar","explain":"\u5bf9\u5e94\u6b65\u505aid","types":"varchar(30)","dev":null,"isnull":"YES","lens":"30"},{"name":"boturn","type":"tinyint","explain":"\u63d0\u4ea4\u65f6","types":"tinyint(1)","dev":"0","isnull":"YES","lens":null},{"name":"boedit","type":"tinyint","explain":"\u7f16\u8f91\u65f6","types":"tinyint(1)","dev":"0","isnull":"YES","lens":null},{"name":"bochang","type":"tinyint","explain":"\u5b57\u6bb5\u6539\u53d8\u65f6","types":"tinyint(1)","dev":"0","isnull":"YES","lens":null},{"name":"bodel","type":"tinyint","explain":"\u5220\u9664\u65f6","types":"tinyint(1)","dev":"0","isnull":"YES","lens":null},{"name":"bozuofei","type":"tinyint","explain":"\u4f5c\u5e9f\u65f6","types":"tinyint(1)","dev":"0","isnull":"YES","lens":null},{"name":"botong","type":"tinyint","explain":"\u6b65\u9aa4\u5904\u7406\u901a\u8fc7\u65f6","types":"tinyint(1)","dev":"0","isnull":"YES","lens":null},{"name":"bobutong","type":"tinyint","explain":"\u6b65\u9aa4\u5904\u7406\u4e0d\u901a\u8fc7\u65f6","types":"tinyint(1)","dev":"0","isnull":"YES","lens":null},{"name":"bofinish","type":"tinyint","explain":"\u5904\u7406\u5b8c\u6210\u65f6","types":"tinyint(1)","dev":"0","isnull":"YES","lens":null},{"name":"bozhui","type":"tinyint","explain":"\u8ffd\u52a0\u8bf4\u660e\u65f6","types":"tinyint(1)","dev":"0","isnull":"YES","lens":null},{"name":"bozhuan","type":"tinyint","explain":"\u6d41\u7a0b\u8f6c\u529e\u65f6","types":"tinyint(1)","dev":"0","isnull":"YES","lens":null},{"name":"toturn","type":"tinyint","explain":"\u662f\u5426\u901a\u77e5\u7ed9\u63d0\u4ea4\u4eba","types":"tinyint(1)","dev":"0","isnull":"YES","lens":null},{"name":"tocourse","type":"tinyint","explain":"\u662f\u5426\u901a\u77e5\u7ed9\u6d41\u7a0b\u6240\u6709\u53c2\u4e0e\u4eba","types":"tinyint(1)","dev":"0","isnull":"YES","lens":null},{"name":"todofields","type":"varchar","explain":"\u901a\u77e5\u7ed9\u4e3b\u8868\u4e0a\u5b57\u6bb5","types":"varchar(500)","dev":null,"isnull":"YES","lens":"500"},{"name":"summary","type":"varchar","explain":"\u901a\u77e5\u5185\u5bb9\u6458\u8981","types":"varchar(500)","dev":null,"isnull":"YES","lens":"500"},{"name":"botask","type":"tinyint","explain":"\u8ba1\u5212\u4efb\u52a1","types":"tinyint(1)","dev":"0","isnull":"YES","lens":null},{"name":"boping","type":"tinyint","explain":"\u8bc4\u8bba\u65f6","types":"tinyint(1)","dev":"0","isnull":"YES","lens":null},{"name":"bohuiz","type":"tinyint","explain":"\u56de\u6267\u65f6","types":"tinyint(1)","dev":"0","isnull":"YES","lens":null},{"name":"tosuper","type":"tinyint","explain":"\u76f4\u5c5e\u4e0a\u7ea7","types":"tinyint(1)","dev":"0","isnull":"YES","lens":null}],"data":[{"id":"1","name":"\u8f66\u8f86\u4fe1\u606f\u5230\u671f\u63d0\u9192","num":null,"setid":"58","explain":"\u8fd9\u53ea\u662f\u4e2a\u4e8b\u4f8b","whereid":"96","status":"0","receid":"u1","recename":"\u7ba1\u7406\u5458","changefields":null,"changecourse":null,"boturn":"0","boedit":"0","bochang":"0","bodel":"0","bozuofei":"0","botong":"0","bobutong":"0","bofinish":"0","bozhui":"0","bozhuan":"0","toturn":"1","tocourse":"0","todofields":null,"summary":"\u8f66\u8f86[{carid}]\u7684{otype}\u5c06\u5728{enddt}\u5230\u671f\u3002","botask":"1","boping":"0","bohuiz":"0","tosuper":"0"},{"id":"4","name":"\u901a\u77e5\u4ed3\u5e93\u7ba1\u7406\u5458\u51fa\u5e93\u64cd\u4f5c","num":null,"setid":"24","explain":null,"whereid":"0","status":"0","receid":"u1","recename":"\u7ba1\u7406\u5458","changefields":null,"changecourse":null,"boturn":"0","boedit":"0","bochang":"0","bodel":"0","bozuofei":"0","botong":"0","bobutong":"0","bofinish":"1","bozhui":"0","bozhuan":"0","toturn":"0","tocourse":"0","todofields":null,"summary":"\u6709\u4eba\u7533\u8bf7\u7269\u54c1\u9886\u7528\uff0c\u8bf7\u53ca\u65f6\u5904\u7406\u51fa\u5e93\u64cd\u4f5c\u3002","botask":"0","boping":"0","bohuiz":"0","tosuper":"0"},{"id":"7","name":"\u65b0\u589e\u9879\u76ee\u63d0\u9192","num":null,"setid":"22","explain":null,"whereid":"0","status":"0","receid":null,"recename":null,"changefields":null,"changecourse":null,"boturn":"1","boedit":"0","bochang":"0","bodel":"0","bozuofei":"0","botong":"0","bobutong":"0","bofinish":"0","bozhui":"0","bozhuan":"0","toturn":"0","tocourse":"0","todofields":"runuserid,fuzeid","summary":"{optname}\u65b0\u589e\u9879\u76ee\u201c{title}\u201d\uff0c\u8d1f\u8d23\u4eba{fuze}","botask":"0","boping":"0","bohuiz":"0","tosuper":"0"},{"id":"6","name":"\u9879\u76ee\u4fe1\u606f\u4fee\u6539\u63d0\u9192","num":null,"setid":"22","explain":null,"whereid":"0","status":"0","receid":null,"recename":null,"changefields":null,"changecourse":null,"boturn":"0","boedit":"1","bochang":"0","bodel":"0","bozuofei":"0","botong":"0","bobutong":"0","bofinish":"0","bozhui":"0","bozhuan":"0","toturn":"0","tocourse":"0","todofields":"runuserid,fuzeid","summary":"\u9879\u76ee\u201c{title}\u201d\u88ab{optname}\u4fee\u6539\u4e86","botask":"0","boping":"1","bohuiz":"0","tosuper":"0"},{"id":"9","name":"\u8003\u6838\u8bc4\u5206\u63d0\u9192","num":"pftodo","setid":"71","explain":null,"whereid":"0","status":"0","receid":null,"recename":null,"changefields":null,"changecourse":null,"boturn":"0","boedit":"0","bochang":"0","bodel":"0","bozuofei":"0","botong":"0","bobutong":"0","bofinish":"0","bozhui":"0","bozhuan":"0","toturn":"0","tocourse":"0","todofields":"pfrenids","summary":"\u4f60\u6709\u201c{applyname}\u201d\u7684\u8003\u6838\u8bc4\u5206\u9700\u8981\u4f60\u8bc4\u5206","botask":"0","boping":"0","bohuiz":"0","tosuper":"0"},{"id":"11","name":"\u7269\u54c1\u5e93\u5b58\u9884\u8b66","num":null,"setid":"9","explain":null,"whereid":"225","status":"0","receid":"u1","recename":"\u7ba1\u7406\u5458","changefields":null,"changecourse":null,"boturn":"0","boedit":"0","bochang":"0","bodel":"0","bozuofei":"0","botong":"0","bobutong":"0","bofinish":"0","bozhui":"0","bozhuan":"0","toturn":"0","tocourse":"0","todofields":null,"summary":"\u7269\u54c1\u201c{num}.{name}\u201d\u5e93\u5b58\u4e3a{stock}\u5df2\u4e0d\u8db310\uff0c\u8bf7\u77e5\u6653\u3002","botask":"1","boping":"0","bohuiz":"0","tosuper":"0"}]}}