{"xinhu_wxqy_user":{"fields":[{"name":"id","type":"int","explain":"","types":"int(11)","dev":null,"isnull":"NO","lens":null},{"name":"userid","type":"varchar","explain":"","types":"varchar(50)","dev":"","isnull":"NO","lens":"50"},{"name":"name","type":"varchar","explain":"","types":"varchar(20)","dev":null,"isnull":"YES","lens":"20"},{"name":"department","type":"varchar","explain":"","types":"varchar(100)","dev":null,"isnull":"YES","lens":"100"},{"name":"position","type":"varchar","explain":"","types":"varchar(20)","dev":null,"isnull":"YES","lens":"20"},{"name":"mobile","type":"varchar","explain":"","types":"varchar(20)","dev":null,"isnull":"YES","lens":"20"},{"name":"gender","type":"varchar","explain":"","types":"varchar(5)","dev":null,"isnull":"YES","lens":"5"},{"name":"email","type":"varchar","explain":"","types":"varchar(50)","dev":null,"isnull":"YES","lens":"50"},{"name":"weixinid","type":"varchar","explain":"\u4fdd\u5b58\u5feb\u6377\u767b\u5f55\u65f6DeviceId","types":"varchar(50)","dev":null,"isnull":"YES","lens":"50"},{"name":"status","type":"tinyint","explain":"\u72b6\u6001@1|\u5df2\u5173\u6ce8,2|\u5df2\u51bb\u7ed3,4|\u672a\u5173\u6ce8","types":"tinyint(1)","dev":"0","isnull":"YES","lens":null},{"name":"avatar","type":"varchar","explain":"\u5934\u50cfurl","types":"varchar(300)","dev":null,"isnull":"YES","lens":"300"},{"name":"enable","type":"tinyint","explain":"","types":"tinyint(1)","dev":"1","isnull":"YES","lens":null},{"name":"optdt","type":"datetime","explain":"","types":"datetime","dev":null,"isnull":"YES","lens":null},{"name":"isleader","type":"tinyint","explain":"\u6807\u793a\u662f\u5426\u4e3a\u4e0a\u7ea7","types":"tinyint(1)","dev":"0","isnull":"YES","lens":null},{"name":"telephone","type":"varchar","explain":"\u7535\u8bdd","types":"varchar(50)","dev":null,"isnull":"YES","lens":"50"},{"name":"wxplugin_status","type":"tinyint","explain":"\u5173\u6ce8\u5fae\u4fe1\u63d2\u4ef6\u7684\u72b6\u6001","types":"tinyint(1)","dev":"0","isnull":"YES","lens":null}],"data":[]}}