{"xinhu_files":{"fields":[{"name":"id","type":"int","explain":"","types":"int(11)","dev":null,"isnull":"NO","lens":null},{"name":"optname","type":"varchar","explain":"\u64cd\u4f5c\u4eba","types":"varchar(50)","dev":null,"isnull":"YES","lens":"50"},{"name":"fileid","type":"int","explain":"\u5173\u8054file.id","types":"int(11)","dev":"0","isnull":"YES","lens":null},{"name":"optid","type":"int","explain":"","types":"int(11)","dev":"0","isnull":"YES","lens":null},{"name":"type","type":"tinyint","explain":"0\u9884\u89c8,1\u4e0b\u8f7d","types":"tinyint(1)","dev":"0","isnull":"YES","lens":null},{"name":"ip","type":"varchar","explain":"","types":"varchar(100)","dev":null,"isnull":"YES","lens":"100"},{"name":"web","type":"varchar","explain":"","types":"varchar(100)","dev":null,"isnull":"YES","lens":"100"},{"name":"optdt","type":"datetime","explain":"","types":"datetime","dev":null,"isnull":"YES","lens":null}],"data":[{"id":"1","optname":"\u8d3a\u5929\u6167","fileid":"9","optid":"299","type":"1","ip":"113.91.37.104","web":"Chrome","optdt":"2020-06-24 15:20:55"}]}}