{"xinhu_userinfos":{"fields":[{"name":"id","type":"int","explain":"","types":"int(11)","dev":null,"isnull":"NO","lens":null},{"name":"mid","type":"smallint","explain":"\u5bf9\u5e94\u4e3b\u8868userinfo.id","types":"smallint(6)","dev":"0","isnull":"YES","lens":null},{"name":"sort","type":"smallint","explain":"\u6392\u5e8f\u53f7","types":"smallint(6)","dev":"0","isnull":"YES","lens":null},{"name":"startdt","type":"date","explain":"\u5f00\u59cb\u65e5\u671f","types":"date","dev":null,"isnull":"YES","lens":null},{"name":"enddt","type":"date","explain":"\u622a\u6b62\u65e5\u671f","types":"date","dev":null,"isnull":"YES","lens":null},{"name":"rank","type":"varchar","explain":"\u804c\u4f4d","types":"varchar(50)","dev":null,"isnull":"YES","lens":"50"},{"name":"unitname","type":"varchar","explain":"\u5355\u4f4d\u540d\u79f0","types":"varchar(50)","dev":null,"isnull":"YES","lens":"50"},{"name":"sslx","type":"tinyint","explain":"0\u5de5\u4f5c\u7ecf\u5386,1\u6559\u80b2\u7ecf\u5386","types":"tinyint(1)","dev":"0","isnull":"YES","lens":null},{"name":"comid","type":"smallint","explain":"\u5bf9\u5e94\u5355\u4f4did","types":"smallint(6)","dev":"0","isnull":"YES","lens":null}],"data":[]}}