{"xinhu_flow_remind":{"fields":[{"name":"id","type":"int","explain":"","types":"int(11)","dev":null,"isnull":"NO","lens":null},{"name":"startdt","type":"datetime","explain":"\u5f00\u59cb\u65f6\u95f4","types":"datetime","dev":null,"isnull":"YES","lens":null},{"name":"enddt","type":"datetime","explain":"\u622a\u6b62\u65f6\u95f4","types":"datetime","dev":null,"isnull":"YES","lens":null},{"name":"uid","type":"smallint","explain":"\u7528\u6237Id","types":"smallint(6)","dev":null,"isnull":"YES","lens":null},{"name":"optdt","type":"datetime","explain":"","types":"datetime","dev":null,"isnull":"YES","lens":null},{"name":"optname","type":"varchar","explain":"\u64cd\u4f5c\u4eba","types":"varchar(20)","dev":null,"isnull":"YES","lens":"20"},{"name":"modenum","type":"varchar","explain":"\u5bf9\u5e94\u6a21\u5757\u7f16\u53f7","types":"varchar(30)","dev":null,"isnull":"YES","lens":"30"},{"name":"table","type":"varchar","explain":"","types":"varchar(30)","dev":null,"isnull":"YES","lens":"30"},{"name":"mid","type":"int","explain":"\u4e3bId","types":"int(11)","dev":"0","isnull":"YES","lens":null},{"name":"ratecont","type":"varchar","explain":"\u9891\u7387","types":"varchar(500)","dev":null,"isnull":"YES","lens":"500"},{"name":"explain","type":"varchar","explain":"\u63d0\u9192\u5185\u5bb9","types":"varchar(500)","dev":null,"isnull":"YES","lens":"500"},{"name":"rate","type":"varchar","explain":"\u63d0\u9192\u9891\u7387o\u4ec5\u4e00\u6b21,d\u5929,w\u5468,m\u6708","types":"varchar(50)","dev":null,"isnull":"YES","lens":"50"},{"name":"rateval","type":"varchar","explain":"","types":"varchar(200)","dev":null,"isnull":"YES","lens":"200"},{"name":"status","type":"tinyint","explain":"","types":"tinyint(1)","dev":"1","isnull":"YES","lens":null},{"name":"receid","type":"varchar","explain":"","types":"varchar(500)","dev":null,"isnull":"YES","lens":"500"},{"name":"recename","type":"varchar","explain":"\u63d0\u9192\u7ed9","types":"varchar(500)","dev":null,"isnull":"YES","lens":"500"},{"name":"comid","type":"smallint","explain":"\u5bf9\u5e94\u5355\u4f4did","types":"smallint(6)","dev":"0","isnull":"YES","lens":null}],"data":[]}}