{"xinhu_zding_user":{"fields":[{"name":"id","type":"int","explain":"","types":"int(11)","dev":null,"isnull":"NO","lens":null},{"name":"userid","type":"varchar","explain":"","types":"varchar(30)","dev":"","isnull":"NO","lens":"30"},{"name":"dingid","type":"varchar","explain":"\u9489\u9489ID","types":"varchar(100)","dev":null,"isnull":"YES","lens":"100"},{"name":"name","type":"varchar","explain":"","types":"varchar(20)","dev":null,"isnull":"YES","lens":"20"},{"name":"department","type":"varchar","explain":"","types":"varchar(100)","dev":null,"isnull":"YES","lens":"100"},{"name":"position","type":"varchar","explain":"","types":"varchar(20)","dev":null,"isnull":"YES","lens":"20"},{"name":"mobile","type":"varchar","explain":"","types":"varchar(20)","dev":null,"isnull":"YES","lens":"20"},{"name":"gender","type":"varchar","explain":"","types":"varchar(5)","dev":null,"isnull":"YES","lens":"5"},{"name":"email","type":"varchar","explain":"","types":"varchar(50)","dev":null,"isnull":"YES","lens":"50"},{"name":"status","type":"tinyint","explain":"\u72b6\u6001@1|\u5df2\u5173\u6ce8","types":"tinyint(1)","dev":"0","isnull":"YES","lens":null},{"name":"avatar","type":"varchar","explain":"\u5934\u50cfurl","types":"varchar(300)","dev":null,"isnull":"YES","lens":"300"},{"name":"enable","type":"tinyint","explain":"","types":"tinyint(1)","dev":"1","isnull":"YES","lens":null},{"name":"optdt","type":"datetime","explain":"","types":"datetime","dev":null,"isnull":"YES","lens":null},{"name":"isleader","type":"tinyint","explain":"\u6807\u793a\u662f\u5426\u4e3a\u4e0a\u7ea7","types":"tinyint(1)","dev":"0","isnull":"YES","lens":null},{"name":"tel","type":"varchar","explain":"\u7535\u8bdd","types":"varchar(50)","dev":null,"isnull":"YES","lens":"50"},{"name":"order","type":"int","explain":"\u6392\u5e8f\u53f7","types":"int(11)","dev":"0","isnull":"YES","lens":null},{"name":"jobnumber","type":"varchar","explain":"\u5458\u5de5\u5de5\u53f7","types":"varchar(30)","dev":null,"isnull":"YES","lens":"30"},{"name":"orgemail","type":"varchar","explain":"\u5458\u5de5\u7684\u4f01\u4e1a\u90ae\u7bb1","types":"varchar(100)","dev":null,"isnull":"YES","lens":"100"},{"name":"hireddate","type":"date","explain":"\u5165\u4f4f\u65e5\u671f","types":"date","dev":null,"isnull":"YES","lens":null}],"data":[]}}