{"xinhu_carm":{"fields":[{"name":"id","type":"int","explain":"","types":"int(11)","dev":null,"isnull":"NO","lens":null},{"name":"carnum","type":"varchar","explain":"\u8f66\u724c\u53f7","types":"varchar(10)","dev":null,"isnull":"YES","lens":"10"},{"name":"carbrand","type":"varchar","explain":"\u8f66\u8f86\u54c1\u724c","types":"varchar(20)","dev":null,"isnull":"YES","lens":"20"},{"name":"carmode","type":"varchar","explain":"\u578b\u53f7","types":"varchar(30)","dev":null,"isnull":"YES","lens":"30"},{"name":"cartype","type":"varchar","explain":"\u8f66\u8f86\u7c7b\u578b","types":"varchar(10)","dev":null,"isnull":"YES","lens":"10"},{"name":"buydt","type":"date","explain":"\u8d2d\u4e70\u65e5\u671f","types":"date","dev":null,"isnull":"YES","lens":null},{"name":"buyprice","type":"mediumint","explain":"\u8d2d\u4e70\u4ef7\u683c","types":"mediumint(9)","dev":null,"isnull":"YES","lens":null},{"name":"enginenb","type":"varchar","explain":"\u53d1\u52a8\u673a\u53f7","types":"varchar(50)","dev":null,"isnull":"YES","lens":"50"},{"name":"ispublic","type":"tinyint","explain":"\u662f\u5426\u516c\u5f00\u4f7f\u7528","types":"tinyint(1)","dev":"1","isnull":"YES","lens":null},{"name":"optdt","type":"datetime","explain":"","types":"datetime","dev":null,"isnull":"YES","lens":null},{"name":"optid","type":"smallint","explain":"","types":"smallint(6)","dev":null,"isnull":"YES","lens":null},{"name":"optname","type":"varchar","explain":"","types":"varchar(20)","dev":null,"isnull":"YES","lens":"20"},{"name":"adddt","type":"datetime","explain":"","types":"datetime","dev":null,"isnull":"YES","lens":null},{"name":"createname","type":"varchar","explain":"","types":"varchar(20)","dev":null,"isnull":"YES","lens":"20"},{"name":"explain","type":"varchar","explain":"\u8bf4\u660e","types":"varchar(500)","dev":null,"isnull":"YES","lens":"500"},{"name":"state","type":"tinyint","explain":"\u72b6\u6001@0|\u529e\u7406\u4e2d,1|\u53ef\u7528,2|\u7ef4\u4fee\u4e2d,3|\u62a5\u5e9f","types":"tinyint(1)","dev":"0","isnull":"YES","lens":null},{"name":"framenum","type":"varchar","explain":"\u8f66\u67b6\u53f7","types":"varchar(50)","dev":null,"isnull":"YES","lens":"50"},{"name":"status","type":"tinyint","explain":"","types":"tinyint(4)","dev":"1","isnull":"YES","lens":null},{"name":"comid","type":"smallint","explain":"\u5bf9\u5e94\u5355\u4f4did","types":"smallint(6)","dev":"0","isnull":"YES","lens":null}],"data":[]}}