{"xinhu_meet":{"fields":[{"name":"id","type":"int","explain":"","types":"int(11)","dev":null,"isnull":"NO","lens":null},{"name":"hyname","type":"varchar","explain":"\u4f1a\u8bae\u5ba4\u540d\u79f0","types":"varchar(20)","dev":null,"isnull":"YES","lens":"20"},{"name":"title","type":"varchar","explain":"\u4e3b\u9898","types":"varchar(50)","dev":null,"isnull":"YES","lens":"50"},{"name":"startdt","type":"varchar","explain":"\u5f00\u59cb\u65f6\u95f4","types":"varchar(50)","dev":null,"isnull":"YES","lens":"50"},{"name":"enddt","type":"varchar","explain":"\u7ed3\u675f\u65f6\u95f4","types":"varchar(50)","dev":null,"isnull":"YES","lens":"50"},{"name":"state","type":"tinyint","explain":"\u4f1a\u8bae\u72b6\u6001@0|\u6b63\u5e38,1|\u4f1a\u8bae\u4e2d,2|\u7ed3\u675f,3|\u53d6\u6d88","types":"tinyint(1)","dev":"0","isnull":"YES","lens":null},{"name":"status","type":"tinyint","explain":"","types":"tinyint(1)","dev":"0","isnull":"YES","lens":null},{"name":"type","type":"tinyint","explain":"\u7c7b\u578b@0|\u666e\u901a,1|\u56fa\u5b9a,2|\u7eaa\u8981","types":"tinyint(1)","dev":"0","isnull":"YES","lens":null},{"name":"joinid","type":"varchar","explain":"","types":"varchar(200)","dev":null,"isnull":"YES","lens":"200"},{"name":"joinname","type":"varchar","explain":"\u53c2\u52a0\u4eba\u5458","types":"varchar(500)","dev":null,"isnull":"YES","lens":"500"},{"name":"mid","type":"int","explain":"","types":"int(11)","dev":"0","isnull":"YES","lens":null},{"name":"optname","type":"varchar","explain":"\u53d1\u8d77\u4eba","types":"varchar(20)","dev":null,"isnull":"YES","lens":"20"},{"name":"rate","type":"varchar","explain":"","types":"varchar(100)","dev":null,"isnull":"YES","lens":"100"},{"name":"uid","type":"int","explain":"","types":"int(11)","dev":null,"isnull":"YES","lens":null},{"name":"optdt","type":"datetime","explain":"\u64cd\u4f5c\u65f6\u95f4","types":"datetime","dev":null,"isnull":"YES","lens":null},{"name":"optid","type":"int","explain":"","types":"int(11)","dev":"0","isnull":"YES","lens":null},{"name":"explain","type":"varchar","explain":"\u8bf4\u660e","types":"varchar(500)","dev":null,"isnull":"YES","lens":"500"},{"name":"cancelreason","type":"varchar","explain":"","types":"varchar(200)","dev":null,"isnull":"YES","lens":"200"},{"name":"jyid","type":"varchar","explain":"\u4f1a\u8bae\u7eaa\u8981\u4ebaid","types":"varchar(100)","dev":null,"isnull":"YES","lens":"100"},{"name":"jyname","type":"varchar","explain":"\u4f1a\u8bae\u7eaa\u8981\u4eba","types":"varchar(100)","dev":null,"isnull":"YES","lens":"100"},{"name":"content","type":"varchar","explain":"\u4f1a\u8bae\u7eaa\u8981\u5185\u5bb9","types":"varchar(4000)","dev":null,"isnull":"YES","lens":"4000"},{"name":"issms","type":"tinyint","explain":"\u662f\u5426\u77ed\u4fe1\u901a\u77e5","types":"tinyint(1)","dev":"0","isnull":"YES","lens":null},{"name":"comid","type":"smallint","explain":"\u5bf9\u5e94\u5355\u4f4did","types":"smallint(6)","dev":"0","isnull":"YES","lens":null},{"name":"zcrenid","type":"varchar","explain":"","types":"varchar(50)","dev":null,"isnull":"YES","lens":"50"},{"name":"zcren","type":"varchar","explain":"\u4e3b\u6301\u4eba","types":"varchar(50)","dev":null,"isnull":"YES","lens":"50"}],"data":[]}}