{"xinhu_zding_dept":{"fields":[{"name":"id","type":"int","explain":"","types":"int(11)","dev":null,"isnull":"NO","lens":null},{"name":"name","type":"varchar","explain":"","types":"varchar(30)","dev":null,"isnull":"YES","lens":"30"},{"name":"parentid","type":"int","explain":"","types":"int(11)","dev":null,"isnull":"YES","lens":null},{"name":"order","type":"int","explain":"","types":"int(11)","dev":"0","isnull":"YES","lens":null},{"name":"bmid","type":"int","explain":"\u90e8\u95e8Id","types":"int(11)","dev":"0","isnull":"YES","lens":null}],"data":[]}}