{"xinhu_pay_custfina":{"fields":[{"name":"id","type":"int","explain":"","types":"int(11)","dev":null,"isnull":"NO","lens":null},{"name":"htid","type":"int","explain":"\u5408\u540cID","types":"int(11)","dev":"0","isnull":"YES","lens":null},{"name":"htnum","type":"varchar","explain":"","types":"varchar(20)","dev":null,"isnull":"YES","lens":"20"},{"name":"dt","type":"date","explain":"\u6240\u5c5e\u65e5\u671f","types":"date","dev":null,"isnull":"YES","lens":null},{"name":"uid","type":"smallint","explain":"","types":"smallint(6)","dev":"0","isnull":"YES","lens":null},{"name":"custid","type":"smallint","explain":"","types":"smallint(6)","dev":"0","isnull":"YES","lens":null},{"name":"custname","type":"varchar","explain":"\u5ba2\u6237\u540d\u79f0","types":"varchar(50)","dev":null,"isnull":"YES","lens":"50"},{"name":"optdt","type":"datetime","explain":"","types":"datetime","dev":null,"isnull":"YES","lens":null},{"name":"optname","type":"varchar","explain":"","types":"varchar(10)","dev":null,"isnull":"YES","lens":"10"},{"name":"money","type":"decimal","explain":"","types":"decimal(10,2)","dev":"0.00","isnull":"YES","lens":null},{"name":"type","type":"tinyint","explain":"0\u6536\u6b3e\u5355,1\u4ed8\u6b3e\u5355","types":"tinyint(1)","dev":"0","isnull":"YES","lens":null},{"name":"ispay","type":"tinyint","explain":"\u662f\u5426\u6536\u6b3e,\u4ed8\u6b3e","types":"tinyint(1)","dev":"0","isnull":"YES","lens":null},{"name":"paydt","type":"datetime","explain":"\u6536\u4ed8\u6b3e\u65f6\u95f4","types":"datetime","dev":null,"isnull":"YES","lens":null},{"name":"explain","type":"varchar","explain":"\u8bf4\u660e","types":"varchar(200)","dev":null,"isnull":"YES","lens":"200"},{"name":"createdt","type":"datetime","explain":"\u521b\u5efa\u65f6\u95f4","types":"datetime","dev":null,"isnull":"YES","lens":null},{"name":"createname","type":"varchar","explain":"","types":"varchar(10)","dev":null,"isnull":"YES","lens":"10"},{"name":"createid","type":"smallint","explain":"","types":"smallint(6)","dev":"0","isnull":"YES","lens":null},{"name":"ismove","type":"tinyint","explain":"\u662f\u5426\u8f6c\u79fb\u7684","types":"tinyint(1)","dev":"0","isnull":"YES","lens":null},{"name":"comid","type":"smallint","explain":"\u5bf9\u5e94\u5355\u4f4did","types":"smallint(6)","dev":"0","isnull":"YES","lens":null},{"name":"depart","type":"varchar","explain":"\u90e8\u95e8\u540d\u79f0  by andy.ma","types":"varchar(50)","dev":null,"isnull":"YES","lens":"50"},{"name":"accid","type":"int","explain":"\u5bf9\u5e94\u7684\u6536\u4ed8\u6b3e\u8d26\u6237 by andy.ma","types":"int(11)","dev":null,"isnull":"YES","lens":null},{"name":"paymtd","type":"int","explain":"\u4ed8\u6b3e\u65b9\u5f0f 1 \u73b0\u91d1 2 \u652f\u7968 3 \u8f6c\u8d26   by andy.ma","types":"int(11)","dev":null,"isnull":"YES","lens":null},{"name":"paytype","type":"int","explain":"0.\u5408\u540c \uff0c1.\u91c7\u8d2d\u4ed8\u6b3e\uff0c 2 \u5916\u534f\u4ed8\u6b3e  3.\u672a\u5b9a\u4e49\uff08\u5176\u4ed6\u6536\u5165\/\u652f\u51fa\uff09by andy.ma","types":"int(11)","dev":null,"isnull":"YES","lens":null},{"name":"departid","type":"int","explain":"\u90e8\u95e8\u7684ID  by andy.ma","types":"int(11)","dev":null,"isnull":"YES","lens":null},{"name":"qishu","type":"varchar","explain":"\u5bf9\u5e94\u7b2c\u51e0\u671f by andy.ma","types":"varchar(20)","dev":null,"isnull":"YES","lens":"20"},{"name":"optnameid","type":"smallint","explain":"\u6240\u5c5e\u4eba\u7684ID","types":"smallint(6)","dev":null,"isnull":"YES","lens":null},{"name":"optid","type":"int","explain":"","types":"int(11)","dev":"0","isnull":"YES","lens":null},{"name":"applydt","type":"date","explain":"\u7533\u8bf7\u65e5\u671f","types":"date","dev":null,"isnull":"YES","lens":null},{"name":"status","type":"tinyint","explain":"\u72b6\u6001","types":"tinyint(1)","dev":"1","isnull":"YES","lens":null},{"name":"isturn","type":"tinyint","explain":"\u662f\u5426\u63d0\u4ea4","types":"tinyint(1)","dev":"1","isnull":"YES","lens":null}],"data":[]}}