{"xinhu_flow_menu":{"fields":[{"name":"id","type":"int","explain":"","types":"int(11)","dev":null,"isnull":"NO","lens":null},{"name":"name","type":"varchar","explain":"\u663e\u793a\u540d\u79f0","types":"varchar(20)","dev":null,"isnull":"YES","lens":"20"},{"name":"num","type":"varchar","explain":"\u7f16\u53f7","types":"varchar(20)","dev":null,"isnull":"YES","lens":"20"},{"name":"sort","type":"tinyint","explain":"","types":"tinyint(4)","dev":"0","isnull":"YES","lens":null},{"name":"statusname","type":"varchar","explain":"","types":"varchar(20)","dev":null,"isnull":"YES","lens":"20"},{"name":"statuscolor","type":"varchar","explain":"","types":"varchar(20)","dev":null,"isnull":"YES","lens":"20"},{"name":"statusvalue","type":"tinyint","explain":"\u72b6\u6001\u503c","types":"tinyint(1)","dev":"1","isnull":"YES","lens":null},{"name":"actname","type":"varchar","explain":"\u52a8\u4f5c\u540d\u79f0","types":"varchar(20)","dev":null,"isnull":"YES","lens":"20"},{"name":"setid","type":"smallint","explain":"\u5bf9\u5e94\u6a21\u5757","types":"smallint(6)","dev":"0","isnull":"YES","lens":null},{"name":"wherestr","type":"varchar","explain":"\u663e\u793a\u6761\u4ef6","types":"varchar(300)","dev":null,"isnull":"YES","lens":"300"},{"name":"explain","type":"varchar","explain":"","types":"varchar(100)","dev":null,"isnull":"YES","lens":"100"},{"name":"status","type":"tinyint","explain":"","types":"tinyint(1)","dev":"1","isnull":"YES","lens":null},{"name":"islog","type":"tinyint","explain":"","types":"tinyint(1)","dev":"1","isnull":"YES","lens":null},{"name":"issm","type":"tinyint","explain":"","types":"tinyint(1)","dev":"1","isnull":"YES","lens":null},{"name":"type","type":"tinyint","explain":"\u7c7b\u578b","types":"tinyint(1)","dev":"0","isnull":"YES","lens":null},{"name":"changeaction","type":"varchar","explain":"\u89e6\u53d1\u7684\u65b9\u6cd5","types":"varchar(20)","dev":null,"isnull":"YES","lens":"20"},{"name":"fields","type":"varchar","explain":"","types":"varchar(50)","dev":null,"isnull":"YES","lens":"50"},{"name":"upgcont","type":"varchar","explain":"\u66f4\u65b0\u5185\u5bb9","types":"varchar(500)","dev":null,"isnull":"YES","lens":"500"},{"name":"iszs","type":"tinyint","explain":"\u662f\u5426\u5728\u8be6\u60c5\u9875\u9762\u663e\u793a","types":"tinyint(1)","dev":"0","isnull":"YES","lens":null}],"data":[{"id":"1","name":"\u6807\u4e3a\u5df2\u8bfb","num":"yd","sort":"0","statusname":"\u5df2\u8bfb","statuscolor":"green","statusvalue":"1","actname":"\u6807\u8bc6","setid":"1","wherestr":null,"explain":null,"status":"1","islog":"0","issm":"0","type":"0","changeaction":null,"fields":null,"upgcont":null,"iszs":"0"},{"id":"2","name":"\u5168\u90e8\u6807\u8bc6\u5df2\u8bfb","num":"allyd","sort":"0","statusname":null,"statuscolor":null,"statusvalue":"1","actname":null,"setid":"1","wherestr":null,"explain":null,"status":"1","islog":"0","issm":"0","type":"0","changeaction":null,"fields":null,"upgcont":null,"iszs":"0"},{"id":"3","name":"\u6807\u4e3a\u5df2\u8bfb","num":"yd","sort":"0","statusname":"\u5df2\u8bfb","statuscolor":"green","statusvalue":"1","actname":"\u6807\u8bc6","setid":"3","wherestr":null,"explain":null,"status":"1","islog":"0","issm":"0","type":"0","changeaction":null,"fields":null,"upgcont":null,"iszs":"0"},{"id":"4","name":"\u5168\u90e8\u6807\u8bc6\u5df2\u8bfb","num":"allyd","sort":"0","statusname":null,"statuscolor":null,"statusvalue":"1","actname":null,"setid":"3","wherestr":null,"explain":null,"status":"1","islog":"0","issm":"0","type":"0","changeaction":null,"fields":null,"upgcont":null,"iszs":"0"},{"id":"40","name":"\u521b\u5efa\u9879\u76ee\u4efb\u52a1","num":null,"sort":"0","statusname":null,"statuscolor":null,"statusvalue":"0","actname":null,"setid":"22","wherestr":"c3RhdHVzIG5vdCBpbigxLDUp","explain":null,"status":"1","islog":"0","issm":"0","type":"5","changeaction":null,"fields":null,"upgcont":"YWRkfHdvcmt8ZGVmX3Byb2plY3RpZD17aWR9","iszs":"0"},{"id":"6","name":"\u53d6\u6d88\u4f1a\u8bae","num":null,"sort":"0","statusname":"\u53d6\u6d88","statuscolor":"gray","statusvalue":"3","actname":null,"setid":"2","wherestr":"dHlwZT0wIGFuZCBvcHRpZD17dWlkfSBhbmQgc3RhcnRkdD57bm93fSAgYW5kIHN0YXRlPTA:","explain":"\u6211\u53d1\u8d77\uff0c\u672a\u5f00\u59cb\u4f1a\u8bae\u53ef\u53d6\u6d88","status":"1","islog":"1","issm":"1","type":"1","changeaction":null,"fields":null,"upgcont":null,"iszs":"0"},{"id":"7","name":"\u7ed3\u675f\u4f1a\u8bae","num":null,"sort":"0","statusname":"\u7ed3\u675f","statuscolor":"orange","statusvalue":"2","actname":null,"setid":"2","wherestr":"YHR5cGVgPTAgYW5kIG9wdGlkPXt1aWR9IGFuZCBzdGFydGR0PHtub3d9IGFuZCBlbmRkdD57bm93fSAgYW5kIHN0YXRlPTE:","explain":"\u6211\u53d1\u8d77\uff0c\u5f00\u4f1a\u4e2d\u53ef\u63d0\u524d\u7ed3\u675f","status":"1","islog":"1","issm":"1","type":"1","changeaction":null,"fields":null,"upgcont":null,"iszs":"0"},{"id":"12","name":"\uff0b\u6dfb\u52a0\u8ddf\u8fdb\u8bb0\u5f55","num":null,"sort":"0","statusname":"\u8ddf\u8fdb","statuscolor":null,"statusvalue":"1","actname":"\u8ddf\u8fdb\u8bb0\u5f55","setid":"7","wherestr":"KHVpZD17dWlkfSBvciB7c2hhdGVpZCx1aWRpbn0p","explain":null,"status":"0","islog":"1","issm":"1","type":"1","changeaction":null,"fields":null,"upgcont":"YGxhc3RkdGA9bm93KCk:","iszs":"0"},{"id":"13","name":"\u542f\u7528","num":"ztqh","sort":"0","statusname":"\u542f\u7528","statuscolor":"green","statusvalue":"1","actname":"\u72b6\u6001\u5207\u6362","setid":"7","wherestr":"dWlkPXt1aWR9IGFuZCBzdGF0dXM9MA::","explain":null,"status":"1","islog":"1","issm":"0","type":"1","changeaction":null,"fields":null,"upgcont":"c3RhdHVzPTE:","iszs":"0"},{"id":"14","name":"\u505c\u7528","num":"ztqh","sort":"0","statusname":"\u505c\u7528","statuscolor":"gray","statusvalue":"0","actname":"\u72b6\u6001\u5207\u6362","setid":"7","wherestr":"dWlkPXt1aWR9IGFuZCBzdGF0dXM9MQ::","explain":null,"status":"0","islog":"1","issm":"1","type":"1","changeaction":null,"fields":null,"upgcont":"c3RhdHVzPTA:","iszs":"0"},{"id":"15","name":"\u5171\u4eab\u7ed9...","num":"shate","sort":"5","statusname":null,"statuscolor":null,"statusvalue":"1","actname":null,"setid":"7","wherestr":"dWlkPXt1aWR9IGFuZCBzdGF0dXM9MQ::","explain":null,"status":"1","islog":"1","issm":"0","type":"3","changeaction":null,"fields":null,"upgcont":null,"iszs":"0"},{"id":"16","name":"\uff0b\u6dfb\u52a0\u8ddf\u8fdb","num":"genjin","sort":"0","statusname":null,"statuscolor":null,"statusvalue":"1","actname":"\u8ddf\u8fdb","setid":"8","wherestr":"dWlkPXt1aWR9","explain":null,"status":"1","islog":"1","issm":"1","type":"1","changeaction":null,"fields":null,"upgcont":null,"iszs":"0"},{"id":"17","name":"\u6807\u4e3a\u8ddf\u8fdb\u4e2d","num":"ztqh","sort":"0","statusname":"\u8ddf\u8fdb\u4e2d","statuscolor":"blue","statusvalue":"0","actname":"\u72b6\u6001\u5207\u6362","setid":"8","wherestr":"dWlkPXt1aWR9IGFuZCBzdGF0ZTw!MCBhbmQgaHRpZD0w","explain":null,"status":"1","islog":"1","issm":"0","type":"1","changeaction":null,"fields":null,"upgcont":null,"iszs":"0"},{"id":"18","name":"\u6807\u4e3a\u5df2\u6210\u4ea4","num":"ztqh","sort":"0","statusname":"\u5df2\u6210\u4ea4","statuscolor":"green","statusvalue":"1","actname":"\u72b6\u6001\u5207\u6362","setid":"8","wherestr":"dWlkPXt1aWR9IGFuZCBzdGF0ZTw!MQ::","explain":null,"status":"1","islog":"1","issm":"1","type":"1","changeaction":null,"fields":null,"upgcont":null,"iszs":"0"},{"id":"19","name":"\u6807\u4e3a\u5df2\u4e22\u5931","num":"ztqh","sort":"0","statusname":"\u5df2\u4e22\u5931","statuscolor":"gray","statusvalue":"2","actname":"\u72b6\u6001\u5207\u6362","setid":"8","wherestr":"dWlkPXt1aWR9IGFuZCBzdGF0ZTw!MiBhbmQgaHRpZD0w","explain":null,"status":"1","islog":"1","issm":"1","type":"1","changeaction":null,"fields":null,"upgcont":null,"iszs":"0"},{"id":"20","name":"\u8f6c\u79fb\u7ed9...","num":"zhuan","sort":"0","statusname":null,"statuscolor":null,"statusvalue":"1","actname":null,"setid":"8","wherestr":"dWlkPXt1aWR9IGFuZCBzdGF0ZT0w","explain":null,"status":"1","islog":"1","issm":"1","type":"2","changeaction":null,"fields":null,"upgcont":null,"iszs":"0"},{"id":"21","name":"\u6807\u4e3a\u6267\u884c\u4e2d","num":"state2","sort":"1","statusname":"\u6267\u884c\u4e2d","statuscolor":"orange","statusvalue":"3","actname":"\u8fdb\u5ea6\u62a5\u544a","setid":"22","wherestr":"YHN0YXR1c2Agbm90IGluKDEsNSk:","explain":null,"status":"1","islog":"1","issm":"0","type":"1","changeaction":null,"fields":null,"upgcont":null,"iszs":"0"},{"id":"22","name":"\u66f4\u65b0\u8fdb\u5ea6","num":"upprogress","sort":"0","statusname":null,"statuscolor":null,"statusvalue":"0","actname":null,"setid":"22","wherestr":"cHJvZ3Jlc3M8PjEwMCBhbmQgYHN0YXR1c2A8PjUgYW5kIHtpc21vYmlsZX09MA::","explain":null,"status":"1","islog":"1","issm":"0","type":"4","changeaction":null,"fields":"progress","upgcont":null,"iszs":"0"},{"id":"23","name":"\u6807\u4e3a\u5df2\u5b8c\u6210","num":"state1","sort":"1","statusname":"\u5df2\u5b8c\u6210","statuscolor":"green","statusvalue":"1","actname":"\u8fdb\u5ea6\u62a5\u544a","setid":"22","wherestr":"c3RhdHVzIG5vdCBpbigxLDUp","explain":null,"status":"1","islog":"1","issm":"0","type":"1","changeaction":null,"fields":null,"upgcont":null,"iszs":"0"},{"id":"24","name":"\u7ec8\u6b62\u9879\u76ee","num":"state3","sort":"1","statusname":"\u7ec8\u6b62","statuscolor":"gray","statusvalue":"5","actname":"\u8fdb\u5ea6\u62a5\u544a","setid":"22","wherestr":"YHN0YXR1c2Agbm90IGluKDEsNSk:","explain":null,"status":"1","islog":"1","issm":"1","type":"1","changeaction":null,"fields":null,"upgcont":null,"iszs":"0"},{"id":"25","name":"\u63d0\u524d\u7ec8\u6b62","num":null,"sort":"0","statusname":"\u7ec8\u6b62","statuscolor":"gray","statusvalue":"2","actname":"\u63d0\u524d\u7ec8\u6b62","setid":"31","wherestr":"c3RhdGU9MQ::","explain":null,"status":"1","islog":"1","issm":"1","type":"4","changeaction":null,"fields":"tqenddt","upgcont":null,"iszs":"0"},{"id":"26","name":"\u521b\u5efa\u6536\u6b3e\u5355","num":"cjdaishou","sort":"0","statusname":null,"statuscolor":"chocolate","statusvalue":"1","actname":null,"setid":"35","wherestr":"dWlkPXt1aWR9IGFuZCBpc292ZXI9MCBhbmQgdHlwZT0w","explain":null,"status":"0","islog":"1","issm":"0","type":"5","changeaction":null,"fields":null,"upgcont":null,"iszs":"1"},{"id":"27","name":"\u6807\u5df2\u6536\u6b3e","num":"pay","sort":"0","statusname":"\u5df2\u6536\u6b3e","statuscolor":"green","statusvalue":"0","actname":null,"setid":"36","wherestr":"dWlkPXt1aWR9IGFuZCB0eXBlPTAgYW5kIGlzcGF5PTA:","explain":null,"status":"1","islog":"1","issm":"1","type":"4","changeaction":null,"fields":"paydt","upgcont":null,"iszs":"0"},{"id":"28","name":"\u6807\u5df2\u4ed8\u6b3e","num":"pay","sort":"0","statusname":"\u5df2\u4ed8\u6b3e","statuscolor":"green","statusvalue":"0","actname":null,"setid":"36","wherestr":"dWlkPXt1aWR9IGFuZCB0eXBlPTEgYW5kIGlzcGF5PTA:","explain":null,"status":"1","islog":"1","issm":"1","type":"4","changeaction":null,"fields":"paydt","upgcont":null,"iszs":"0"},{"id":"29","name":"\u521b\u5efa\u4ed8\u6b3e\u5355","num":"cjdaishou","sort":"0","statusname":null,"statuscolor":"chocolate","statusvalue":"1","actname":null,"setid":"35","wherestr":"dWlkPXt1aWR9IGFuZCBpc292ZXI9MCBhbmQgdHlwZT0x","explain":null,"status":"0","islog":"0","issm":"0","type":"1","changeaction":null,"fields":null,"upgcont":null,"iszs":"0"},{"id":"30","name":"\u9886\u7528\u767b\u8bb0","num":null,"sort":"0","statusname":"\u9886\u7528","statuscolor":null,"statusvalue":"1","actname":null,"setid":"41","wherestr":"YHN0YXRlYD0w","explain":null,"status":"1","islog":"1","issm":"1","type":"4","changeaction":null,"fields":"usename","upgcont":"YHN0YXRlYD0x","iszs":"0"},{"id":"31","name":"\u7ef4\u4fee\u767b\u8bb0","num":null,"sort":"0","statusname":"\u7ef4\u4fee","statuscolor":"gray","statusvalue":"1","actname":null,"setid":"41","wherestr":null,"explain":null,"status":"1","islog":"1","issm":"1","type":"1","changeaction":null,"fields":null,"upgcont":"YHN0YXRlYD0y","iszs":"0"},{"id":"32","name":"\u6807\u2606","num":null,"sort":"0","statusname":"\u6807\u661f","statuscolor":"chocolate","statusvalue":"1","actname":"\u72b6\u6001\u5207\u6362","setid":"7","wherestr":"dWlkPXt1aWR9IGFuZCBpc3N0YXQ9MA::","explain":null,"status":"0","islog":"1","issm":"0","type":"1","changeaction":null,"fields":null,"upgcont":"aXNzdGF0PTE:","iszs":"0"},{"id":"33","name":"\u53d6\u6d88\u6807\u2606","num":null,"sort":"0","statusname":"\u53d6\u6d88\u6807\u661f","statuscolor":"gray","statusvalue":"0","actname":"\u72b6\u6001\u5207\u6362","setid":"7","wherestr":"dWlkPXt1aWR9IGFuZCBpc3N0YXQ9MQ::","explain":null,"status":"1","islog":"1","issm":"0","type":"1","changeaction":null,"fields":null,"upgcont":"aXNzdGF0PTA:","iszs":"0"},{"id":"34","name":"\u53d6\u6d88\u5171\u4eab","num":"unshate","sort":"6","statusname":null,"statuscolor":"gray","statusvalue":"1","actname":null,"setid":"7","wherestr":"dWlkPXt1aWR9IGFuZCBzdGF0dXM9MSBhbmQgc2hhdGUgaXMgbm90IG51bGw:","explain":null,"status":"1","islog":"1","issm":"0","type":"1","changeaction":null,"fields":null,"upgcont":null,"iszs":"0"},{"id":"35","name":"\u4f1a\u8bae\u7b7e\u5230","num":"qdnoup","sort":"0","statusname":"\u7b7e\u5230","statuscolor":"blue","statusvalue":"6","actname":"\u7b7e\u5230","setid":"2","wherestr":"YHR5cGVgPTAgYW5kIChgc3RhdGVgPTEgb3IgKDYwMD4odW5peF90aW1lc3RhbXAoYHN0YXJ0ZHRgKS11bml4X3RpbWVzdGFtcCgpKT4wIGFuZCBgc3RhdGVgPTApKQ::","explain":"\u53ea\u80fd\u624b\u673a\u7aef\u4e0a\u7b7e\u5230, \u53ef\u63d0\u524d10\u5206\u949f\u7b7e\u5230","status":"1","islog":"1","issm":"0","type":"1","changeaction":null,"fields":null,"upgcont":null,"iszs":"1"},{"id":"36","name":"\u8bbe\u7f6e\u4e3a\u7ba1\u7406\u5458","num":null,"sort":"0","statusname":null,"statuscolor":null,"statusvalue":"0","actname":null,"setid":"10","wherestr":"YGlkYD4xICBhbmQge3VpZH09MSBhbmQgYHR5cGVgPTA:","explain":null,"status":"1","islog":"1","issm":"1","type":"0","changeaction":null,"fields":null,"upgcont":"YHR5cGVgPTE:","iszs":"0"},{"id":"37","name":"\u53d6\u6d88\u7ba1\u7406\u5458","num":null,"sort":"0","statusname":null,"statuscolor":null,"statusvalue":"0","actname":null,"setid":"10","wherestr":"YGlkYD4xICBhbmQge3VpZH09MSBhbmQgYHR5cGVgPTE:","explain":null,"status":"1","islog":"1","issm":"1","type":"0","changeaction":null,"fields":null,"upgcont":"YHR5cGVgPTA:","iszs":"0"},{"id":"38","name":"\u653e\u5165\u5ba2\u6237\u516c\u6d77\u5e93","num":"ghnoup","sort":"7","statusname":null,"statuscolor":"deeppink","statusvalue":"1","actname":null,"setid":"7","wherestr":"YGlzZ2hgPTA:","explain":null,"status":"0","islog":"1","issm":"0","type":"1","changeaction":null,"fields":null,"upgcont":null,"iszs":"1"},{"id":"39","name":"\u8fdb\u5ea6+5%","num":null,"sort":"0","statusname":null,"statuscolor":null,"statusvalue":"0","actname":null,"setid":"22","wherestr":"cHJvZ3Jlc3M8PjEwMCBhbmQgYHN0YXR1c2A8PjU:","explain":null,"status":"1","islog":"1","issm":"0","type":"1","changeaction":null,"fields":null,"upgcont":"cHJvZ3Jlc3M9cHJvZ3Jlc3MrNQ::","iszs":"0"},{"id":"41","name":"\u76f8\u5173\u9879\u76ee\u4fe1\u606f","num":null,"sort":"0","statusname":null,"statuscolor":null,"statusvalue":"0","actname":null,"setid":"4","wherestr":"cHJvamVjdGlkPjA:","explain":null,"status":"1","islog":"0","issm":"0","type":"5","changeaction":null,"fields":null,"upgcont":"eGlhbmd8cHJvamVjdHxtaWQ9e3Byb2plY3RpZH0:","iszs":"0"},{"id":"42","name":"\u5f52\u8fd8\u767b\u8bb0","num":null,"sort":"0","statusname":"\u5f52\u8fd8","statuscolor":null,"statusvalue":"1","actname":null,"setid":"41","wherestr":null,"explain":null,"status":"1","islog":"1","issm":"0","type":"1","changeaction":null,"fields":null,"upgcont":"YHN0YXRlYD0wLGB1c2VpZGA9JzAnLGB1c2VuYW1lYD1udWxs","iszs":"0"},{"id":"43","name":"\u505c\u7528\u4f1a\u8bae","num":"tynoup","sort":"0","statusname":null,"statuscolor":"gray","statusvalue":"0","actname":null,"setid":"2","wherestr":"YHR5cGVgPTEgYW5kIGBzdGF0dXNgPTE:","explain":"\u56fa\u5b9a\u4f1a\u8bae\u505c\u7528\u7684","status":"1","islog":"1","issm":"0","type":"1","changeaction":null,"fields":null,"upgcont":"YHN0YXR1c2A9MA::","iszs":"0"},{"id":"44","name":"\u542f\u7528\u4f1a\u8bae","num":"qynoup","sort":"0","statusname":null,"statuscolor":"green","statusvalue":"0","actname":null,"setid":"2","wherestr":"YHR5cGVgPTEgYW5kIGBzdGF0dXNgPTA:","explain":"\u56fa\u5b9a\u4f1a\u8bae\u542f\u7528","status":"1","islog":"1","issm":"0","type":"1","changeaction":null,"fields":null,"upgcont":"YHN0YXR1c2A9MQ::","iszs":"0"},{"id":"45","name":"\u5206\u914d\u7ed9...","num":null,"sort":"10","statusname":null,"statuscolor":null,"statusvalue":"0","actname":"\u5206\u914d","setid":"7","wherestr":"YHVpZGA9MA::","explain":null,"status":"1","islog":"1","issm":"0","type":"2","changeaction":null,"fields":null,"upgcont":"YHVpZGA9e2NuYW1laWR9LGBpc2doYD0w","iszs":"0"},{"id":"54","name":"\u521b\u5efa\u6536\u6b3e\u5355","num":null,"sort":"0","statusname":null,"statuscolor":"chocolate","statusvalue":"0","actname":null,"setid":"92","wherestr":"YHN0YXR1c2A9MSBhbmQgYGlzcGF5YD0wIGFuZCBgY3VzdHJhY3RpZGA9MA::","explain":"\u672a\u5173\u8054\u5408\u540c\u9700\u8981\u521b\u5efa\u6536\u6b3e\u5355","status":"1","islog":"0","issm":"0","type":"5","changeaction":null,"fields":null,"upgcont":"YWRkfGN1c3RmaW5hfGRlZl9odGlkPS17aWR9JmRlZl90eXBlPTA:","iszs":"0"}]}}