{"xinhu_word":{"fields":[{"name":"id","type":"int","explain":"","types":"int(11)","dev":null,"isnull":"NO","lens":null},{"name":"name","type":"varchar","explain":"\u540d\u79f0","types":"varchar(50)","dev":null,"isnull":"YES","lens":"50"},{"name":"optid","type":"smallint","explain":"","types":"smallint(6)","dev":"0","isnull":"YES","lens":null},{"name":"optname","type":"varchar","explain":"","types":"varchar(20)","dev":null,"isnull":"YES","lens":"20"},{"name":"fileid","type":"int","explain":"","types":"int(11)","dev":"0","isnull":"YES","lens":null},{"name":"shateid","type":"varchar","explain":"","types":"varchar(200)","dev":null,"isnull":"YES","lens":"200"},{"name":"shate","type":"varchar","explain":"\u5206\u4eab\u7ed9\u6211\u7684","types":"varchar(200)","dev":null,"isnull":"YES","lens":"200"},{"name":"optdt","type":"datetime","explain":"","types":"datetime","dev":null,"isnull":"YES","lens":null},{"name":"typeid","type":"smallint","explain":"\u5bf9\u5e94\u7c7b\u578b","types":"smallint(6)","dev":"0","isnull":"YES","lens":null},{"name":"cid","type":"int","explain":"\u6587\u6863\u5206\u533aID","types":"int(11)","dev":"0","isnull":"YES","lens":null},{"name":"type","type":"tinyint","explain":"0\u6587\u4ef6,1\u6587\u4ef6\u5939","types":"tinyint(1)","dev":"0","isnull":"YES","lens":null},{"name":"sort","type":"smallint","explain":"\u6392\u5e8f\u53f7","types":"smallint(1)","dev":"0","isnull":"YES","lens":null},{"name":"comid","type":"smallint","explain":"\u5bf9\u5e94\u5355\u4f4did","types":"smallint(6)","dev":"0","isnull":"YES","lens":null}],"data":[]}}