{"xinhu_emailm":{"fields":[{"name":"id","type":"int","explain":"","types":"int(11)","dev":null,"isnull":"NO","lens":null},{"name":"uid","type":"smallint","explain":"\u7528\u6237iD","types":"smallint(6)","dev":"0","isnull":"YES","lens":null},{"name":"title","type":"varchar","explain":"\u4e3b\u9898","types":"varchar(220)","dev":null,"isnull":"YES","lens":"220"},{"name":"content","type":"longtext","explain":"\u90ae\u4ef6\u5185\u5bb9","types":"longtext","dev":null,"isnull":"YES","lens":"4294967295"},{"name":"sendid","type":"smallint","explain":"","types":"smallint(6)","dev":null,"isnull":"YES","lens":null},{"name":"sendname","type":"varchar","explain":"\u53d1\u9001\u4eba","types":"varchar(100)","dev":null,"isnull":"YES","lens":"100"},{"name":"senddt","type":"datetime","explain":"\u53d1\u9001\u65f6\u95f4","types":"datetime","dev":null,"isnull":"YES","lens":null},{"name":"receid","type":"varchar","explain":"","types":"varchar(2000)","dev":null,"isnull":"YES","lens":"2000"},{"name":"recename","type":"varchar","explain":"\u63a5\u6536\u4eba","types":"varchar(4000)","dev":null,"isnull":"YES","lens":"4000"},{"name":"isturn","type":"tinyint","explain":"@0|\u8349\u7a3f,1|\u5df2\u53d1\u9001","types":"tinyint(1)","dev":"0","isnull":"YES","lens":null},{"name":"hid","type":"smallint","explain":"@\u56de\u590did","types":"smallint(6)","dev":"0","isnull":"YES","lens":null},{"name":"isfile","type":"tinyint","explain":"@\u662f\u5426\u6709\u9644\u4ef6","types":"tinyint(1)","dev":"0","isnull":"YES","lens":null},{"name":"applydt","type":"date","explain":"","types":"date","dev":null,"isnull":"YES","lens":null},{"name":"message_id","type":"varchar","explain":"\u90ae\u4ef6Id","types":"varchar(100)","dev":null,"isnull":"YES","lens":"100"},{"name":"fromemail","type":"varchar","explain":"\u53d1\u9001\u4eba\u90ae\u4ef6","types":"varchar(500)","dev":null,"isnull":"YES","lens":"500"},{"name":"toemail","type":"varchar","explain":"\u53d1\u7ed9\u90ae\u4ef6\u4eba","types":"varchar(500)","dev":null,"isnull":"YES","lens":"500"},{"name":"reply_toemail","type":"varchar","explain":"\u56de\u590d\u90ae\u4ef6","types":"varchar(500)","dev":null,"isnull":"YES","lens":"500"},{"name":"ccemail","type":"varchar","explain":"\u6284\u9001\u7ed9","types":"varchar(500)","dev":null,"isnull":"YES","lens":"500"},{"name":"size","type":"int","explain":"\u90ae\u4ef6\u5927\u5c0f","types":"int(11)","dev":"0","isnull":"YES","lens":null},{"name":"ccname","type":"varchar","explain":"\u6284\u9001\u7ed9","types":"varchar(100)","dev":null,"isnull":"YES","lens":"100"},{"name":"ccid","type":"varchar","explain":"","types":"varchar(100)","dev":null,"isnull":"YES","lens":"100"},{"name":"type","type":"tinyint","explain":"0\u5185\u90e8\u90ae\u4ef6,1\u7528\u90ae\u4ef6\u5916\u53d1","types":"tinyint(1)","dev":"0","isnull":"YES","lens":null},{"name":"optdt","type":"datetime","explain":"\u64cd\u4f5c\u65f6\u95f4","types":"datetime","dev":null,"isnull":"YES","lens":null},{"name":"numoi","type":"int","explain":"","types":"int(11)","dev":"0","isnull":"YES","lens":null},{"name":"comid","type":"smallint","explain":"\u5bf9\u5e94\u5355\u4f4did","types":"smallint(6)","dev":"0","isnull":"YES","lens":null}],"data":[]}}