{"xinhu_hrredund":{"fields":[{"name":"id","type":"int","explain":"","types":"int(11)","dev":null,"isnull":"NO","lens":null},{"name":"uid","type":"int","explain":"","types":"int(11)","dev":null,"isnull":"YES","lens":null},{"name":"applyname","type":"varchar","explain":"\u7533\u8bf7\u4eba\u59d3\u540d","types":"varchar(30)","dev":null,"isnull":"YES","lens":"30"},{"name":"ranking","type":"varchar","explain":"\u804c\u4f4d","types":"varchar(30)","dev":null,"isnull":"YES","lens":"30"},{"name":"entrydt","type":"date","explain":"\u5165\u804c\u65e5\u671f","types":"date","dev":null,"isnull":"YES","lens":null},{"name":"quitdt","type":"date","explain":"\u79bb\u804c\u65e5\u671f","types":"date","dev":null,"isnull":"YES","lens":null},{"name":"redundtype","type":"varchar","explain":"\u79bb\u804c\u7c7b\u578b","types":"varchar(20)","dev":null,"isnull":"YES","lens":"20"},{"name":"redundreson","type":"varchar","explain":"\u79bb\u804c\u539f\u56e0","types":"varchar(100)","dev":null,"isnull":"YES","lens":"100"},{"name":"optdt","type":"datetime","explain":"\u64cd\u4f5c\u65f6\u95f4","types":"datetime","dev":null,"isnull":"YES","lens":null},{"name":"explain","type":"varchar","explain":"\u8bf4\u660e","types":"varchar(500)","dev":null,"isnull":"YES","lens":"500"},{"name":"status","type":"tinyint","explain":"@0|\u5f85\u5ba1\u6838,1|\u5ba1\u6838\u901a\u8fc7,2|\u5ba1\u6838\u4e0d\u901a\u8fc7","types":"tinyint(1)","dev":"0","isnull":"YES","lens":null},{"name":"isturn","type":"tinyint","explain":"@0|\u672a\u63d0\u4ea4,1|\u63d0\u4ea4","types":"tinyint(1)","dev":"0","isnull":"YES","lens":null},{"name":"isover","type":"tinyint","explain":"","types":"tinyint(1)","dev":"0","isnull":"YES","lens":null},{"name":"optid","type":"int","explain":"","types":"int(11)","dev":null,"isnull":"YES","lens":null},{"name":"optname","type":"varchar","explain":"\u64cd\u4f5c\u4eba","types":"varchar(20)","dev":null,"isnull":"YES","lens":"20"},{"name":"applydt","type":"date","explain":"\u7533\u8bf7\u65e5\u671f","types":"date","dev":null,"isnull":"YES","lens":null},{"name":"comid","type":"smallint","explain":"\u5bf9\u5e94\u5355\u4f4did","types":"smallint(6)","dev":"0","isnull":"YES","lens":null}],"data":[]}}