{"xinhu_wxtx_renlian":{"fields":[{"name":"id","type":"int","explain":"","types":"int(11)","dev":null,"isnull":"NO","lens":null},{"name":"personname","type":"varchar","explain":"","types":"varchar(50)","dev":null,"isnull":"YES","lens":"50"},{"name":"personid","type":"varchar","explain":"\u4eba\u5458id","types":"varchar(100)","dev":"","isnull":"NO","lens":"100"},{"name":"gender","type":"tinyint","explain":"\u6027\u522b","types":"tinyint(1)","dev":null,"isnull":"YES","lens":null},{"name":"faceids","type":"varchar","explain":"\u5305\u542b\u7684\u4eba\u8138\u7167\u7247\u5217\u8868","types":"varchar(500)","dev":null,"isnull":"YES","lens":"500"},{"name":"status","type":"tinyint","explain":"\u662f\u5426\u542f\u7528","types":"tinyint(1)","dev":"1","isnull":"YES","lens":null},{"name":"uid","type":"int","explain":"\u5173\u8054\u7528\u6237ID","types":"int(11)","dev":"0","isnull":"YES","lens":null},{"name":"imgurl","type":"varchar","explain":"\u4eba\u8138\u56fe\u7247","types":"varchar(500)","dev":null,"isnull":"YES","lens":"500"}],"data":[]}}