{"xinhu_finjibook":{"fields":[{"name":"id","type":"int","explain":"","types":"int(11)","dev":null,"isnull":"NO","lens":null},{"name":"comid","type":"smallint","explain":"\u5bf9\u5e94\u5355\u4f4did","types":"smallint(6)","dev":"0","isnull":"YES","lens":null},{"name":"type","type":"tinyint","explain":"0\u6536\u5165,1\u652f\u51fa","types":"tinyint(1)","dev":"0","isnull":"YES","lens":null},{"name":"money","type":"decimal","explain":"\u91d1\u989d","types":"decimal(10,2)","dev":"0.00","isnull":"YES","lens":null},{"name":"custid","type":"int","explain":"\u5bf9\u5e94\u5ba2\u6237Id","types":"int(11)","dev":"0","isnull":"YES","lens":null},{"name":"custname","type":"varchar","explain":"\u5173\u8054\u5ba2\u6237\u540d","types":"varchar(100)","dev":null,"isnull":"YES","lens":"100"},{"name":"applydt","type":"date","explain":"\u8bb0\u8d26\u65e5\u671f","types":"date","dev":null,"isnull":"YES","lens":null},{"name":"optid","type":"int","explain":"","types":"int(11)","dev":"0","isnull":"YES","lens":null},{"name":"optname","type":"varchar","explain":"","types":"varchar(50)","dev":null,"isnull":"YES","lens":"50"},{"name":"optdt","type":"datetime","explain":"","types":"datetime","dev":null,"isnull":"YES","lens":null},{"name":"uid","type":"int","explain":"\u76f8\u5173\u4eba\u5458","types":"int(11)","dev":"0","isnull":"YES","lens":null},{"name":"xguid","type":"int","explain":"","types":"int(11)","dev":"0","isnull":"YES","lens":null},{"name":"xgname","type":"varchar","explain":"","types":"varchar(50)","dev":null,"isnull":"YES","lens":"50"},{"name":"xgdeptname","type":"varchar","explain":"\u5173\u8054\u90e8\u95e8","types":"varchar(100)","dev":null,"isnull":"YES","lens":"100"},{"name":"explain","type":"varchar","explain":"\u8bf4\u660e","types":"varchar(500)","dev":null,"isnull":"YES","lens":"500"},{"name":"mknum","type":"varchar","explain":"\u5173\u8054\u5355\u636e","types":"varchar(100)","dev":null,"isnull":"YES","lens":"100"},{"name":"accountid","type":"int","explain":"\u5173\u8054\u8d22\u52a1\u5e10\u53f7finount.id","types":"int(11)","dev":"0","isnull":"YES","lens":null},{"name":"zhangid","type":"int","explain":"\u5173\u8054\u8d26\u5957finzhang.id","types":"int(11)","dev":"0","isnull":"YES","lens":null},{"name":"jtype","type":"varchar","explain":"\u8bb0\u8d26\u7c7b\u578b","types":"varchar(50)","dev":null,"isnull":"YES","lens":"50"},{"name":"status","type":"tinyint","explain":"\u72b6\u6001","types":"tinyint(1)","dev":"1","isnull":"YES","lens":null}],"data":[]}}