{"xinhu_hrsalarm":{"fields":[{"name":"id","type":"int","explain":"","types":"int(11)","dev":null,"isnull":"NO","lens":null},{"name":"title","type":"varchar","explain":"\u6a21\u7248\u540d\u79f0","types":"varchar(50)","dev":null,"isnull":"YES","lens":"50"},{"name":"receid","type":"varchar","explain":"","types":"varchar(500)","dev":null,"isnull":"YES","lens":"500"},{"name":"recename","type":"varchar","explain":"\u9002\u7528\u5bf9\u8c61","types":"varchar(500)","dev":null,"isnull":"YES","lens":"500"},{"name":"explain","type":"varchar","explain":"","types":"varchar(500)","dev":null,"isnull":"YES","lens":"500"},{"name":"optid","type":"int","explain":"","types":"int(11)","dev":"0","isnull":"YES","lens":null},{"name":"optname","type":"varchar","explain":"","types":"varchar(20)","dev":null,"isnull":"YES","lens":"20"},{"name":"optdt","type":"datetime","explain":"","types":"datetime","dev":null,"isnull":"YES","lens":null},{"name":"atype","type":"varchar","explain":"\u6a21\u7248\u7c7b\u578b","types":"varchar(20)","dev":null,"isnull":"YES","lens":"20"},{"name":"startdt","type":"varchar","explain":"\u5f00\u59cb\u6708\u4efd","types":"varchar(20)","dev":null,"isnull":"YES","lens":"20"},{"name":"enddt","type":"varchar","explain":"\u622a\u6b62\u6708\u4efd","types":"varchar(20)","dev":null,"isnull":"YES","lens":"20"},{"name":"sort","type":"smallint","explain":"\u6392\u5e8f\u53f7","types":"smallint(6)","dev":"0","isnull":"YES","lens":null},{"name":"status","type":"tinyint","explain":"\u662f\u5426\u542f\u7528","types":"tinyint(1)","dev":"1","isnull":"YES","lens":null},{"name":"comid","type":"smallint","explain":"\u5bf9\u5e94\u5355\u4f4did","types":"smallint(6)","dev":"0","isnull":"YES","lens":null}],"data":[{"id":"1","title":null,"receid":"d1","recename":"\u4e2d\u6295\u5f00\u53d1\u56e2\u961f","explain":null,"optid":"1","optname":"\u7ba1\u7406\u5458","optdt":"2018-09-30 13:26:47","atype":"\u57fa\u672c\u5de5\u8d44","startdt":"2013-12","enddt":"2050-12","sort":"0","status":"1","comid":"0"},{"id":"2","title":"\u7ee9\u6548\u8003\u6838","receid":"d1","recename":"\u4e2d\u6295\u5f00\u53d1\u56e2\u961f","explain":null,"optid":"1","optname":"\u7ba1\u7406\u5458","optdt":"2018-09-30 13:26:47","atype":"\u7ee9\u6548","startdt":"2013-12","enddt":"2050-12","sort":"10","status":"1","comid":"0"},{"id":"3","title":"\u4eba\u4e8b\u8003\u52e4","receid":"d1","recename":"\u4e2d\u6295\u5f00\u53d1\u56e2\u961f","explain":null,"optid":"1","optname":"\u7ba1\u7406\u5458","optdt":"2018-09-30 13:26:47","atype":"\u8003\u52e4","startdt":"2013-01","enddt":"2050-12","sort":"20","status":"1","comid":"0"},{"id":"4","title":null,"receid":"d1","recename":"\u4e2d\u6295\u5f00\u53d1\u56e2\u961f","explain":"\u8d77\u5f81\u70b93500","optid":"1","optname":"\u7ba1\u7406\u5458","optdt":"2018-10-09 19:37:48","atype":"\u4e2a\u4eba\u6240\u5f97\u7a0e","startdt":"2013-01","enddt":"2018-09","sort":"70","status":"1","comid":"0"},{"id":"5","title":null,"receid":"d1","recename":"\u4e2d\u6295\u5f00\u53d1\u56e2\u961f","explain":null,"optid":"1","optname":"\u7ba1\u7406\u5458","optdt":"2018-09-30 13:26:47","atype":"\u793e\u4fdd\u516c\u79ef\u91d1","startdt":"2013-01","enddt":"2050-12","sort":"50","status":"1","comid":"0"},{"id":"6","title":"\u4eba\u4e8b\u8003\u52e4","receid":"d1","recename":"\u4e2d\u6295\u5f00\u53d1\u56e2\u961f","explain":null,"optid":"1","optname":"\u7ba1\u7406\u5458","optdt":"2018-09-30 13:26:47","atype":"\u8003\u52e4","startdt":"2013-01","enddt":"2050-12","sort":"20","status":"0","comid":"0"},{"id":"7","title":null,"receid":"d1","recename":"\u4e2d\u6295\u5f00\u53d1\u56e2\u961f","explain":null,"optid":"1","optname":"\u7ba1\u7406\u5458","optdt":"2018-10-09 19:39:10","atype":"\u8865\u8d34","startdt":"2013-01","enddt":"2050-12","sort":"30","status":"1","comid":"0"},{"id":"8","title":null,"receid":"d1","recename":"\u4e2d\u6295\u5f00\u53d1\u56e2\u961f","explain":null,"optid":"1","optname":"\u7ba1\u7406\u5458","optdt":"2018-09-30 13:26:47","atype":"\u5176\u4ed6","startdt":"2013-01","enddt":"2050-12","sort":"40","status":"1","comid":"0"},{"id":"9","title":null,"receid":"d1","recename":"\u4e2d\u6295\u5f00\u53d1\u56e2\u961f","explain":"\u8d77\u5f81\u70b95000\uff0c2018\u5e7410\u6708\u8d77","optid":"1","optname":"\u7ba1\u7406\u5458","optdt":"2018-09-30 13:26:47","atype":"\u4e2a\u4eba\u6240\u5f97\u7a0e","startdt":"2018-10","enddt":"2050-12","sort":"70","status":"1","comid":"0"}]}}