{"xinhu_kqdkjl":{"fields":[{"name":"id","type":"int","explain":"","types":"int(11)","dev":null,"isnull":"NO","lens":null},{"name":"uid","type":"int","explain":"","types":"int(11)","dev":"0","isnull":"NO","lens":null},{"name":"dkdt","type":"datetime","explain":"","types":"datetime","dev":null,"isnull":"YES","lens":null},{"name":"optdt","type":"datetime","explain":"","types":"datetime","dev":null,"isnull":"YES","lens":null},{"name":"type","type":"tinyint","explain":"0\u5728\u7ebf\u6253\u5361,1\u8003\u52e4\u673a,2\u624b\u673a\u5b9a\u4f4d,3\u624b\u52a8\u6dfb\u52a0,4\u5f02\u5e38\u6dfb\u52a0,5\u6570\u636e\u5bfc\u5165,6\u63a5\u53e3\u5bfc\u5165","types":"tinyint(1)","dev":"0","isnull":"YES","lens":null},{"name":"address","type":"varchar","explain":"\u5b9a\u4f4d\u5730\u5740","types":"varchar(50)","dev":null,"isnull":"YES","lens":"50"},{"name":"lat","type":"varchar","explain":"\u7eac\u5ea6","types":"varchar(20)","dev":null,"isnull":"YES","lens":"20"},{"name":"lng","type":"varchar","explain":"\u7ecf\u5ea6","types":"varchar(20)","dev":null,"isnull":"YES","lens":"20"},{"name":"accuracy","type":"smallint","explain":"\u7cbe\u786e\u8303\u56f4","types":"smallint(6)","dev":"0","isnull":"YES","lens":null},{"name":"ip","type":"varchar","explain":"","types":"varchar(100)","dev":null,"isnull":"YES","lens":"100"},{"name":"mac","type":"varchar","explain":"","types":"varchar(100)","dev":null,"isnull":"YES","lens":"100"},{"name":"explain","type":"varchar","explain":"","types":"varchar(200)","dev":null,"isnull":"YES","lens":"200"},{"name":"imgpath","type":"varchar","explain":"\u76f8\u5173\u56fe\u7247","types":"varchar(100)","dev":null,"isnull":"YES","lens":"100"},{"name":"snid","type":"int","explain":"\u8003\u52e4\u673a\u8bbe\u5907id","types":"int(11)","dev":"0","isnull":"YES","lens":null},{"name":"sntype","type":"tinyint","explain":"\u8003\u52e4\u673a\u6253\u5361\u65b9\u5f0f0\u5bc6\u7801,1\u6307\u7eb9,2\u5237\u5361","types":"tinyint(4)","dev":"0","isnull":"YES","lens":null},{"name":"comid","type":"smallint","explain":"\u5bf9\u5e94\u5355\u4f4did","types":"smallint(6)","dev":"0","isnull":"YES","lens":null}],"data":[]}}