{"xinhu_reward":{"fields":[{"name":"id","type":"int","explain":"","types":"int(11)","dev":null,"isnull":"NO","lens":null},{"name":"uid","type":"smallint","explain":"","types":"smallint(6)","dev":"0","isnull":"YES","lens":null},{"name":"optdt","type":"datetime","explain":"\u64cd\u4f5c\u65f6\u95f4","types":"datetime","dev":null,"isnull":"YES","lens":null},{"name":"optid","type":"smallint","explain":"","types":"smallint(6)","dev":"0","isnull":"YES","lens":null},{"name":"optname","type":"varchar","explain":"\u64cd\u4f5c\u4eba","types":"varchar(20)","dev":null,"isnull":"YES","lens":"20"},{"name":"applydt","type":"date","explain":"\u7533\u8bf7\u65e5\u671f","types":"date","dev":null,"isnull":"YES","lens":null},{"name":"explain","type":"varchar","explain":"\u8bf4\u660e","types":"varchar(500)","dev":null,"isnull":"YES","lens":"500"},{"name":"status","type":"tinyint","explain":"\u72b6\u6001","types":"tinyint(1)","dev":"1","isnull":"YES","lens":null},{"name":"isturn","type":"tinyint","explain":"\u662f\u5426\u63d0\u4ea4","types":"tinyint(1)","dev":"1","isnull":"YES","lens":null},{"name":"object","type":"varchar","explain":"\u5956\u60e9\u5bf9\u8c61","types":"varchar(30)","dev":null,"isnull":"YES","lens":"30"},{"name":"objectid","type":"smallint","explain":"","types":"smallint(6)","dev":"0","isnull":"YES","lens":null},{"name":"type","type":"tinyint","explain":"\u5956\u60e9\u7c7b\u578b0\u5956\u52b1,1\u5904\u7f5a","types":"tinyint(1)","dev":"0","isnull":"YES","lens":null},{"name":"result","type":"varchar","explain":"\u5956\u60e9\u7ed3\u679c","types":"varchar(50)","dev":null,"isnull":"YES","lens":"50"},{"name":"money","type":"mediumint","explain":"\u5956\u60e9\u91d1\u989d","types":"mediumint(6)","dev":null,"isnull":"YES","lens":null},{"name":"happendt","type":"datetime","explain":"\u53d1\u751f\u65f6\u95f4","types":"datetime","dev":null,"isnull":"YES","lens":null},{"name":"hapaddress","type":"varchar","explain":"\u53d1\u751f\u5730\u70b9","types":"varchar(50)","dev":null,"isnull":"YES","lens":"50"},{"name":"comid","type":"smallint","explain":"\u5bf9\u5e94\u5355\u4f4did","types":"smallint(6)","dev":"0","isnull":"YES","lens":null}],"data":[]}}