{"xinhu_fininfom":{"fields":[{"name":"id","type":"int","explain":"","types":"int(11)","dev":null,"isnull":"NO","lens":null},{"name":"type","type":"tinyint","explain":"\u7c7b\u578b@0|\u62a5\u9500\u5355,1|\u51fa\u5dee\u62a5\u9500,2|\u501f\u6b3e\u5355,3|\u8fd8\u6b3e\u5355,4|\u4ed8\u6b3e\u7533\u8bf7,5|\u5f00\u7968\u7533\u8bf7","types":"tinyint(2)","dev":"0","isnull":"YES","lens":null},{"name":"uid","type":"int","explain":"","types":"int(11)","dev":null,"isnull":"YES","lens":null},{"name":"money","type":"decimal","explain":"\u91d1\u989d","types":"decimal(10,2)","dev":"0.00","isnull":"YES","lens":null},{"name":"moneycn","type":"varchar","explain":"\u5927\u5199\u91d1\u989d","types":"varchar(100)","dev":null,"isnull":"YES","lens":"100"},{"name":"optdt","type":"datetime","explain":"\u64cd\u4f5c\u65f6\u95f4","types":"datetime","dev":null,"isnull":"YES","lens":null},{"name":"optid","type":"int","explain":"","types":"int(11)","dev":null,"isnull":"YES","lens":null},{"name":"optname","type":"varchar","explain":"\u64cd\u4f5c\u4eba","types":"varchar(20)","dev":null,"isnull":"YES","lens":"20"},{"name":"applydt","type":"date","explain":"\u7533\u8bf7\u65e5\u671f","types":"date","dev":null,"isnull":"YES","lens":null},{"name":"explain","type":"varchar","explain":"\u8bf4\u660e","types":"varchar(500)","dev":null,"isnull":"YES","lens":"500"},{"name":"status","type":"tinyint","explain":"","types":"tinyint(1)","dev":"0","isnull":"YES","lens":null},{"name":"isturn","type":"tinyint","explain":"","types":"tinyint(1)","dev":"0","isnull":"YES","lens":null},{"name":"bills","type":"smallint","explain":"\u9644\u5355\u636e(\u5f20)","types":"smallint(6)","dev":null,"isnull":"YES","lens":null},{"name":"paytype","type":"varchar","explain":"\u4ed8\u6b3e\u65b9\u5f0f","types":"varchar(20)","dev":null,"isnull":"YES","lens":"20"},{"name":"fullname","type":"varchar","explain":"\u6536\u6b3e\u4eba\u5168\u79f0","types":"varchar(100)","dev":null,"isnull":"YES","lens":"100"},{"name":"cardid","type":"varchar","explain":"\u6536\u6b3e\u5e10\u53f7","types":"varchar(50)","dev":null,"isnull":"YES","lens":"50"},{"name":"openbank","type":"varchar","explain":"\u5f00\u6237\u884c","types":"varchar(50)","dev":null,"isnull":"YES","lens":"50"},{"name":"purpose","type":"varchar","explain":"\u7528\u9014","types":"varchar(100)","dev":null,"isnull":"YES","lens":"100"},{"name":"purresult","type":"varchar","explain":"","types":"varchar(100)","dev":null,"isnull":"YES","lens":"100"},{"name":"paydt","type":"date","explain":"\u4ed8\u6b3e\u65e5\u671f","types":"date","dev":null,"isnull":"YES","lens":null},{"name":"num","type":"varchar","explain":"\u5408\u540c\u53f7\/\u8ba2\u5355\u53f7","types":"varchar(30)","dev":null,"isnull":"YES","lens":"30"},{"name":"name","type":"varchar","explain":"\u5f00\u7968\u540d\u79f0","types":"varchar(50)","dev":null,"isnull":"YES","lens":"50"},{"name":"shibieid","type":"varchar","explain":"\u7eb3\u7a0e\u8bc6\u522b\u53f7","types":"varchar(50)","dev":null,"isnull":"YES","lens":"50"},{"name":"address","type":"varchar","explain":"\u516c\u53f8\u5730\u5740","types":"varchar(100)","dev":null,"isnull":"YES","lens":"100"},{"name":"tel","type":"varchar","explain":"\u7535\u8bdd","types":"varchar(50)","dev":null,"isnull":"YES","lens":"50"},{"name":"custid","type":"int","explain":"\u5bf9\u5e94\u5ba2\u6237ID","types":"int(11)","dev":"0","isnull":"YES","lens":null},{"name":"comid","type":"smallint","explain":"\u5bf9\u5e94\u5355\u4f4did","types":"smallint(6)","dev":"0","isnull":"YES","lens":null},{"name":"paycard","type":"varchar","explain":"\u4ed8\u6b3e\u8d26\u53f7\uff1a by andy.ma","types":"varchar(50)","dev":null,"isnull":"YES","lens":"50"},{"name":"depart","type":"varchar","explain":"\u90e8\u95e8  by andy.ma","types":"varchar(50)","dev":null,"isnull":"YES","lens":"50"},{"name":"optnameid","type":"int","explain":"\u64cd\u4f5c\u8005id  by andy.ma","types":"int(11)","dev":null,"isnull":"YES","lens":null},{"name":"departid","type":"int","explain":"\u90e8\u95e8id  by andy.ma","types":"int(11)","dev":null,"isnull":"YES","lens":null},{"name":"inorout","type":"smallint","explain":"0|\u5f00\u51fa\u53bb\u7684,1|\u6536\u5230\u7684","types":"smallint(6)","dev":"0","isnull":"YES","lens":null}],"data":[{"id":"31","type":"5","uid":"322","money":"40000.00","moneycn":null,"optdt":"2020-07-02 11:52:56","optid":"322","optname":"\u9648\u51ef","applydt":"2020-07-02","explain":null,"status":"0","isturn":"1","bills":null,"paytype":"311","fullname":"\u8463\u8d85\u4e91","cardid":null,"openbank":null,"purpose":null,"purresult":null,"paydt":"2020-07-02","num":"PAY20200702004","name":null,"shibieid":null,"address":null,"tel":null,"custid":"121","comid":"189","paycard":null,"depart":null,"optnameid":null,"departid":null,"inorout":"0"},{"id":"32","type":"5","uid":"322","money":"8000.00","moneycn":null,"optdt":"2020-07-02 14:12:15","optid":"322","optname":"\u9648\u51ef","applydt":"2020-07-02","explain":null,"status":"0","isturn":"1","bills":null,"paytype":"311","fullname":"\u5218\u82f1","cardid":null,"openbank":null,"purpose":null,"purresult":null,"paydt":"2020-07-02","num":"20200702001","name":null,"shibieid":null,"address":"\u5927\u9e4f\u533a\u4fe1\u9633\u8def","tel":null,"custid":"118","comid":"189","paycard":null,"depart":null,"optnameid":null,"departid":null,"inorout":"0"},{"id":"33","type":"0","uid":"322","money":"888.00","moneycn":"\u634c\u4f70\u634c\u62fe\u634c\u5143\u6574","optdt":"2020-07-02 14:14:26","optid":"322","optname":"\u9648\u51ef","applydt":"2020-07-02","explain":null,"status":"0","isturn":"1","bills":"0","paytype":null,"fullname":"\u5229\u4e30\u9152\u5e97","cardid":"\u5fae\u4fe1","openbank":null,"purpose":null,"purresult":null,"paydt":null,"num":null,"name":null,"shibieid":null,"address":null,"tel":null,"custid":"0","comid":"189","paycard":null,"depart":null,"optnameid":null,"departid":null,"inorout":"0"},{"id":"34","type":"0","uid":"322","money":"200.00","moneycn":"\u8d30\u4f70\u5143\u6574","optdt":"2020-07-02 14:16:39","optid":"322","optname":"\u9648\u51ef","applydt":"2020-07-02","explain":null,"status":"0","isturn":"1","bills":"0","paytype":null,"fullname":"\u6ef4\u6ef4\u53f8\u673a","cardid":"\u5fae\u4fe1","openbank":null,"purpose":null,"purresult":null,"paydt":null,"num":null,"name":null,"shibieid":null,"address":null,"tel":null,"custid":"0","comid":"189","paycard":null,"depart":null,"optnameid":null,"departid":null,"inorout":"0"},{"id":"35","type":"0","uid":"322","money":"185.00","moneycn":"\u58f9\u4f70\u634c\u62fe\u4f0d\u5143\u6574","optdt":"2020-07-02 14:28:53","optid":"322","optname":"\u9648\u51ef","applydt":"2020-07-02","explain":null,"status":"0","isturn":"1","bills":"0","paytype":null,"fullname":"\u6ef4\u6ef4\u53f8\u673a","cardid":"\u5fae\u4fe1","openbank":null,"purpose":null,"purresult":null,"paydt":null,"num":null,"name":null,"shibieid":null,"address":null,"tel":null,"custid":"0","comid":"189","paycard":null,"depart":null,"optnameid":null,"departid":null,"inorout":"0"},{"id":"36","type":"0","uid":"322","money":"98.00","moneycn":"\u7396\u62fe\u634c\u5143\u6574","optdt":"2020-07-02 14:30:43","optid":"322","optname":"\u9648\u51ef","applydt":"2020-07-02","explain":null,"status":"0","isturn":"1","bills":"0","paytype":null,"fullname":"\u6ef4\u6ef4\u53f8\u673a","cardid":"\u5fae\u4fe1","openbank":null,"purpose":null,"purresult":null,"paydt":null,"num":null,"name":null,"shibieid":null,"address":null,"tel":null,"custid":"0","comid":"189","paycard":null,"depart":null,"optnameid":null,"departid":null,"inorout":"0"},{"id":"37","type":"5","uid":"322","money":"12000.00","moneycn":null,"optdt":"2020-07-03 17:44:21","optid":"322","optname":"\u9648\u51ef","applydt":"2020-07-03","explain":null,"status":"5","isturn":"1","bills":null,"paytype":"311","fullname":"\u4e00\u672c\u8d26\u79d1\u6280\u6d4b\u8bd5","cardid":null,"openbank":null,"purpose":null,"purresult":null,"paydt":"2020-07-03","num":"20200703002","name":"\u4e00\u672c\u8d26\u79d1\u6280\u6709\u9650\u516c\u53f8","shibieid":null,"address":"\u6d4b\u8bd51","tel":null,"custid":"131","comid":"189","paycard":null,"depart":null,"optnameid":null,"departid":null,"inorout":"0"},{"id":"38","type":"0","uid":"322","money":"24.00","moneycn":"\u8d30\u62fe\u8086\u5143\u6574","optdt":"2020-07-03 17:45:42","optid":"322","optname":"\u9648\u51ef","applydt":"2020-07-03","explain":null,"status":"1","isturn":"1","bills":"0","paytype":null,"fullname":"\u6ef4\u6ef4\u53f8\u673a","cardid":"\u5fae\u4fe1","openbank":null,"purpose":null,"purresult":null,"paydt":null,"num":null,"name":null,"shibieid":null,"address":null,"tel":null,"custid":"0","comid":"189","paycard":null,"depart":null,"optnameid":null,"departid":null,"inorout":"0"},{"id":"39","type":"0","uid":"342","money":"2000.00","moneycn":"\u8d30\u4edf\u5143\u6574","optdt":"2020-07-23 16:36:36","optid":"342","optname":"\u5434\u65b0\u6cb3","applydt":"2020-07-23","explain":null,"status":"1","isturn":"1","bills":"0","paytype":null,"fullname":"\u88c5\u9970h\u5e02","cardid":"\u5fae\u4fe1","openbank":null,"purpose":null,"purresult":null,"paydt":null,"num":null,"name":null,"shibieid":null,"address":null,"tel":null,"custid":"0","comid":"193","paycard":null,"depart":null,"optnameid":null,"departid":null,"inorout":"0"},{"id":"40","type":"0","uid":"342","money":"3500.00","moneycn":"\u53c1\u4edf\u4f0d\u4f70\u5143\u6574","optdt":"2020-07-23 16:50:51","optid":"342","optname":"\u5434\u65b0\u6cb3","applydt":"2020-07-23","explain":null,"status":"1","isturn":"1","bills":"0","paytype":null,"fullname":"\u88c5\u9970h\u5e02","cardid":"\u5fae\u4fe1","openbank":null,"purpose":null,"purresult":null,"paydt":null,"num":null,"name":null,"shibieid":null,"address":null,"tel":null,"custid":"0","comid":"193","paycard":null,"depart":null,"optnameid":null,"departid":null,"inorout":"0"},{"id":"41","type":"5","uid":"329","money":"6400.00","moneycn":null,"optdt":"2020-07-24 09:32:01","optid":"329","optname":"\u4e00\u672c\u8d26\u79d1\u6280","applydt":"2020-07-24","explain":null,"status":"1","isturn":"1","bills":null,"paytype":"320","fullname":"\u84dd\u6d77\u8fd0\u8d39","cardid":null,"openbank":null,"purpose":null,"purresult":null,"paydt":"2020-07-16","num":"PAY20200721014","name":"\u4f1f\u5170","shibieid":"410305123456789","address":"\u6df1\u5733\u5e02\u798f\u7530\u533a\u798f\u9f99\u8def195\u53f7","tel":null,"custid":"145","comid":"193","paycard":null,"depart":null,"optnameid":null,"departid":null,"inorout":"0"},{"id":"42","type":"0","uid":"386","money":"99.00","moneycn":"\u7396\u62fe\u7396\u5143\u6574","optdt":"2020-07-27 11:03:30","optid":"386","optname":"\u5733\u65b0\u6559\u80b2","applydt":"2020-07-27","explain":null,"status":"1","isturn":"1","bills":"0","paytype":null,"fullname":"\u8587\u8587","cardid":"112345566578999","openbank":null,"purpose":null,"purresult":null,"paydt":null,"num":null,"name":null,"shibieid":null,"address":null,"tel":null,"custid":"0","comid":"211","paycard":null,"depart":null,"optnameid":null,"departid":null,"inorout":"0"},{"id":"43","type":"0","uid":"342","money":"100.00","moneycn":"\u58f9\u4f70\u5143\u6574","optdt":"2020-07-28 18:31:39","optid":"342","optname":"\u5434\u65b0\u6cb3","applydt":"2020-07-28","explain":null,"status":"1","isturn":"1","bills":"0","paytype":null,"fullname":"\u88c5\u9970h\u5e02","cardid":"\u5fae\u4fe1","openbank":null,"purpose":null,"purresult":null,"paydt":null,"num":null,"name":null,"shibieid":null,"address":null,"tel":null,"custid":"0","comid":"193","paycard":null,"depart":null,"optnameid":null,"departid":null,"inorout":"0"},{"id":"44","type":"0","uid":"329","money":"200.00","moneycn":"\u8d30\u4f70\u5143\u6574","optdt":"2020-07-29 16:55:13","optid":"329","optname":"\u4e00\u672c\u8d26\u79d1\u6280","applydt":"2020-07-29","explain":null,"status":"5","isturn":"1","bills":"0","paytype":null,"fullname":"\u5927\u82cf\u6253","cardid":"\u5fae\u4fe1","openbank":null,"purpose":null,"purresult":null,"paydt":null,"num":null,"name":null,"shibieid":null,"address":null,"tel":null,"custid":"0","comid":"193","paycard":null,"depart":null,"optnameid":null,"departid":null,"inorout":"0"},{"id":"45","type":"0","uid":"329","money":"200.00","moneycn":"\u8d30\u4f70\u5143\u6574","optdt":"2020-08-05 15:17:47","optid":"329","optname":"\u4e00\u672c\u8d26\u79d1\u6280","applydt":"2020-08-05","explain":null,"status":"0","isturn":"1","bills":"0","paytype":null,"fullname":"\u5927\u82cf\u6253","cardid":"\u5fae\u4fe1","openbank":null,"purpose":null,"purresult":null,"paydt":null,"num":null,"name":null,"shibieid":null,"address":null,"tel":null,"custid":"0","comid":"193","paycard":null,"depart":null,"optnameid":null,"departid":null,"inorout":"0"}]}}