{"xinhu_book":{"fields":[{"name":"id","type":"int","explain":"","types":"int(11)","dev":null,"isnull":"NO","lens":null},{"name":"title","type":"varchar","explain":"\u4e66\u540d","types":"varchar(50)","dev":null,"isnull":"YES","lens":"50"},{"name":"typeid","type":"smallint","explain":"\u5bf9\u5e94\u5206\u7c7b","types":"smallint(6)","dev":"0","isnull":"YES","lens":null},{"name":"num","type":"varchar","explain":"\u7f16\u53f7","types":"varchar(50)","dev":null,"isnull":"YES","lens":"50"},{"name":"author","type":"varchar","explain":"\u4f5c\u8005","types":"varchar(20)","dev":null,"isnull":"YES","lens":"20"},{"name":"chuban","type":"varchar","explain":"\u51fa\u7248\u793e","types":"varchar(50)","dev":null,"isnull":"YES","lens":"50"},{"name":"cbdt","type":"date","explain":"\u51fa\u7248\u65e5\u671f","types":"date","dev":null,"isnull":"YES","lens":null},{"name":"price","type":"decimal","explain":"\u4ef7\u683c","types":"decimal(10,2)","dev":"0.00","isnull":"YES","lens":null},{"name":"weizhi","type":"varchar","explain":"\u5b58\u653e\u4f4d\u7f6e","types":"varchar(50)","dev":null,"isnull":"YES","lens":"50"},{"name":"shul","type":"smallint","explain":"\u6570\u91cf","types":"smallint(6)","dev":"0","isnull":"YES","lens":null},{"name":"adddt","type":"datetime","explain":"","types":"datetime","dev":null,"isnull":"YES","lens":null},{"name":"optdt","type":"datetime","explain":"","types":"datetime","dev":null,"isnull":"YES","lens":null},{"name":"optname","type":"varchar","explain":"\u64cd\u4f5c\u4eba","types":"varchar(20)","dev":null,"isnull":"YES","lens":"20"},{"name":"optid","type":"smallint","explain":"","types":"smallint(6)","dev":"0","isnull":"YES","lens":null},{"name":"explain","type":"varchar","explain":"\u8bf4\u660e","types":"varchar(500)","dev":null,"isnull":"YES","lens":"500"},{"name":"isbn","type":"varchar","explain":"","types":"varchar(30)","dev":null,"isnull":"YES","lens":"30"},{"name":"jieshu","type":"smallint","explain":"\u88ab\u501f\u9605\u6570","types":"smallint(6)","dev":"0","isnull":"YES","lens":null},{"name":"comid","type":"smallint","explain":"\u5bf9\u5e94\u5355\u4f4did","types":"smallint(6)","dev":"0","isnull":"YES","lens":null}],"data":[]}}