[{"id":"4","url":"https:\/\/sz.ybz58.com\/task.php?m=minute5|runt&a=run&runid=4","type":"i5","time":"00","adminid":1,"atype":"runurl","urllu":"minute5,run","runtimes":"2020-08-23 00:00:00","runtime":1598112000},{"id":"4","url":"https:\/\/sz.ybz58.com\/task.php?m=minute5|runt&a=run&runid=4","type":"i5","time":"00","adminid":1,"atype":"runurl","urllu":"minute5,run","runtimes":"2020-08-23 00:05:00","runtime":1598112300},{"id":"1","url":"https:\/\/sz.ybz58.com\/task.php?m=flow|runt&a=pipei&runid=1","type":"d","time":"00:10:00","adminid":1,"atype":"runurl","urllu":"flow,pipei","runtimes":"2020-08-23 00:10:00","runtime":1598112600},{"id":"4","url":"https:\/\/sz.ybz58.com\/task.php?m=minute5|runt&a=run&runid=4","type":"i5","time":"00","adminid":1,"atype":"runurl","urllu":"minute5,run","runtimes":"2020-08-23 00:10:00","runtime":1598112600},{"id":"6","url":"https:\/\/sz.ybz58.com\/task.php?m=sys|runt&a=dataup&runid=6","type":"d","time":"00:10:00","adminid":1,"atype":"runurl","urllu":"sys,dataup","runtimes":"2020-08-23 00:10:00","runtime":1598112600},{"id":"4","url":"https:\/\/sz.ybz58.com\/task.php?m=minute5|runt&a=run&runid=4","type":"i5","time":"00","adminid":1,"atype":"runurl","urllu":"minute5,run","runtimes":"2020-08-23 00:15:00","runtime":1598112900},{"id":"2","url":"https:\/\/sz.ybz58.com\/task.php?m=sys|runt&a=beifen&runid=2","type":"d","time":"00:20:00","adminid":1,"atype":"runurl","urllu":"sys,beifen","runtimes":"2020-08-23 00:20:00","runtime":1598113200},{"id":"4","url":"https:\/\/sz.ybz58.com\/task.php?m=minute5|runt&a=run&runid=4","type":"i5","time":"00","adminid":1,"atype":"runurl","urllu":"minute5,run","runtimes":"2020-08-23 00:20:00","runtime":1598113200},{"id":"4","url":"https:\/\/sz.ybz58.com\/task.php?m=minute5|runt&a=run&runid=4","type":"i5","time":"00","adminid":1,"atype":"runurl","urllu":"minute5,run","runtimes":"2020-08-23 00:25:00","runtime":1598113500},{"id":"4","url":"https:\/\/sz.ybz58.com\/task.php?m=minute5|runt&a=run&runid=4","type":"i5","time":"00","adminid":1,"atype":"runurl","urllu":"minute5,run","runtimes":"2020-08-23 00:30:00","runtime":1598113800},{"id":"4","url":"https:\/\/sz.ybz58.com\/task.php?m=minute5|runt&a=run&runid=4","type":"i5","time":"00","adminid":1,"atype":"runurl","urllu":"minute5,run","runtimes":"2020-08-23 00:35:00","runtime":1598114100},{"id":"4","url":"https:\/\/sz.ybz58.com\/task.php?m=minute5|runt&a=run&runid=4","type":"i5","time":"00","adminid":1,"atype":"runurl","urllu":"minute5,run","runtimes":"2020-08-23 00:40:00","runtime":1598114400},{"id":"4","url":"https:\/\/sz.ybz58.com\/task.php?m=minute5|runt&a=run&runid=4","type":"i5","time":"00","adminid":1,"atype":"runurl","urllu":"minute5,run","runtimes":"2020-08-23 00:45:00","runtime":1598114700},{"id":"4","url":"https:\/\/sz.ybz58.com\/task.php?m=minute5|runt&a=run&runid=4","type":"i5","time":"00","adminid":1,"atype":"runurl","urllu":"minute5,run","runtimes":"2020-08-23 00:50:00","runtime":1598115000},{"id":"4","url":"https:\/\/sz.ybz58.com\/task.php?m=minute5|runt&a=run&runid=4","type":"i5","time":"00","adminid":1,"atype":"runurl","urllu":"minute5,run","runtimes":"2020-08-23 00:55:00","runtime":1598115300},{"id":"4","url":"https:\/\/sz.ybz58.com\/task.php?m=minute5|runt&a=run&runid=4","type":"i5","time":"00","adminid":1,"atype":"runurl","urllu":"minute5,run","runtimes":"2020-08-23 01:00:00","runtime":1598115600},{"id":"4","url":"https:\/\/sz.ybz58.com\/task.php?m=minute5|runt&a=run&runid=4","type":"i5","time":"00","adminid":1,"atype":"runurl","urllu":"minute5,run","runtimes":"2020-08-23 01:05:00","runtime":1598115900},{"id":"4","url":"https:\/\/sz.ybz58.com\/task.php?m=minute5|runt&a=run&runid=4","type":"i5","time":"00","adminid":1,"atype":"runurl","urllu":"minute5,run","runtimes":"2020-08-23 01:10:00","runtime":1598116200},{"id":"4","url":"https:\/\/sz.ybz58.com\/task.php?m=minute5|runt&a=run&runid=4","type":"i5","time":"00","adminid":1,"atype":"runurl","urllu":"minute5,run","runtimes":"2020-08-23 01:15:00","runtime":1598116500},{"id":"4","url":"https:\/\/sz.ybz58.com\/task.php?m=minute5|runt&a=run&runid=4","type":"i5","time":"00","adminid":1,"atype":"runurl","urllu":"minute5,run","runtimes":"2020-08-23 01:20:00","runtime":1598116800},{"id":"4","url":"https:\/\/sz.ybz58.com\/task.php?m=minute5|runt&a=run&runid=4","type":"i5","time":"00","adminid":1,"atype":"runurl","urllu":"minute5,run","runtimes":"2020-08-23 01:25:00","runtime":1598117100},{"id":"4","url":"https:\/\/sz.ybz58.com\/task.php?m=minute5|runt&a=run&runid=4","type":"i5","time":"00","adminid":1,"atype":"runurl","urllu":"minute5,run","runtimes":"2020-08-23 01:30:00","runtime":1598117400},{"id":"4","url":"https:\/\/sz.ybz58.com\/task.php?m=minute5|runt&a=run&runid=4","type":"i5","time":"00","adminid":1,"atype":"runurl","urllu":"minute5,run","runtimes":"2020-08-23 01:35:00","runtime":1598117700},{"id":"4","url":"https:\/\/sz.ybz58.com\/task.php?m=minute5|runt&a=run&runid=4","type":"i5","time":"00","adminid":1,"atype":"runurl","urllu":"minute5,run","runtimes":"2020-08-23 01:40:00","runtime":1598118000},{"id":"4","url":"https:\/\/sz.ybz58.com\/task.php?m=minute5|runt&a=run&runid=4","type":"i5","time":"00","adminid":1,"atype":"runurl","urllu":"minute5,run","runtimes":"2020-08-23 01:45:00","runtime":1598118300},{"id":"4","url":"https:\/\/sz.ybz58.com\/task.php?m=minute5|runt&a=run&runid=4","type":"i5","time":"00","adminid":1,"atype":"runurl","urllu":"minute5,run","runtimes":"2020-08-23 01:50:00","runtime":1598118600},{"id":"4","url":"https:\/\/sz.ybz58.com\/task.php?m=minute5|runt&a=run&runid=4","type":"i5","time":"00","adminid":1,"atype":"runurl","urllu":"minute5,run","runtimes":"2020-08-23 01:55:00","runtime":1598118900},{"id":"4","url":"https:\/\/sz.ybz58.com\/task.php?m=minute5|runt&a=run&runid=4","type":"i5","time":"00","adminid":1,"atype":"runurl","urllu":"minute5,run","runtimes":"2020-08-23 02:00:00","runtime":1598119200},{"id":"4","url":"https:\/\/sz.ybz58.com\/task.php?m=minute5|runt&a=run&runid=4","type":"i5","time":"00","adminid":1,"atype":"runurl","urllu":"minute5,run","runtimes":"2020-08-23 02:05:00","runtime":1598119500},{"id":"4","url":"https:\/\/sz.ybz58.com\/task.php?m=minute5|runt&a=run&runid=4","type":"i5","time":"00","adminid":1,"atype":"runurl","urllu":"minute5,run","runtimes":"2020-08-23 02:10:00","runtime":1598119800},{"id":"4","url":"https:\/\/sz.ybz58.com\/task.php?m=minute5|runt&a=run&runid=4","type":"i5","time":"00","adminid":1,"atype":"runurl","urllu":"minute5,run","runtimes":"2020-08-23 02:15:00","runtime":1598120100},{"id":"4","url":"https:\/\/sz.ybz58.com\/task.php?m=minute5|runt&a=run&runid=4","type":"i5","time":"00","adminid":1,"atype":"runurl","urllu":"minute5,run","runtimes":"2020-08-23 02:20:00","runtime":1598120400},{"id":"4","url":"https:\/\/sz.ybz58.com\/task.php?m=minute5|runt&a=run&runid=4","type":"i5","time":"00","adminid":1,"atype":"runurl","urllu":"minute5,run","runtimes":"2020-08-23 02:25:00","runtime":1598120700},{"id":"4","url":"https:\/\/sz.ybz58.com\/task.php?m=minute5|runt&a=run&runid=4","type":"i5","time":"00","adminid":1,"atype":"runurl","urllu":"minute5,run","runtimes":"2020-08-23 02:30:00","runtime":1598121000},{"id":"4","url":"https:\/\/sz.ybz58.com\/task.php?m=minute5|runt&a=run&runid=4","type":"i5","time":"00","adminid":1,"atype":"runurl","urllu":"minute5,run","runtimes":"2020-08-23 02:35:00","runtime":1598121300},{"id":"4","url":"https:\/\/sz.ybz58.com\/task.php?m=minute5|runt&a=run&runid=4","type":"i5","time":"00","adminid":1,"atype":"runurl","urllu":"minute5,run","runtimes":"2020-08-23 02:40:00","runtime":1598121600},{"id":"4","url":"https:\/\/sz.ybz58.com\/task.php?m=minute5|runt&a=run&runid=4","type":"i5","time":"00","adminid":1,"atype":"runurl","urllu":"minute5,run","runtimes":"2020-08-23 02:45:00","runtime":1598121900},{"id":"4","url":"https:\/\/sz.ybz58.com\/task.php?m=minute5|runt&a=run&runid=4","type":"i5","time":"00","adminid":1,"atype":"runurl","urllu":"minute5,run","runtimes":"2020-08-23 02:50:00","runtime":1598122200},{"id":"4","url":"https:\/\/sz.ybz58.com\/task.php?m=minute5|runt&a=run&runid=4","type":"i5","time":"00","adminid":1,"atype":"runurl","urllu":"minute5,run","runtimes":"2020-08-23 02:55:00","runtime":1598122500},{"id":"4","url":"https:\/\/sz.ybz58.com\/task.php?m=minute5|runt&a=run&runid=4","type":"i5","time":"00","adminid":1,"atype":"runurl","urllu":"minute5,run","runtimes":"2020-08-23 03:00:00","runtime":1598122800},{"id":"4","url":"https:\/\/sz.ybz58.com\/task.php?m=minute5|runt&a=run&runid=4","type":"i5","time":"00","adminid":1,"atype":"runurl","urllu":"minute5,run","runtimes":"2020-08-23 03:05:00","runtime":1598123100},{"id":"4","url":"https:\/\/sz.ybz58.com\/task.php?m=minute5|runt&a=run&runid=4","type":"i5","time":"00","adminid":1,"atype":"runurl","urllu":"minute5,run","runtimes":"2020-08-23 03:10:00","runtime":1598123400},{"id":"4","url":"https:\/\/sz.ybz58.com\/task.php?m=minute5|runt&a=run&runid=4","type":"i5","time":"00","adminid":1,"atype":"runurl","urllu":"minute5,run","runtimes":"2020-08-23 03:15:00","runtime":1598123700},{"id":"4","url":"https:\/\/sz.ybz58.com\/task.php?m=minute5|runt&a=run&runid=4","type":"i5","time":"00","adminid":1,"atype":"runurl","urllu":"minute5,run","runtimes":"2020-08-23 03:20:00","runtime":1598124000},{"id":"4","url":"https:\/\/sz.ybz58.com\/task.php?m=minute5|runt&a=run&runid=4","type":"i5","time":"00","adminid":1,"atype":"runurl","urllu":"minute5,run","runtimes":"2020-08-23 03:25:00","runtime":1598124300},{"id":"4","url":"https:\/\/sz.ybz58.com\/task.php?m=minute5|runt&a=run&runid=4","type":"i5","time":"00","adminid":1,"atype":"runurl","urllu":"minute5,run","runtimes":"2020-08-23 03:30:00","runtime":1598124600},{"id":"4","url":"https:\/\/sz.ybz58.com\/task.php?m=minute5|runt&a=run&runid=4","type":"i5","time":"00","adminid":1,"atype":"runurl","urllu":"minute5,run","runtimes":"2020-08-23 03:35:00","runtime":1598124900},{"id":"4","url":"https:\/\/sz.ybz58.com\/task.php?m=minute5|runt&a=run&runid=4","type":"i5","time":"00","adminid":1,"atype":"runurl","urllu":"minute5,run","runtimes":"2020-08-23 03:40:00","runtime":1598125200},{"id":"4","url":"https:\/\/sz.ybz58.com\/task.php?m=minute5|runt&a=run&runid=4","type":"i5","time":"00","adminid":1,"atype":"runurl","urllu":"minute5,run","runtimes":"2020-08-23 03:45:00","runtime":1598125500},{"id":"4","url":"https:\/\/sz.ybz58.com\/task.php?m=minute5|runt&a=run&runid=4","type":"i5","time":"00","adminid":1,"atype":"runurl","urllu":"minute5,run","runtimes":"2020-08-23 03:50:00","runtime":1598125800},{"id":"4","url":"https:\/\/sz.ybz58.com\/task.php?m=minute5|runt&a=run&runid=4","type":"i5","time":"00","adminid":1,"atype":"runurl","urllu":"minute5,run","runtimes":"2020-08-23 03:55:00","runtime":1598126100},{"id":"4","url":"https:\/\/sz.ybz58.com\/task.php?m=minute5|runt&a=run&runid=4","type":"i5","time":"00","adminid":1,"atype":"runurl","urllu":"minute5,run","runtimes":"2020-08-23 04:00:00","runtime":1598126400},{"id":"4","url":"https:\/\/sz.ybz58.com\/task.php?m=minute5|runt&a=run&runid=4","type":"i5","time":"00","adminid":1,"atype":"runurl","urllu":"minute5,run","runtimes":"2020-08-23 04:05:00","runtime":1598126700},{"id":"4","url":"https:\/\/sz.ybz58.com\/task.php?m=minute5|runt&a=run&runid=4","type":"i5","time":"00","adminid":1,"atype":"runurl","urllu":"minute5,run","runtimes":"2020-08-23 04:10:00","runtime":1598127000},{"id":"4","url":"https:\/\/sz.ybz58.com\/task.php?m=minute5|runt&a=run&runid=4","type":"i5","time":"00","adminid":1,"atype":"runurl","urllu":"minute5,run","runtimes":"2020-08-23 04:15:00","runtime":1598127300},{"id":"4","url":"https:\/\/sz.ybz58.com\/task.php?m=minute5|runt&a=run&runid=4","type":"i5","time":"00","adminid":1,"atype":"runurl","urllu":"minute5,run","runtimes":"2020-08-23 04:20:00","runtime":1598127600},{"id":"4","url":"https:\/\/sz.ybz58.com\/task.php?m=minute5|runt&a=run&runid=4","type":"i5","time":"00","adminid":1,"atype":"runurl","urllu":"minute5,run","runtimes":"2020-08-23 04:25:00","runtime":1598127900},{"id":"4","url":"https:\/\/sz.ybz58.com\/task.php?m=minute5|runt&a=run&runid=4","type":"i5","time":"00","adminid":1,"atype":"runurl","urllu":"minute5,run","runtimes":"2020-08-23 04:30:00","runtime":1598128200},{"id":"4","url":"https:\/\/sz.ybz58.com\/task.php?m=minute5|runt&a=run&runid=4","type":"i5","time":"00","adminid":1,"atype":"runurl","urllu":"minute5,run","runtimes":"2020-08-23 04:35:00","runtime":1598128500},{"id":"4","url":"https:\/\/sz.ybz58.com\/task.php?m=minute5|runt&a=run&runid=4","type":"i5","time":"00","adminid":1,"atype":"runurl","urllu":"minute5,run","runtimes":"2020-08-23 04:40:00","runtime":1598128800},{"id":"4","url":"https:\/\/sz.ybz58.com\/task.php?m=minute5|runt&a=run&runid=4","type":"i5","time":"00","adminid":1,"atype":"runurl","urllu":"minute5,run","runtimes":"2020-08-23 04:45:00","runtime":1598129100},{"id":"4","url":"https:\/\/sz.ybz58.com\/task.php?m=minute5|runt&a=run&runid=4","type":"i5","time":"00","adminid":1,"atype":"runurl","urllu":"minute5,run","runtimes":"2020-08-23 04:50:00","runtime":1598129400},{"id":"4","url":"https:\/\/sz.ybz58.com\/task.php?m=minute5|runt&a=run&runid=4","type":"i5","time":"00","adminid":1,"atype":"runurl","urllu":"minute5,run","runtimes":"2020-08-23 04:55:00","runtime":1598129700},{"id":"4","url":"https:\/\/sz.ybz58.com\/task.php?m=minute5|runt&a=run&runid=4","type":"i5","time":"00","adminid":1,"atype":"runurl","urllu":"minute5,run","runtimes":"2020-08-23 05:00:00","runtime":1598130000},{"id":"4","url":"https:\/\/sz.ybz58.com\/task.php?m=minute5|runt&a=run&runid=4","type":"i5","time":"00","adminid":1,"atype":"runurl","urllu":"minute5,run","runtimes":"2020-08-23 05:05:00","runtime":1598130300},{"id":"4","url":"https:\/\/sz.ybz58.com\/task.php?m=minute5|runt&a=run&runid=4","type":"i5","time":"00","adminid":1,"atype":"runurl","urllu":"minute5,run","runtimes":"2020-08-23 05:10:00","runtime":1598130600},{"id":"4","url":"https:\/\/sz.ybz58.com\/task.php?m=minute5|runt&a=run&runid=4","type":"i5","time":"00","adminid":1,"atype":"runurl","urllu":"minute5,run","runtimes":"2020-08-23 05:15:00","runtime":1598130900},{"id":"4","url":"https:\/\/sz.ybz58.com\/task.php?m=minute5|runt&a=run&runid=4","type":"i5","time":"00","adminid":1,"atype":"runurl","urllu":"minute5,run","runtimes":"2020-08-23 05:20:00","runtime":1598131200},{"id":"4","url":"https:\/\/sz.ybz58.com\/task.php?m=minute5|runt&a=run&runid=4","type":"i5","time":"00","adminid":1,"atype":"runurl","urllu":"minute5,run","runtimes":"2020-08-23 05:25:00","runtime":1598131500},{"id":"4","url":"https:\/\/sz.ybz58.com\/task.php?m=minute5|runt&a=run&runid=4","type":"i5","time":"00","adminid":1,"atype":"runurl","urllu":"minute5,run","runtimes":"2020-08-23 05:30:00","runtime":1598131800},{"id":"4","url":"https:\/\/sz.ybz58.com\/task.php?m=minute5|runt&a=run&runid=4","type":"i5","time":"00","adminid":1,"atype":"runurl","urllu":"minute5,run","runtimes":"2020-08-23 05:35:00","runtime":1598132100},{"id":"4","url":"https:\/\/sz.ybz58.com\/task.php?m=minute5|runt&a=run&runid=4","type":"i5","time":"00","adminid":1,"atype":"runurl","urllu":"minute5,run","runtimes":"2020-08-23 05:40:00","runtime":1598132400},{"id":"4","url":"https:\/\/sz.ybz58.com\/task.php?m=minute5|runt&a=run&runid=4","type":"i5","time":"00","adminid":1,"atype":"runurl","urllu":"minute5,run","runtimes":"2020-08-23 05:45:00","runtime":1598132700},{"id":"4","url":"https:\/\/sz.ybz58.com\/task.php?m=minute5|runt&a=run&runid=4","type":"i5","time":"00","adminid":1,"atype":"runurl","urllu":"minute5,run","runtimes":"2020-08-23 05:50:00","runtime":1598133000},{"id":"4","url":"https:\/\/sz.ybz58.com\/task.php?m=minute5|runt&a=run&runid=4","type":"i5","time":"00","adminid":1,"atype":"runurl","urllu":"minute5,run","runtimes":"2020-08-23 05:55:00","runtime":1598133300},{"id":"4","url":"https:\/\/sz.ybz58.com\/task.php?m=minute5|runt&a=run&runid=4","type":"i5","time":"00","adminid":1,"atype":"runurl","urllu":"minute5,run","runtimes":"2020-08-23 06:00:00","runtime":1598133600},{"id":"4","url":"https:\/\/sz.ybz58.com\/task.php?m=minute5|runt&a=run&runid=4","type":"i5","time":"00","adminid":1,"atype":"runurl","urllu":"minute5,run","runtimes":"2020-08-23 06:05:00","runtime":1598133900},{"id":"4","url":"https:\/\/sz.ybz58.com\/task.php?m=minute5|runt&a=run&runid=4","type":"i5","time":"00","adminid":1,"atype":"runurl","urllu":"minute5,run","runtimes":"2020-08-23 06:10:00","runtime":1598134200},{"id":"4","url":"https:\/\/sz.ybz58.com\/task.php?m=minute5|runt&a=run&runid=4","type":"i5","time":"00","adminid":1,"atype":"runurl","urllu":"minute5,run","runtimes":"2020-08-23 06:15:00","runtime":1598134500},{"id":"4","url":"https:\/\/sz.ybz58.com\/task.php?m=minute5|runt&a=run&runid=4","type":"i5","time":"00","adminid":1,"atype":"runurl","urllu":"minute5,run","runtimes":"2020-08-23 06:20:00","runtime":1598134800},{"id":"4","url":"https:\/\/sz.ybz58.com\/task.php?m=minute5|runt&a=run&runid=4","type":"i5","time":"00","adminid":1,"atype":"runurl","urllu":"minute5,run","runtimes":"2020-08-23 06:25:00","runtime":1598135100},{"id":"4","url":"https:\/\/sz.ybz58.com\/task.php?m=minute5|runt&a=run&runid=4","type":"i5","time":"00","adminid":1,"atype":"runurl","urllu":"minute5,run","runtimes":"2020-08-23 06:30:00","runtime":1598135400},{"id":"4","url":"https:\/\/sz.ybz58.com\/task.php?m=minute5|runt&a=run&runid=4","type":"i5","time":"00","adminid":1,"atype":"runurl","urllu":"minute5,run","runtimes":"2020-08-23 06:35:00","runtime":1598135700},{"id":"4","url":"https:\/\/sz.ybz58.com\/task.php?m=minute5|runt&a=run&runid=4","type":"i5","time":"00","adminid":1,"atype":"runurl","urllu":"minute5,run","runtimes":"2020-08-23 06:40:00","runtime":1598136000},{"id":"4","url":"https:\/\/sz.ybz58.com\/task.php?m=minute5|runt&a=run&runid=4","type":"i5","time":"00","adminid":1,"atype":"runurl","urllu":"minute5,run","runtimes":"2020-08-23 06:45:00","runtime":1598136300},{"id":"4","url":"https:\/\/sz.ybz58.com\/task.php?m=minute5|runt&a=run&runid=4","type":"i5","time":"00","adminid":1,"atype":"runurl","urllu":"minute5,run","runtimes":"2020-08-23 06:50:00","runtime":1598136600},{"id":"4","url":"https:\/\/sz.ybz58.com\/task.php?m=minute5|runt&a=run&runid=4","type":"i5","time":"00","adminid":1,"atype":"runurl","urllu":"minute5,run","runtimes":"2020-08-23 06:55:00","runtime":1598136900},{"id":"4","url":"https:\/\/sz.ybz58.com\/task.php?m=minute5|runt&a=run&runid=4","type":"i5","time":"00","adminid":1,"atype":"runurl","urllu":"minute5,run","runtimes":"2020-08-23 07:00:00","runtime":1598137200},{"id":"4","url":"https:\/\/sz.ybz58.com\/task.php?m=minute5|runt&a=run&runid=4","type":"i5","time":"00","adminid":1,"atype":"runurl","urllu":"minute5,run","runtimes":"2020-08-23 07:05:00","runtime":1598137500},{"id":"4","url":"https:\/\/sz.ybz58.com\/task.php?m=minute5|runt&a=run&runid=4","type":"i5","time":"00","adminid":1,"atype":"runurl","urllu":"minute5,run","runtimes":"2020-08-23 07:10:00","runtime":1598137800},{"id":"4","url":"https:\/\/sz.ybz58.com\/task.php?m=minute5|runt&a=run&runid=4","type":"i5","time":"00","adminid":1,"atype":"runurl","urllu":"minute5,run","runtimes":"2020-08-23 07:15:00","runtime":1598138100},{"id":"4","url":"https:\/\/sz.ybz58.com\/task.php?m=minute5|runt&a=run&runid=4","type":"i5","time":"00","adminid":1,"atype":"runurl","urllu":"minute5,run","runtimes":"2020-08-23 07:20:00","runtime":1598138400},{"id":"4","url":"https:\/\/sz.ybz58.com\/task.php?m=minute5|runt&a=run&runid=4","type":"i5","time":"00","adminid":1,"atype":"runurl","urllu":"minute5,run","runtimes":"2020-08-23 07:25:00","runtime":1598138700},{"id":"4","url":"https:\/\/sz.ybz58.com\/task.php?m=minute5|runt&a=run&runid=4","type":"i5","time":"00","adminid":1,"atype":"runurl","urllu":"minute5,run","runtimes":"2020-08-23 07:30:00","runtime":1598139000},{"id":"4","url":"https:\/\/sz.ybz58.com\/task.php?m=minute5|runt&a=run&runid=4","type":"i5","time":"00","adminid":1,"atype":"runurl","urllu":"minute5,run","runtimes":"2020-08-23 07:35:00","runtime":1598139300},{"id":"4","url":"https:\/\/sz.ybz58.com\/task.php?m=minute5|runt&a=run&runid=4","type":"i5","time":"00","adminid":1,"atype":"runurl","urllu":"minute5,run","runtimes":"2020-08-23 07:40:00","runtime":1598139600},{"id":"4","url":"https:\/\/sz.ybz58.com\/task.php?m=minute5|runt&a=run&runid=4","type":"i5","time":"00","adminid":1,"atype":"runurl","urllu":"minute5,run","runtimes":"2020-08-23 07:45:00","runtime":1598139900},{"id":"4","url":"https:\/\/sz.ybz58.com\/task.php?m=minute5|runt&a=run&runid=4","type":"i5","time":"00","adminid":1,"atype":"runurl","urllu":"minute5,run","runtimes":"2020-08-23 07:50:00","runtime":1598140200},{"id":"9","url":"https:\/\/sz.ybz58.com\/task.php?m=day|runt&a=run&runid=9","type":"d","time":"07:50:00","adminid":1,"atype":"runurl","urllu":"day,run","runtimes":"2020-08-23 07:50:00","runtime":1598140200},{"id":"4","url":"https:\/\/sz.ybz58.com\/task.php?m=minute5|runt&a=run&runid=4","type":"i5","time":"00","adminid":1,"atype":"runurl","urllu":"minute5,run","runtimes":"2020-08-23 07:55:00","runtime":1598140500},{"id":"4","url":"https:\/\/sz.ybz58.com\/task.php?m=minute5|runt&a=run&runid=4","type":"i5","time":"00","adminid":1,"atype":"runurl","urllu":"minute5,run","runtimes":"2020-08-23 08:00:00","runtime":1598140800},{"id":"4","url":"https:\/\/sz.ybz58.com\/task.php?m=minute5|runt&a=run&runid=4","type":"i5","time":"00","adminid":1,"atype":"runurl","urllu":"minute5,run","runtimes":"2020-08-23 08:05:00","runtime":1598141100},{"id":"4","url":"https:\/\/sz.ybz58.com\/task.php?m=minute5|runt&a=run&runid=4","type":"i5","time":"00","adminid":1,"atype":"runurl","urllu":"minute5,run","runtimes":"2020-08-23 08:10:00","runtime":1598141400},{"id":"4","url":"https:\/\/sz.ybz58.com\/task.php?m=minute5|runt&a=run&runid=4","type":"i5","time":"00","adminid":1,"atype":"runurl","urllu":"minute5,run","runtimes":"2020-08-23 08:15:00","runtime":1598141700},{"id":"13","url":"https:\/\/sz.ybz58.com\/task.php?m=crm|runt&a=run&runid=13","type":"d","time":"08:15:00","adminid":1,"atype":"runurl","urllu":"crm,run","runtimes":"2020-08-23 08:15:00","runtime":1598141700},{"id":"4","url":"https:\/\/sz.ybz58.com\/task.php?m=minute5|runt&a=run&runid=4","type":"i5","time":"00","adminid":1,"atype":"runurl","urllu":"minute5,run","runtimes":"2020-08-23 08:20:00","runtime":1598142000},{"id":"4","url":"https:\/\/sz.ybz58.com\/task.php?m=minute5|runt&a=run&runid=4","type":"i5","time":"00","adminid":1,"atype":"runurl","urllu":"minute5,run","runtimes":"2020-08-23 08:25:00","runtime":1598142300},{"id":"4","url":"https:\/\/sz.ybz58.com\/task.php?m=minute5|runt&a=run&runid=4","type":"i5","time":"00","adminid":1,"atype":"runurl","urllu":"minute5,run","runtimes":"2020-08-23 08:30:00","runtime":1598142600},{"id":"4","url":"https:\/\/sz.ybz58.com\/task.php?m=minute5|runt&a=run&runid=4","type":"i5","time":"00","adminid":1,"atype":"runurl","urllu":"minute5,run","runtimes":"2020-08-23 08:35:00","runtime":1598142900},{"id":"4","url":"https:\/\/sz.ybz58.com\/task.php?m=minute5|runt&a=run&runid=4","type":"i5","time":"00","adminid":1,"atype":"runurl","urllu":"minute5,run","runtimes":"2020-08-23 08:40:00","runtime":1598143200},{"id":"4","url":"https:\/\/sz.ybz58.com\/task.php?m=minute5|runt&a=run&runid=4","type":"i5","time":"00","adminid":1,"atype":"runurl","urllu":"minute5,run","runtimes":"2020-08-23 08:45:00","runtime":1598143500},{"id":"4","url":"https:\/\/sz.ybz58.com\/task.php?m=minute5|runt&a=run&runid=4","type":"i5","time":"00","adminid":1,"atype":"runurl","urllu":"minute5,run","runtimes":"2020-08-23 08:50:00","runtime":1598143800},{"id":"4","url":"https:\/\/sz.ybz58.com\/task.php?m=minute5|runt&a=run&runid=4","type":"i5","time":"00","adminid":1,"atype":"runurl","urllu":"minute5,run","runtimes":"2020-08-23 08:55:00","runtime":1598144100},{"id":"4","url":"https:\/\/sz.ybz58.com\/task.php?m=minute5|runt&a=run&runid=4","type":"i5","time":"00","adminid":1,"atype":"runurl","urllu":"minute5,run","runtimes":"2020-08-23 09:00:00","runtime":1598144400},{"id":"4","url":"https:\/\/sz.ybz58.com\/task.php?m=minute5|runt&a=run&runid=4","type":"i5","time":"00","adminid":1,"atype":"runurl","urllu":"minute5,run","runtimes":"2020-08-23 09:05:00","runtime":1598144700},{"id":"4","url":"https:\/\/sz.ybz58.com\/task.php?m=minute5|runt&a=run&runid=4","type":"i5","time":"00","adminid":1,"atype":"runurl","urllu":"minute5,run","runtimes":"2020-08-23 09:10:00","runtime":1598145000},{"id":"4","url":"https:\/\/sz.ybz58.com\/task.php?m=minute5|runt&a=run&runid=4","type":"i5","time":"00","adminid":1,"atype":"runurl","urllu":"minute5,run","runtimes":"2020-08-23 09:15:00","runtime":1598145300},{"id":"4","url":"https:\/\/sz.ybz58.com\/task.php?m=minute5|runt&a=run&runid=4","type":"i5","time":"00","adminid":1,"atype":"runurl","urllu":"minute5,run","runtimes":"2020-08-23 09:20:00","runtime":1598145600},{"id":"4","url":"https:\/\/sz.ybz58.com\/task.php?m=minute5|runt&a=run&runid=4","type":"i5","time":"00","adminid":1,"atype":"runurl","urllu":"minute5,run","runtimes":"2020-08-23 09:25:00","runtime":1598145900},{"id":"4","url":"https:\/\/sz.ybz58.com\/task.php?m=minute5|runt&a=run&runid=4","type":"i5","time":"00","adminid":1,"atype":"runurl","urllu":"minute5,run","runtimes":"2020-08-23 09:30:00","runtime":1598146200},{"id":"4","url":"https:\/\/sz.ybz58.com\/task.php?m=minute5|runt&a=run&runid=4","type":"i5","time":"00","adminid":1,"atype":"runurl","urllu":"minute5,run","runtimes":"2020-08-23 09:35:00","runtime":1598146500},{"id":"4","url":"https:\/\/sz.ybz58.com\/task.php?m=minute5|runt&a=run&runid=4","type":"i5","time":"00","adminid":1,"atype":"runurl","urllu":"minute5,run","runtimes":"2020-08-23 09:40:00","runtime":1598146800},{"id":"4","url":"https:\/\/sz.ybz58.com\/task.php?m=minute5|runt&a=run&runid=4","type":"i5","time":"00","adminid":1,"atype":"runurl","urllu":"minute5,run","runtimes":"2020-08-23 09:45:00","runtime":1598147100},{"id":"4","url":"https:\/\/sz.ybz58.com\/task.php?m=minute5|runt&a=run&runid=4","type":"i5","time":"00","adminid":1,"atype":"runurl","urllu":"minute5,run","runtimes":"2020-08-23 09:50:00","runtime":1598147400},{"id":"4","url":"https:\/\/sz.ybz58.com\/task.php?m=minute5|runt&a=run&runid=4","type":"i5","time":"00","adminid":1,"atype":"runurl","urllu":"minute5,run","runtimes":"2020-08-23 09:55:00","runtime":1598147700},{"id":"4","url":"https:\/\/sz.ybz58.com\/task.php?m=minute5|runt&a=run&runid=4","type":"i5","time":"00","adminid":1,"atype":"runurl","urllu":"minute5,run","runtimes":"2020-08-23 10:00:00","runtime":1598148000},{"id":"4","url":"https:\/\/sz.ybz58.com\/task.php?m=minute5|runt&a=run&runid=4","type":"i5","time":"00","adminid":1,"atype":"runurl","urllu":"minute5,run","runtimes":"2020-08-23 10:05:00","runtime":1598148300},{"id":"4","url":"https:\/\/sz.ybz58.com\/task.php?m=minute5|runt&a=run&runid=4","type":"i5","time":"00","adminid":1,"atype":"runurl","urllu":"minute5,run","runtimes":"2020-08-23 10:10:00","runtime":1598148600},{"id":"4","url":"https:\/\/sz.ybz58.com\/task.php?m=minute5|runt&a=run&runid=4","type":"i5","time":"00","adminid":1,"atype":"runurl","urllu":"minute5,run","runtimes":"2020-08-23 10:15:00","runtime":1598148900},{"id":"4","url":"https:\/\/sz.ybz58.com\/task.php?m=minute5|runt&a=run&runid=4","type":"i5","time":"00","adminid":1,"atype":"runurl","urllu":"minute5,run","runtimes":"2020-08-23 10:20:00","runtime":1598149200},{"id":"4","url":"https:\/\/sz.ybz58.com\/task.php?m=minute5|runt&a=run&runid=4","type":"i5","time":"00","adminid":1,"atype":"runurl","urllu":"minute5,run","runtimes":"2020-08-23 10:25:00","runtime":1598149500},{"id":"4","url":"https:\/\/sz.ybz58.com\/task.php?m=minute5|runt&a=run&runid=4","type":"i5","time":"00","adminid":1,"atype":"runurl","urllu":"minute5,run","runtimes":"2020-08-23 10:30:00","runtime":1598149800},{"id":"4","url":"https:\/\/sz.ybz58.com\/task.php?m=minute5|runt&a=run&runid=4","type":"i5","time":"00","adminid":1,"atype":"runurl","urllu":"minute5,run","runtimes":"2020-08-23 10:35:00","runtime":1598150100},{"id":"4","url":"https:\/\/sz.ybz58.com\/task.php?m=minute5|runt&a=run&runid=4","type":"i5","time":"00","adminid":1,"atype":"runurl","urllu":"minute5,run","runtimes":"2020-08-23 10:40:00","runtime":1598150400},{"id":"4","url":"https:\/\/sz.ybz58.com\/task.php?m=minute5|runt&a=run&runid=4","type":"i5","time":"00","adminid":1,"atype":"runurl","urllu":"minute5,run","runtimes":"2020-08-23 10:45:00","runtime":1598150700},{"id":"4","url":"https:\/\/sz.ybz58.com\/task.php?m=minute5|runt&a=run&runid=4","type":"i5","time":"00","adminid":1,"atype":"runurl","urllu":"minute5,run","runtimes":"2020-08-23 10:50:00","runtime":1598151000},{"id":"4","url":"https:\/\/sz.ybz58.com\/task.php?m=minute5|runt&a=run&runid=4","type":"i5","time":"00","adminid":1,"atype":"runurl","urllu":"minute5,run","runtimes":"2020-08-23 10:55:00","runtime":1598151300},{"id":"4","url":"https:\/\/sz.ybz58.com\/task.php?m=minute5|runt&a=run&runid=4","type":"i5","time":"00","adminid":1,"atype":"runurl","urllu":"minute5,run","runtimes":"2020-08-23 11:00:00","runtime":1598151600},{"id":"4","url":"https:\/\/sz.ybz58.com\/task.php?m=minute5|runt&a=run&runid=4","type":"i5","time":"00","adminid":1,"atype":"runurl","urllu":"minute5,run","runtimes":"2020-08-23 11:05:00","runtime":1598151900},{"id":"4","url":"https:\/\/sz.ybz58.com\/task.php?m=minute5|runt&a=run&runid=4","type":"i5","time":"00","adminid":1,"atype":"runurl","urllu":"minute5,run","runtimes":"2020-08-23 11:10:00","runtime":1598152200},{"id":"4","url":"https:\/\/sz.ybz58.com\/task.php?m=minute5|runt&a=run&runid=4","type":"i5","time":"00","adminid":1,"atype":"runurl","urllu":"minute5,run","runtimes":"2020-08-23 11:15:00","runtime":1598152500},{"id":"4","url":"https:\/\/sz.ybz58.com\/task.php?m=minute5|runt&a=run&runid=4","type":"i5","time":"00","adminid":1,"atype":"runurl","urllu":"minute5,run","runtimes":"2020-08-23 11:20:00","runtime":1598152800},{"id":"4","url":"https:\/\/sz.ybz58.com\/task.php?m=minute5|runt&a=run&runid=4","type":"i5","time":"00","adminid":1,"atype":"runurl","urllu":"minute5,run","runtimes":"2020-08-23 11:25:00","runtime":1598153100},{"id":"4","url":"https:\/\/sz.ybz58.com\/task.php?m=minute5|runt&a=run&runid=4","type":"i5","time":"00","adminid":1,"atype":"runurl","urllu":"minute5,run","runtimes":"2020-08-23 11:30:00","runtime":1598153400},{"id":"4","url":"https:\/\/sz.ybz58.com\/task.php?m=minute5|runt&a=run&runid=4","type":"i5","time":"00","adminid":1,"atype":"runurl","urllu":"minute5,run","runtimes":"2020-08-23 11:35:00","runtime":1598153700},{"id":"4","url":"https:\/\/sz.ybz58.com\/task.php?m=minute5|runt&a=run&runid=4","type":"i5","time":"00","adminid":1,"atype":"runurl","urllu":"minute5,run","runtimes":"2020-08-23 11:40:00","runtime":1598154000},{"id":"4","url":"https:\/\/sz.ybz58.com\/task.php?m=minute5|runt&a=run&runid=4","type":"i5","time":"00","adminid":1,"atype":"runurl","urllu":"minute5,run","runtimes":"2020-08-23 11:45:00","runtime":1598154300},{"id":"4","url":"https:\/\/sz.ybz58.com\/task.php?m=minute5|runt&a=run&runid=4","type":"i5","time":"00","adminid":1,"atype":"runurl","urllu":"minute5,run","runtimes":"2020-08-23 11:50:00","runtime":1598154600},{"id":"4","url":"https:\/\/sz.ybz58.com\/task.php?m=minute5|runt&a=run&runid=4","type":"i5","time":"00","adminid":1,"atype":"runurl","urllu":"minute5,run","runtimes":"2020-08-23 11:55:00","runtime":1598154900},{"id":"4","url":"https:\/\/sz.ybz58.com\/task.php?m=minute5|runt&a=run&runid=4","type":"i5","time":"00","adminid":1,"atype":"runurl","urllu":"minute5,run","runtimes":"2020-08-23 12:00:00","runtime":1598155200},{"id":"4","url":"https:\/\/sz.ybz58.com\/task.php?m=minute5|runt&a=run&runid=4","type":"i5","time":"00","adminid":1,"atype":"runurl","urllu":"minute5,run","runtimes":"2020-08-23 12:05:00","runtime":1598155500},{"id":"1","url":"https:\/\/sz.ybz58.com\/task.php?m=flow|runt&a=pipei&runid=1","type":"d","time":"12:10:00","adminid":1,"atype":"runurl","urllu":"flow,pipei","runtimes":"2020-08-23 12:10:00","runtime":1598155800},{"id":"4","url":"https:\/\/sz.ybz58.com\/task.php?m=minute5|runt&a=run&runid=4","type":"i5","time":"00","adminid":1,"atype":"runurl","urllu":"minute5,run","runtimes":"2020-08-23 12:10:00","runtime":1598155800},{"id":"4","url":"https:\/\/sz.ybz58.com\/task.php?m=minute5|runt&a=run&runid=4","type":"i5","time":"00","adminid":1,"atype":"runurl","urllu":"minute5,run","runtimes":"2020-08-23 12:15:00","runtime":1598156100},{"id":"4","url":"https:\/\/sz.ybz58.com\/task.php?m=minute5|runt&a=run&runid=4","type":"i5","time":"00","adminid":1,"atype":"runurl","urllu":"minute5,run","runtimes":"2020-08-23 12:20:00","runtime":1598156400},{"id":"4","url":"https:\/\/sz.ybz58.com\/task.php?m=minute5|runt&a=run&runid=4","type":"i5","time":"00","adminid":1,"atype":"runurl","urllu":"minute5,run","runtimes":"2020-08-23 12:25:00","runtime":1598156700},{"id":"4","url":"https:\/\/sz.ybz58.com\/task.php?m=minute5|runt&a=run&runid=4","type":"i5","time":"00","adminid":1,"atype":"runurl","urllu":"minute5,run","runtimes":"2020-08-23 12:30:00","runtime":1598157000},{"id":"4","url":"https:\/\/sz.ybz58.com\/task.php?m=minute5|runt&a=run&runid=4","type":"i5","time":"00","adminid":1,"atype":"runurl","urllu":"minute5,run","runtimes":"2020-08-23 12:35:00","runtime":1598157300},{"id":"4","url":"https:\/\/sz.ybz58.com\/task.php?m=minute5|runt&a=run&runid=4","type":"i5","time":"00","adminid":1,"atype":"runurl","urllu":"minute5,run","runtimes":"2020-08-23 12:40:00","runtime":1598157600},{"id":"4","url":"https:\/\/sz.ybz58.com\/task.php?m=minute5|runt&a=run&runid=4","type":"i5","time":"00","adminid":1,"atype":"runurl","urllu":"minute5,run","runtimes":"2020-08-23 12:45:00","runtime":1598157900},{"id":"4","url":"https:\/\/sz.ybz58.com\/task.php?m=minute5|runt&a=run&runid=4","type":"i5","time":"00","adminid":1,"atype":"runurl","urllu":"minute5,run","runtimes":"2020-08-23 12:50:00","runtime":1598158200},{"id":"4","url":"https:\/\/sz.ybz58.com\/task.php?m=minute5|runt&a=run&runid=4","type":"i5","time":"00","adminid":1,"atype":"runurl","urllu":"minute5,run","runtimes":"2020-08-23 12:55:00","runtime":1598158500},{"id":"4","url":"https:\/\/sz.ybz58.com\/task.php?m=minute5|runt&a=run&runid=4","type":"i5","time":"00","adminid":1,"atype":"runurl","urllu":"minute5,run","runtimes":"2020-08-23 13:00:00","runtime":1598158800},{"id":"4","url":"https:\/\/sz.ybz58.com\/task.php?m=minute5|runt&a=run&runid=4","type":"i5","time":"00","adminid":1,"atype":"runurl","urllu":"minute5,run","runtimes":"2020-08-23 13:05:00","runtime":1598159100},{"id":"4","url":"https:\/\/sz.ybz58.com\/task.php?m=minute5|runt&a=run&runid=4","type":"i5","time":"00","adminid":1,"atype":"runurl","urllu":"minute5,run","runtimes":"2020-08-23 13:10:00","runtime":1598159400},{"id":"4","url":"https:\/\/sz.ybz58.com\/task.php?m=minute5|runt&a=run&runid=4","type":"i5","time":"00","adminid":1,"atype":"runurl","urllu":"minute5,run","runtimes":"2020-08-23 13:15:00","runtime":1598159700},{"id":"4","url":"https:\/\/sz.ybz58.com\/task.php?m=minute5|runt&a=run&runid=4","type":"i5","time":"00","adminid":1,"atype":"runurl","urllu":"minute5,run","runtimes":"2020-08-23 13:20:00","runtime":1598160000},{"id":"4","url":"https:\/\/sz.ybz58.com\/task.php?m=minute5|runt&a=run&runid=4","type":"i5","time":"00","adminid":1,"atype":"runurl","urllu":"minute5,run","runtimes":"2020-08-23 13:25:00","runtime":1598160300},{"id":"4","url":"https:\/\/sz.ybz58.com\/task.php?m=minute5|runt&a=run&runid=4","type":"i5","time":"00","adminid":1,"atype":"runurl","urllu":"minute5,run","runtimes":"2020-08-23 13:30:00","runtime":1598160600},{"id":"4","url":"https:\/\/sz.ybz58.com\/task.php?m=minute5|runt&a=run&runid=4","type":"i5","time":"00","adminid":1,"atype":"runurl","urllu":"minute5,run","runtimes":"2020-08-23 13:35:00","runtime":1598160900},{"id":"4","url":"https:\/\/sz.ybz58.com\/task.php?m=minute5|runt&a=run&runid=4","type":"i5","time":"00","adminid":1,"atype":"runurl","urllu":"minute5,run","runtimes":"2020-08-23 13:40:00","runtime":1598161200},{"id":"4","url":"https:\/\/sz.ybz58.com\/task.php?m=minute5|runt&a=run&runid=4","type":"i5","time":"00","adminid":1,"atype":"runurl","urllu":"minute5,run","runtimes":"2020-08-23 13:45:00","runtime":1598161500},{"id":"4","url":"https:\/\/sz.ybz58.com\/task.php?m=minute5|runt&a=run&runid=4","type":"i5","time":"00","adminid":1,"atype":"runurl","urllu":"minute5,run","runtimes":"2020-08-23 13:50:00","runtime":1598161800},{"id":"4","url":"https:\/\/sz.ybz58.com\/task.php?m=minute5|runt&a=run&runid=4","type":"i5","time":"00","adminid":1,"atype":"runurl","urllu":"minute5,run","runtimes":"2020-08-23 13:55:00","runtime":1598162100},{"id":"4","url":"https:\/\/sz.ybz58.com\/task.php?m=minute5|runt&a=run&runid=4","type":"i5","time":"00","adminid":1,"atype":"runurl","urllu":"minute5,run","runtimes":"2020-08-23 14:00:00","runtime":1598162400},{"id":"4","url":"https:\/\/sz.ybz58.com\/task.php?m=minute5|runt&a=run&runid=4","type":"i5","time":"00","adminid":1,"atype":"runurl","urllu":"minute5,run","runtimes":"2020-08-23 14:05:00","runtime":1598162700},{"id":"4","url":"https:\/\/sz.ybz58.com\/task.php?m=minute5|runt&a=run&runid=4","type":"i5","time":"00","adminid":1,"atype":"runurl","urllu":"minute5,run","runtimes":"2020-08-23 14:10:00","runtime":1598163000},{"id":"4","url":"https:\/\/sz.ybz58.com\/task.php?m=minute5|runt&a=run&runid=4","type":"i5","time":"00","adminid":1,"atype":"runurl","urllu":"minute5,run","runtimes":"2020-08-23 14:15:00","runtime":1598163300},{"id":"4","url":"https:\/\/sz.ybz58.com\/task.php?m=minute5|runt&a=run&runid=4","type":"i5","time":"00","adminid":1,"atype":"runurl","urllu":"minute5,run","runtimes":"2020-08-23 14:20:00","runtime":1598163600},{"id":"4","url":"https:\/\/sz.ybz58.com\/task.php?m=minute5|runt&a=run&runid=4","type":"i5","time":"00","adminid":1,"atype":"runurl","urllu":"minute5,run","runtimes":"2020-08-23 14:25:00","runtime":1598163900},{"id":"4","url":"https:\/\/sz.ybz58.com\/task.php?m=minute5|runt&a=run&runid=4","type":"i5","time":"00","adminid":1,"atype":"runurl","urllu":"minute5,run","runtimes":"2020-08-23 14:30:00","runtime":1598164200},{"id":"4","url":"https:\/\/sz.ybz58.com\/task.php?m=minute5|runt&a=run&runid=4","type":"i5","time":"00","adminid":1,"atype":"runurl","urllu":"minute5,run","runtimes":"2020-08-23 14:35:00","runtime":1598164500},{"id":"4","url":"https:\/\/sz.ybz58.com\/task.php?m=minute5|runt&a=run&runid=4","type":"i5","time":"00","adminid":1,"atype":"runurl","urllu":"minute5,run","runtimes":"2020-08-23 14:40:00","runtime":1598164800},{"id":"4","url":"https:\/\/sz.ybz58.com\/task.php?m=minute5|runt&a=run&runid=4","type":"i5","time":"00","adminid":1,"atype":"runurl","urllu":"minute5,run","runtimes":"2020-08-23 14:45:00","runtime":1598165100},{"id":"4","url":"https:\/\/sz.ybz58.com\/task.php?m=minute5|runt&a=run&runid=4","type":"i5","time":"00","adminid":1,"atype":"runurl","urllu":"minute5,run","runtimes":"2020-08-23 14:50:00","runtime":1598165400},{"id":"4","url":"https:\/\/sz.ybz58.com\/task.php?m=minute5|runt&a=run&runid=4","type":"i5","time":"00","adminid":1,"atype":"runurl","urllu":"minute5,run","runtimes":"2020-08-23 14:55:00","runtime":1598165700},{"id":"4","url":"https:\/\/sz.ybz58.com\/task.php?m=minute5|runt&a=run&runid=4","type":"i5","time":"00","adminid":1,"atype":"runurl","urllu":"minute5,run","runtimes":"2020-08-23 15:00:00","runtime":1598166000},{"id":"4","url":"https:\/\/sz.ybz58.com\/task.php?m=minute5|runt&a=run&runid=4","type":"i5","time":"00","adminid":1,"atype":"runurl","urllu":"minute5,run","runtimes":"2020-08-23 15:05:00","runtime":1598166300},{"id":"4","url":"https:\/\/sz.ybz58.com\/task.php?m=minute5|runt&a=run&runid=4","type":"i5","time":"00","adminid":1,"atype":"runurl","urllu":"minute5,run","runtimes":"2020-08-23 15:10:00","runtime":1598166600},{"id":"4","url":"https:\/\/sz.ybz58.com\/task.php?m=minute5|runt&a=run&runid=4","type":"i5","time":"00","adminid":1,"atype":"runurl","urllu":"minute5,run","runtimes":"2020-08-23 15:15:00","runtime":1598166900},{"id":"4","url":"https:\/\/sz.ybz58.com\/task.php?m=minute5|runt&a=run&runid=4","type":"i5","time":"00","adminid":1,"atype":"runurl","urllu":"minute5,run","runtimes":"2020-08-23 15:20:00","runtime":1598167200},{"id":"4","url":"https:\/\/sz.ybz58.com\/task.php?m=minute5|runt&a=run&runid=4","type":"i5","time":"00","adminid":1,"atype":"runurl","urllu":"minute5,run","runtimes":"2020-08-23 15:25:00","runtime":1598167500},{"id":"4","url":"https:\/\/sz.ybz58.com\/task.php?m=minute5|runt&a=run&runid=4","type":"i5","time":"00","adminid":1,"atype":"runurl","urllu":"minute5,run","runtimes":"2020-08-23 15:30:00","runtime":1598167800},{"id":"4","url":"https:\/\/sz.ybz58.com\/task.php?m=minute5|runt&a=run&runid=4","type":"i5","time":"00","adminid":1,"atype":"runurl","urllu":"minute5,run","runtimes":"2020-08-23 15:35:00","runtime":1598168100},{"id":"4","url":"https:\/\/sz.ybz58.com\/task.php?m=minute5|runt&a=run&runid=4","type":"i5","time":"00","adminid":1,"atype":"runurl","urllu":"minute5,run","runtimes":"2020-08-23 15:40:00","runtime":1598168400},{"id":"4","url":"https:\/\/sz.ybz58.com\/task.php?m=minute5|runt&a=run&runid=4","type":"i5","time":"00","adminid":1,"atype":"runurl","urllu":"minute5,run","runtimes":"2020-08-23 15:45:00","runtime":1598168700},{"id":"4","url":"https:\/\/sz.ybz58.com\/task.php?m=minute5|runt&a=run&runid=4","type":"i5","time":"00","adminid":1,"atype":"runurl","urllu":"minute5,run","runtimes":"2020-08-23 15:50:00","runtime":1598169000},{"id":"4","url":"https:\/\/sz.ybz58.com\/task.php?m=minute5|runt&a=run&runid=4","type":"i5","time":"00","adminid":1,"atype":"runurl","urllu":"minute5,run","runtimes":"2020-08-23 15:55:00","runtime":1598169300},{"id":"4","url":"https:\/\/sz.ybz58.com\/task.php?m=minute5|runt&a=run&runid=4","type":"i5","time":"00","adminid":1,"atype":"runurl","urllu":"minute5,run","runtimes":"2020-08-23 16:00:00","runtime":1598169600},{"id":"4","url":"https:\/\/sz.ybz58.com\/task.php?m=minute5|runt&a=run&runid=4","type":"i5","time":"00","adminid":1,"atype":"runurl","urllu":"minute5,run","runtimes":"2020-08-23 16:05:00","runtime":1598169900},{"id":"4","url":"https:\/\/sz.ybz58.com\/task.php?m=minute5|runt&a=run&runid=4","type":"i5","time":"00","adminid":1,"atype":"runurl","urllu":"minute5,run","runtimes":"2020-08-23 16:10:00","runtime":1598170200},{"id":"4","url":"https:\/\/sz.ybz58.com\/task.php?m=minute5|runt&a=run&runid=4","type":"i5","time":"00","adminid":1,"atype":"runurl","urllu":"minute5,run","runtimes":"2020-08-23 16:15:00","runtime":1598170500},{"id":"4","url":"https:\/\/sz.ybz58.com\/task.php?m=minute5|runt&a=run&runid=4","type":"i5","time":"00","adminid":1,"atype":"runurl","urllu":"minute5,run","runtimes":"2020-08-23 16:20:00","runtime":1598170800},{"id":"4","url":"https:\/\/sz.ybz58.com\/task.php?m=minute5|runt&a=run&runid=4","type":"i5","time":"00","adminid":1,"atype":"runurl","urllu":"minute5,run","runtimes":"2020-08-23 16:25:00","runtime":1598171100},{"id":"4","url":"https:\/\/sz.ybz58.com\/task.php?m=minute5|runt&a=run&runid=4","type":"i5","time":"00","adminid":1,"atype":"runurl","urllu":"minute5,run","runtimes":"2020-08-23 16:30:00","runtime":1598171400},{"id":"4","url":"https:\/\/sz.ybz58.com\/task.php?m=minute5|runt&a=run&runid=4","type":"i5","time":"00","adminid":1,"atype":"runurl","urllu":"minute5,run","runtimes":"2020-08-23 16:35:00","runtime":1598171700},{"id":"4","url":"https:\/\/sz.ybz58.com\/task.php?m=minute5|runt&a=run&runid=4","type":"i5","time":"00","adminid":1,"atype":"runurl","urllu":"minute5,run","runtimes":"2020-08-23 16:40:00","runtime":1598172000},{"id":"4","url":"https:\/\/sz.ybz58.com\/task.php?m=minute5|runt&a=run&runid=4","type":"i5","time":"00","adminid":1,"atype":"runurl","urllu":"minute5,run","runtimes":"2020-08-23 16:45:00","runtime":1598172300},{"id":"4","url":"https:\/\/sz.ybz58.com\/task.php?m=minute5|runt&a=run&runid=4","type":"i5","time":"00","adminid":1,"atype":"runurl","urllu":"minute5,run","runtimes":"2020-08-23 16:50:00","runtime":1598172600},{"id":"4","url":"https:\/\/sz.ybz58.com\/task.php?m=minute5|runt&a=run&runid=4","type":"i5","time":"00","adminid":1,"atype":"runurl","urllu":"minute5,run","runtimes":"2020-08-23 16:55:00","runtime":1598172900},{"id":"4","url":"https:\/\/sz.ybz58.com\/task.php?m=minute5|runt&a=run&runid=4","type":"i5","time":"00","adminid":1,"atype":"runurl","urllu":"minute5,run","runtimes":"2020-08-23 17:00:00","runtime":1598173200},{"id":"4","url":"https:\/\/sz.ybz58.com\/task.php?m=minute5|runt&a=run&runid=4","type":"i5","time":"00","adminid":1,"atype":"runurl","urllu":"minute5,run","runtimes":"2020-08-23 17:05:00","runtime":1598173500},{"id":"4","url":"https:\/\/sz.ybz58.com\/task.php?m=minute5|runt&a=run&runid=4","type":"i5","time":"00","adminid":1,"atype":"runurl","urllu":"minute5,run","runtimes":"2020-08-23 17:10:00","runtime":1598173800},{"id":"4","url":"https:\/\/sz.ybz58.com\/task.php?m=minute5|runt&a=run&runid=4","type":"i5","time":"00","adminid":1,"atype":"runurl","urllu":"minute5,run","runtimes":"2020-08-23 17:15:00","runtime":1598174100},{"id":"4","url":"https:\/\/sz.ybz58.com\/task.php?m=minute5|runt&a=run&runid=4","type":"i5","time":"00","adminid":1,"atype":"runurl","urllu":"minute5,run","runtimes":"2020-08-23 17:20:00","runtime":1598174400},{"id":"4","url":"https:\/\/sz.ybz58.com\/task.php?m=minute5|runt&a=run&runid=4","type":"i5","time":"00","adminid":1,"atype":"runurl","urllu":"minute5,run","runtimes":"2020-08-23 17:25:00","runtime":1598174700},{"id":"4","url":"https:\/\/sz.ybz58.com\/task.php?m=minute5|runt&a=run&runid=4","type":"i5","time":"00","adminid":1,"atype":"runurl","urllu":"minute5,run","runtimes":"2020-08-23 17:30:00","runtime":1598175000},{"id":"4","url":"https:\/\/sz.ybz58.com\/task.php?m=minute5|runt&a=run&runid=4","type":"i5","time":"00","adminid":1,"atype":"runurl","urllu":"minute5,run","runtimes":"2020-08-23 17:35:00","runtime":1598175300},{"id":"4","url":"https:\/\/sz.ybz58.com\/task.php?m=minute5|runt&a=run&runid=4","type":"i5","time":"00","adminid":1,"atype":"runurl","urllu":"minute5,run","runtimes":"2020-08-23 17:40:00","runtime":1598175600},{"id":"4","url":"https:\/\/sz.ybz58.com\/task.php?m=minute5|runt&a=run&runid=4","type":"i5","time":"00","adminid":1,"atype":"runurl","urllu":"minute5,run","runtimes":"2020-08-23 17:45:00","runtime":1598175900},{"id":"4","url":"https:\/\/sz.ybz58.com\/task.php?m=minute5|runt&a=run&runid=4","type":"i5","time":"00","adminid":1,"atype":"runurl","urllu":"minute5,run","runtimes":"2020-08-23 17:50:00","runtime":1598176200},{"id":"4","url":"https:\/\/sz.ybz58.com\/task.php?m=minute5|runt&a=run&runid=4","type":"i5","time":"00","adminid":1,"atype":"runurl","urllu":"minute5,run","runtimes":"2020-08-23 17:55:00","runtime":1598176500},{"id":"4","url":"https:\/\/sz.ybz58.com\/task.php?m=minute5|runt&a=run&runid=4","type":"i5","time":"00","adminid":1,"atype":"runurl","urllu":"minute5,run","runtimes":"2020-08-23 18:00:00","runtime":1598176800},{"id":"4","url":"https:\/\/sz.ybz58.com\/task.php?m=minute5|runt&a=run&runid=4","type":"i5","time":"00","adminid":1,"atype":"runurl","urllu":"minute5,run","runtimes":"2020-08-23 18:05:00","runtime":1598177100},{"id":"4","url":"https:\/\/sz.ybz58.com\/task.php?m=minute5|runt&a=run&runid=4","type":"i5","time":"00","adminid":1,"atype":"runurl","urllu":"minute5,run","runtimes":"2020-08-23 18:10:00","runtime":1598177400},{"id":"4","url":"https:\/\/sz.ybz58.com\/task.php?m=minute5|runt&a=run&runid=4","type":"i5","time":"00","adminid":1,"atype":"runurl","urllu":"minute5,run","runtimes":"2020-08-23 18:15:00","runtime":1598177700},{"id":"4","url":"https:\/\/sz.ybz58.com\/task.php?m=minute5|runt&a=run&runid=4","type":"i5","time":"00","adminid":1,"atype":"runurl","urllu":"minute5,run","runtimes":"2020-08-23 18:20:00","runtime":1598178000},{"id":"4","url":"https:\/\/sz.ybz58.com\/task.php?m=minute5|runt&a=run&runid=4","type":"i5","time":"00","adminid":1,"atype":"runurl","urllu":"minute5,run","runtimes":"2020-08-23 18:25:00","runtime":1598178300},{"id":"4","url":"https:\/\/sz.ybz58.com\/task.php?m=minute5|runt&a=run&runid=4","type":"i5","time":"00","adminid":1,"atype":"runurl","urllu":"minute5,run","runtimes":"2020-08-23 18:30:00","runtime":1598178600},{"id":"4","url":"https:\/\/sz.ybz58.com\/task.php?m=minute5|runt&a=run&runid=4","type":"i5","time":"00","adminid":1,"atype":"runurl","urllu":"minute5,run","runtimes":"2020-08-23 18:35:00","runtime":1598178900},{"id":"4","url":"https:\/\/sz.ybz58.com\/task.php?m=minute5|runt&a=run&runid=4","type":"i5","time":"00","adminid":1,"atype":"runurl","urllu":"minute5,run","runtimes":"2020-08-23 18:40:00","runtime":1598179200},{"id":"4","url":"https:\/\/sz.ybz58.com\/task.php?m=minute5|runt&a=run&runid=4","type":"i5","time":"00","adminid":1,"atype":"runurl","urllu":"minute5,run","runtimes":"2020-08-23 18:45:00","runtime":1598179500},{"id":"4","url":"https:\/\/sz.ybz58.com\/task.php?m=minute5|runt&a=run&runid=4","type":"i5","time":"00","adminid":1,"atype":"runurl","urllu":"minute5,run","runtimes":"2020-08-23 18:50:00","runtime":1598179800},{"id":"4","url":"https:\/\/sz.ybz58.com\/task.php?m=minute5|runt&a=run&runid=4","type":"i5","time":"00","adminid":1,"atype":"runurl","urllu":"minute5,run","runtimes":"2020-08-23 18:55:00","runtime":1598180100},{"id":"4","url":"https:\/\/sz.ybz58.com\/task.php?m=minute5|runt&a=run&runid=4","type":"i5","time":"00","adminid":1,"atype":"runurl","urllu":"minute5,run","runtimes":"2020-08-23 19:00:00","runtime":1598180400},{"id":"4","url":"https:\/\/sz.ybz58.com\/task.php?m=minute5|runt&a=run&runid=4","type":"i5","time":"00","adminid":1,"atype":"runurl","urllu":"minute5,run","runtimes":"2020-08-23 19:05:00","runtime":1598180700},{"id":"4","url":"https:\/\/sz.ybz58.com\/task.php?m=minute5|runt&a=run&runid=4","type":"i5","time":"00","adminid":1,"atype":"runurl","urllu":"minute5,run","runtimes":"2020-08-23 19:10:00","runtime":1598181000},{"id":"4","url":"https:\/\/sz.ybz58.com\/task.php?m=minute5|runt&a=run&runid=4","type":"i5","time":"00","adminid":1,"atype":"runurl","urllu":"minute5,run","runtimes":"2020-08-23 19:15:00","runtime":1598181300},{"id":"4","url":"https:\/\/sz.ybz58.com\/task.php?m=minute5|runt&a=run&runid=4","type":"i5","time":"00","adminid":1,"atype":"runurl","urllu":"minute5,run","runtimes":"2020-08-23 19:20:00","runtime":1598181600},{"id":"4","url":"https:\/\/sz.ybz58.com\/task.php?m=minute5|runt&a=run&runid=4","type":"i5","time":"00","adminid":1,"atype":"runurl","urllu":"minute5,run","runtimes":"2020-08-23 19:25:00","runtime":1598181900},{"id":"4","url":"https:\/\/sz.ybz58.com\/task.php?m=minute5|runt&a=run&runid=4","type":"i5","time":"00","adminid":1,"atype":"runurl","urllu":"minute5,run","runtimes":"2020-08-23 19:30:00","runtime":1598182200},{"id":"4","url":"https:\/\/sz.ybz58.com\/task.php?m=minute5|runt&a=run&runid=4","type":"i5","time":"00","adminid":1,"atype":"runurl","urllu":"minute5,run","runtimes":"2020-08-23 19:35:00","runtime":1598182500},{"id":"4","url":"https:\/\/sz.ybz58.com\/task.php?m=minute5|runt&a=run&runid=4","type":"i5","time":"00","adminid":1,"atype":"runurl","urllu":"minute5,run","runtimes":"2020-08-23 19:40:00","runtime":1598182800},{"id":"4","url":"https:\/\/sz.ybz58.com\/task.php?m=minute5|runt&a=run&runid=4","type":"i5","time":"00","adminid":1,"atype":"runurl","urllu":"minute5,run","runtimes":"2020-08-23 19:45:00","runtime":1598183100},{"id":"4","url":"https:\/\/sz.ybz58.com\/task.php?m=minute5|runt&a=run&runid=4","type":"i5","time":"00","adminid":1,"atype":"runurl","urllu":"minute5,run","runtimes":"2020-08-23 19:50:00","runtime":1598183400},{"id":"4","url":"https:\/\/sz.ybz58.com\/task.php?m=minute5|runt&a=run&runid=4","type":"i5","time":"00","adminid":1,"atype":"runurl","urllu":"minute5,run","runtimes":"2020-08-23 19:55:00","runtime":1598183700},{"id":"4","url":"https:\/\/sz.ybz58.com\/task.php?m=minute5|runt&a=run&runid=4","type":"i5","time":"00","adminid":1,"atype":"runurl","urllu":"minute5,run","runtimes":"2020-08-23 20:00:00","runtime":1598184000},{"id":"4","url":"https:\/\/sz.ybz58.com\/task.php?m=minute5|runt&a=run&runid=4","type":"i5","time":"00","adminid":1,"atype":"runurl","urllu":"minute5,run","runtimes":"2020-08-23 20:05:00","runtime":1598184300},{"id":"4","url":"https:\/\/sz.ybz58.com\/task.php?m=minute5|runt&a=run&runid=4","type":"i5","time":"00","adminid":1,"atype":"runurl","urllu":"minute5,run","runtimes":"2020-08-23 20:10:00","runtime":1598184600},{"id":"4","url":"https:\/\/sz.ybz58.com\/task.php?m=minute5|runt&a=run&runid=4","type":"i5","time":"00","adminid":1,"atype":"runurl","urllu":"minute5,run","runtimes":"2020-08-23 20:15:00","runtime":1598184900},{"id":"4","url":"https:\/\/sz.ybz58.com\/task.php?m=minute5|runt&a=run&runid=4","type":"i5","time":"00","adminid":1,"atype":"runurl","urllu":"minute5,run","runtimes":"2020-08-23 20:20:00","runtime":1598185200},{"id":"4","url":"https:\/\/sz.ybz58.com\/task.php?m=minute5|runt&a=run&runid=4","type":"i5","time":"00","adminid":1,"atype":"runurl","urllu":"minute5,run","runtimes":"2020-08-23 20:25:00","runtime":1598185500},{"id":"4","url":"https:\/\/sz.ybz58.com\/task.php?m=minute5|runt&a=run&runid=4","type":"i5","time":"00","adminid":1,"atype":"runurl","urllu":"minute5,run","runtimes":"2020-08-23 20:30:00","runtime":1598185800},{"id":"4","url":"https:\/\/sz.ybz58.com\/task.php?m=minute5|runt&a=run&runid=4","type":"i5","time":"00","adminid":1,"atype":"runurl","urllu":"minute5,run","runtimes":"2020-08-23 20:35:00","runtime":1598186100},{"id":"4","url":"https:\/\/sz.ybz58.com\/task.php?m=minute5|runt&a=run&runid=4","type":"i5","time":"00","adminid":1,"atype":"runurl","urllu":"minute5,run","runtimes":"2020-08-23 20:40:00","runtime":1598186400},{"id":"4","url":"https:\/\/sz.ybz58.com\/task.php?m=minute5|runt&a=run&runid=4","type":"i5","time":"00","adminid":1,"atype":"runurl","urllu":"minute5,run","runtimes":"2020-08-23 20:45:00","runtime":1598186700},{"id":"4","url":"https:\/\/sz.ybz58.com\/task.php?m=minute5|runt&a=run&runid=4","type":"i5","time":"00","adminid":1,"atype":"runurl","urllu":"minute5,run","runtimes":"2020-08-23 20:50:00","runtime":1598187000},{"id":"4","url":"https:\/\/sz.ybz58.com\/task.php?m=minute5|runt&a=run&runid=4","type":"i5","time":"00","adminid":1,"atype":"runurl","urllu":"minute5,run","runtimes":"2020-08-23 20:55:00","runtime":1598187300},{"id":"4","url":"https:\/\/sz.ybz58.com\/task.php?m=minute5|runt&a=run&runid=4","type":"i5","time":"00","adminid":1,"atype":"runurl","urllu":"minute5,run","runtimes":"2020-08-23 21:00:00","runtime":1598187600},{"id":"4","url":"https:\/\/sz.ybz58.com\/task.php?m=minute5|runt&a=run&runid=4","type":"i5","time":"00","adminid":1,"atype":"runurl","urllu":"minute5,run","runtimes":"2020-08-23 21:05:00","runtime":1598187900},{"id":"4","url":"https:\/\/sz.ybz58.com\/task.php?m=minute5|runt&a=run&runid=4","type":"i5","time":"00","adminid":1,"atype":"runurl","urllu":"minute5,run","runtimes":"2020-08-23 21:10:00","runtime":1598188200},{"id":"4","url":"https:\/\/sz.ybz58.com\/task.php?m=minute5|runt&a=run&runid=4","type":"i5","time":"00","adminid":1,"atype":"runurl","urllu":"minute5,run","runtimes":"2020-08-23 21:15:00","runtime":1598188500},{"id":"4","url":"https:\/\/sz.ybz58.com\/task.php?m=minute5|runt&a=run&runid=4","type":"i5","time":"00","adminid":1,"atype":"runurl","urllu":"minute5,run","runtimes":"2020-08-23 21:20:00","runtime":1598188800},{"id":"4","url":"https:\/\/sz.ybz58.com\/task.php?m=minute5|runt&a=run&runid=4","type":"i5","time":"00","adminid":1,"atype":"runurl","urllu":"minute5,run","runtimes":"2020-08-23 21:25:00","runtime":1598189100},{"id":"4","url":"https:\/\/sz.ybz58.com\/task.php?m=minute5|runt&a=run&runid=4","type":"i5","time":"00","adminid":1,"atype":"runurl","urllu":"minute5,run","runtimes":"2020-08-23 21:30:00","runtime":1598189400},{"id":"4","url":"https:\/\/sz.ybz58.com\/task.php?m=minute5|runt&a=run&runid=4","type":"i5","time":"00","adminid":1,"atype":"runurl","urllu":"minute5,run","runtimes":"2020-08-23 21:35:00","runtime":1598189700},{"id":"4","url":"https:\/\/sz.ybz58.com\/task.php?m=minute5|runt&a=run&runid=4","type":"i5","time":"00","adminid":1,"atype":"runurl","urllu":"minute5,run","runtimes":"2020-08-23 21:40:00","runtime":1598190000},{"id":"4","url":"https:\/\/sz.ybz58.com\/task.php?m=minute5|runt&a=run&runid=4","type":"i5","time":"00","adminid":1,"atype":"runurl","urllu":"minute5,run","runtimes":"2020-08-23 21:45:00","runtime":1598190300},{"id":"4","url":"https:\/\/sz.ybz58.com\/task.php?m=minute5|runt&a=run&runid=4","type":"i5","time":"00","adminid":1,"atype":"runurl","urllu":"minute5,run","runtimes":"2020-08-23 21:50:00","runtime":1598190600},{"id":"4","url":"https:\/\/sz.ybz58.com\/task.php?m=minute5|runt&a=run&runid=4","type":"i5","time":"00","adminid":1,"atype":"runurl","urllu":"minute5,run","runtimes":"2020-08-23 21:55:00","runtime":1598190900},{"id":"4","url":"https:\/\/sz.ybz58.com\/task.php?m=minute5|runt&a=run&runid=4","type":"i5","time":"00","adminid":1,"atype":"runurl","urllu":"minute5,run","runtimes":"2020-08-23 22:00:00","runtime":1598191200},{"id":"4","url":"https:\/\/sz.ybz58.com\/task.php?m=minute5|runt&a=run&runid=4","type":"i5","time":"00","adminid":1,"atype":"runurl","urllu":"minute5,run","runtimes":"2020-08-23 22:05:00","runtime":1598191500},{"id":"4","url":"https:\/\/sz.ybz58.com\/task.php?m=minute5|runt&a=run&runid=4","type":"i5","time":"00","adminid":1,"atype":"runurl","urllu":"minute5,run","runtimes":"2020-08-23 22:10:00","runtime":1598191800},{"id":"4","url":"https:\/\/sz.ybz58.com\/task.php?m=minute5|runt&a=run&runid=4","type":"i5","time":"00","adminid":1,"atype":"runurl","urllu":"minute5,run","runtimes":"2020-08-23 22:15:00","runtime":1598192100},{"id":"4","url":"https:\/\/sz.ybz58.com\/task.php?m=minute5|runt&a=run&runid=4","type":"i5","time":"00","adminid":1,"atype":"runurl","urllu":"minute5,run","runtimes":"2020-08-23 22:20:00","runtime":1598192400},{"id":"4","url":"https:\/\/sz.ybz58.com\/task.php?m=minute5|runt&a=run&runid=4","type":"i5","time":"00","adminid":1,"atype":"runurl","urllu":"minute5,run","runtimes":"2020-08-23 22:25:00","runtime":1598192700},{"id":"4","url":"https:\/\/sz.ybz58.com\/task.php?m=minute5|runt&a=run&runid=4","type":"i5","time":"00","adminid":1,"atype":"runurl","urllu":"minute5,run","runtimes":"2020-08-23 22:30:00","runtime":1598193000},{"id":"4","url":"https:\/\/sz.ybz58.com\/task.php?m=minute5|runt&a=run&runid=4","type":"i5","time":"00","adminid":1,"atype":"runurl","urllu":"minute5,run","runtimes":"2020-08-23 22:35:00","runtime":1598193300},{"id":"4","url":"https:\/\/sz.ybz58.com\/task.php?m=minute5|runt&a=run&runid=4","type":"i5","time":"00","adminid":1,"atype":"runurl","urllu":"minute5,run","runtimes":"2020-08-23 22:40:00","runtime":1598193600},{"id":"4","url":"https:\/\/sz.ybz58.com\/task.php?m=minute5|runt&a=run&runid=4","type":"i5","time":"00","adminid":1,"atype":"runurl","urllu":"minute5,run","runtimes":"2020-08-23 22:45:00","runtime":1598193900},{"id":"4","url":"https:\/\/sz.ybz58.com\/task.php?m=minute5|runt&a=run&runid=4","type":"i5","time":"00","adminid":1,"atype":"runurl","urllu":"minute5,run","runtimes":"2020-08-23 22:50:00","runtime":1598194200},{"id":"4","url":"https:\/\/sz.ybz58.com\/task.php?m=minute5|runt&a=run&runid=4","type":"i5","time":"00","adminid":1,"atype":"runurl","urllu":"minute5,run","runtimes":"2020-08-23 22:55:00","runtime":1598194500},{"id":"4","url":"https:\/\/sz.ybz58.com\/task.php?m=minute5|runt&a=run&runid=4","type":"i5","time":"00","adminid":1,"atype":"runurl","urllu":"minute5,run","runtimes":"2020-08-23 23:00:00","runtime":1598194800},{"id":"4","url":"https:\/\/sz.ybz58.com\/task.php?m=minute5|runt&a=run&runid=4","type":"i5","time":"00","adminid":1,"atype":"runurl","urllu":"minute5,run","runtimes":"2020-08-23 23:05:00","runtime":1598195100},{"id":"4","url":"https:\/\/sz.ybz58.com\/task.php?m=minute5|runt&a=run&runid=4","type":"i5","time":"00","adminid":1,"atype":"runurl","urllu":"minute5,run","runtimes":"2020-08-23 23:10:00","runtime":1598195400},{"id":"4","url":"https:\/\/sz.ybz58.com\/task.php?m=minute5|runt&a=run&runid=4","type":"i5","time":"00","adminid":1,"atype":"runurl","urllu":"minute5,run","runtimes":"2020-08-23 23:15:00","runtime":1598195700},{"id":"4","url":"https:\/\/sz.ybz58.com\/task.php?m=minute5|runt&a=run&runid=4","type":"i5","time":"00","adminid":1,"atype":"runurl","urllu":"minute5,run","runtimes":"2020-08-23 23:20:00","runtime":1598196000},{"id":"4","url":"https:\/\/sz.ybz58.com\/task.php?m=minute5|runt&a=run&runid=4","type":"i5","time":"00","adminid":1,"atype":"runurl","urllu":"minute5,run","runtimes":"2020-08-23 23:25:00","runtime":1598196300},{"id":"4","url":"https:\/\/sz.ybz58.com\/task.php?m=minute5|runt&a=run&runid=4","type":"i5","time":"00","adminid":1,"atype":"runurl","urllu":"minute5,run","runtimes":"2020-08-23 23:30:00","runtime":1598196600},{"id":"4","url":"https:\/\/sz.ybz58.com\/task.php?m=minute5|runt&a=run&runid=4","type":"i5","time":"00","adminid":1,"atype":"runurl","urllu":"minute5,run","runtimes":"2020-08-23 23:35:00","runtime":1598196900},{"id":"4","url":"https:\/\/sz.ybz58.com\/task.php?m=minute5|runt&a=run&runid=4","type":"i5","time":"00","adminid":1,"atype":"runurl","urllu":"minute5,run","runtimes":"2020-08-23 23:40:00","runtime":1598197200},{"id":"4","url":"https:\/\/sz.ybz58.com\/task.php?m=minute5|runt&a=run&runid=4","type":"i5","time":"00","adminid":1,"atype":"runurl","urllu":"minute5,run","runtimes":"2020-08-23 23:45:00","runtime":1598197500},{"id":"4","url":"https:\/\/sz.ybz58.com\/task.php?m=minute5|runt&a=run&runid=4","type":"i5","time":"00","adminid":1,"atype":"runurl","urllu":"minute5,run","runtimes":"2020-08-23 23:50:00","runtime":1598197800},{"id":"4","url":"https:\/\/sz.ybz58.com\/task.php?m=minute5|runt&a=run&runid=4","type":"i5","time":"00","adminid":1,"atype":"runurl","urllu":"minute5,run","runtimes":"2020-08-23 23:55:00","runtime":1598198100},{"id":"16","url":"https:\/\/sz.ybz58.com\/task.php?m=sys|runt&a=clear&runid=16","type":"w7","time":"23:55:00","adminid":1,"atype":"runurl","urllu":"sys,clear","runtimes":"2020-08-23 23:55:00","runtime":1598198100}]